id_transacao,id_conta,data_e_hora,tipo_transacao,valor,canal,descricao
TRX001982,CT-00883,2026-06-18 10:29:00,doc,1360.9,agencia,PAG*MERCADOLIVRE
TRX001610,CT-00763,2026-01-18 00:00:00,ted,11721.33,app,AMAZON MKTPLACE
TRX001847,CT-00746,2025-12-15 00:00:00,saque,-660.56,app,TARIFA PACOTE SERVICOS
TRX000275,CT-00933,2026-01-03 00:00:00,pagamento,37.87,agencia,IFOOD *IFOOD
TRX001131,CT-00865,2026-07-29 06:24:00,saque,273.08,agencia,FARMACIA SAO JOAO
TRX001595,CT-00525,2026-08-06 12:25:00,ted,905.71,,UBER *TRIP
TRX000546,CT-00215,2026-04-11 00:00:00,débitocartão,413.35,agencia,PAG*MERCADOLIVRE
TRX001194,CT-00678,2026-03-15 04:18:00,compradébito,218.84,,PADARIA DO ZE
TRX000596,CT-00301,2026-06-09 00:00:00,deposito,88.08,agencia,RENDIMENTO POUPANCA
TRX001069,CT-00316,2026-06-28 00:00:00,debitocartao,12056.09,,PAG*MERCADOLIVRE
TRX000012,CT-00485,2026-05-22 00:00:00,pix,846.88,app,UBER *TRIP
TRX000076,CT-00128,2025-09-24 13:53:00,boleto,-253.94,caixaeletronico,PADARIA DO ZE
TRX000821,CT-00946,2025-08-19 23:21:00,boleto,286.72,,PADARIA DO ZE
TRX000360,CT-00341,2025-09-14 08:29:00,saque,10.63,app,PADARIA DO ZE
TRX001874,CT-00118,2025-12-02 00:00:00,boleto,234.28,agencia,TARIFA PACOTE SERVICOS
TRX001881,CT-00841,2025-09-25 00:00:00,boleto,,aplicativo,AMAZON MKTPLACE
TRX000360,CT-00341,2025-09-14 08:29:00,saque,10.63,app,PADARIA DO ZE
TRX000522,CT-00279,2025-12-12 00:00:00,boleto,6377.57,app,PAG*MERCADOLIVRE
TRX001969,CT-00032,2025-03-11 23:57:00,boleto,93.81,atm,TARIFA PACOTE SERVICOS
TRX001164,CT-00201,2026-05-27 16:04:00,boleto,1376.49,caixaeletronico,FOLHA PAGAMENTO
TRX000474,CT-00829,2025-12-06 04:59:00,pix,-1363.15,caixaeletronico,TARIFA PACOTE SERVICOS
TRX001621,CT-00872,2026-04-15 00:00:00,boleto,-113.8,ib,RENDIMENTO POUPANCA
TRX000324,CT-00518,2025-11-06 23:06:00,ted,14149.13,app,PADARIA DO ZE
TRX000210,CT-00330,2026-07-14 19:06:00,compradébito,41.77,aplicativo,PIX QR CODE
TRX000274,CT-00758,2025-07-11 00:00:00,débitocartão,245.97,atm,TARIFA PACOTE SERVICOS
TRX000989,CT-00723,2025-11-03 16:40:00,pix,1876.54,app,PAG*MERCADOLIVRE
TRX000356,CT-00079,2026-01-04 00:00:00,pagto,155.69,,TARIFA PACOTE SERVICOS
TRX001623,CT-00595,2026-04-05 23:27:00,saque,206.87,,SUPERMERCADO BOM PRECO
TRX001252,CT-00453,2026-02-24 10:14:00,depósito,23.62,internetbanking,POSTO SHELL BR
TRX002055,CT-00455,2026-02-01 23:51:00,ted,44.5,internetbanking,RENDIMENTO POUPANCA
TRX001893,CT-00726,2026-07-18 00:00:00,boleto,282.94,caixaeletrônico,UBER *TRIP
TRX000517,CT-00699,2026-09-02 23:20:00,pix,18.11,app,IFOOD *IFOOD
TRX001387,CT-00497,2026-06-24 17:38:00,débitocartão,816.4,caixaeletronico,IFOOD *IFOOD
TRX000393,CT-00245,2026-01-06 00:00:00,boleto,12275.67,agência,TARIFA PACOTE SERVICOS
TRX001935,CT-00003,2026-01-31 20:58:00,deposito,99.78,agencia,PIX QR CODE
TRX001157,CT-00450,2025-01-09 19:33:00,pagamento,197.88,caixaeletronico,PIX QR CODE
TRX001567,CT-00947,2026-01-28 00:00:00,ted,154.98,agencia,AMAZON MKTPLACE
TRX000226,CT-00803,2025-01-08 00:00:00,pagamento,,,IFOOD *IFOOD
TRX000697,CT-00496,2025-10-10 00:00:00,deposito,152.85,app,RENDIMENTO POUPANCA
TRX000498,CT-00173,2026-05-23 08:50:00,saque,-114.98,agencia,IFOOD *IFOOD
TRX000794,CT-00788,2026-10-07 03:27:00,saque,270.58,app,RENDIMENTO POUPANCA
TRX000743,CT-00812,2026-07-07 00:00:00,ted,408.06,aplicativo,UBER *TRIP
TRX000351,CT-00538,2026-04-13 00:00:00,pagto,14781.39,app,FOLHA PAGAMENTO
TRX000114,CT-00531,2026-07-04 06:05:00,deposito,3395.6,,TARIFA PACOTE SERVICOS
TRX000079,CT-00732,2025-12-14 00:00:00,boleto,150.36,agencia,IFOOD *IFOOD
TRX001420,CT-00116,2025-12-14 00:00:00,doc,5848.44,internetbanking,IFOOD *IFOOD
TRX001468,CT-00570,2025-02-12 20:08:00,boleto,14746.09,atm,NETFLIX.COM
TRX000709,CT-00434,2026-03-01 00:00:00,deposito,170.8,agencia,POSTO SHELL BR
TRX001479,CT-00053,2026-05-02 00:00:00,depósito,787.63,agência,FOLHA PAGAMENTO
TRX001613,CT-00385,2026-10-08 00:00:00,pix,48.26,agencia,AMAZON MKTPLACE
TRX000459,CT-00700,2026-10-05 10:40:00,debitocartao,319.34,agencia,TRANSF ENTRE CONTAS
TRX001825,CT-00628,2026-06-15 04:16:00,ted,15.65,internetbanking,TRANSF ENTRE CONTAS
TRX001695,CT-00782,2025-09-13 07:45:00,pix,14.95,agência,
TRX001250,CT-00730,2026-01-31 00:00:00,saque,248.71,aplicativo,FOLHA PAGAMENTO
TRX000873,CT-00481,2026-08-02 00:00:00,pix,-120.13,internetbanking,PIX QR CODE
TRX001321,CT-00493,2026-04-28 14:07:00,doc,-3807.56,agencia,FOLHA PAGAMENTO
TRX000974,CT-00344,2025-12-21 20:21:00,deposito,201.82,app,TARIFA PACOTE SERVICOS
TRX000424,CT-00558,2025-12-21 00:00:00,boleto,504.92,atm,SUPERMERCADO BOM PRECO
TRX001837,CT-00858,2026-03-15 00:00:00,pix,-29548.0,internetbanking,RENDIMENTO POUPANCA
TRX000871,CT-00571,2026-04-22 00:00:00,pix,223.02,app,NETFLIX.COM
TRX000287,CT-00575,2025-08-15 00:00:00,boleto,67.57,app,PAG*MERCADOLIVRE
TRX001795,CT-00183,2025-08-09 07:46:00,debitocartao,254.6,app,IFOOD *IFOOD
TRX000244,CT-00720,2025-11-13 00:00:00,pix,-262.29,app,TRANSF ENTRE CONTAS
TRX001540,CT-00285,2026-01-19 00:00:00,saque,97.93,agencia,PAG*MERCADOLIVRE
TRX001665,CT-00752,2026-01-11 00:00:00,ted,122.09,app,SUPERMERCADO BOM PRECO
TRX001409,CT-00286,2026-12-06 00:00:00,deposito,128.39,agência,
TRX000532,CT-00043,2026-04-27 21:19:00,debitocartao,1725.97,app,PIX QR CODE
TRX000852,CT-00101,2026-01-19 21:05:00,compradébito,274.26,app,UBER *TRIP
TRX000201,CT-00194,2026-05-02 00:00:00,pagamento,646.2,app,PIX QR CODE
TRX001782,CT-00752,2025-11-23 00:00:00,boleto,1166.49,app,SUPERMERCADO BOM PRECO
TRX000874,CT-00462,2025-08-11 08:42:00,pagto,700.53,agência,PAG*MERCADOLIVRE
TRX000824,CT-00829,2026-03-02 04:10:00,boleto,21293.06,aplicativo,PIX QR CODE
TRX001032,CT-00130,2025-08-20 00:00:00,ted,262.1,agência,POSTO SHELL BR
TRX001704,CT-00892,2026-05-21 00:00:00,pix,29.47,agência,FARMACIA SAO JOAO
TRX001857,CT-00934,2025-10-13 18:19:00,pix,-248.97,app,
TRX000803,CT-00093,2025-09-17 17:24:00,depósito,9324.62,agência,PIX QR CODE
TRX002012,CT-00366,2025-09-21 00:00:00,pagto,210.63,app,FOLHA PAGAMENTO
TRX001990,CT-00042,2025-07-12 17:55:00,débitocartão,42.73,caixaeletronico,
TRX001536,CT-00018,2026-12-06 15:13:00,pix,1390.14,ib,AMAZON MKTPLACE
TRX000085,CT-00407,2025-10-09 00:00:00,pix,-26.6,app,RENDIMENTO POUPANCA
TRX002007,CT-00588,2026-11-06 00:00:00,débitocartão,11357.75,app,FARMACIA SAO JOAO
TRX000222,CT-00119,2025-12-02 08:45:00,pix,-98.5,app,TARIFA PACOTE SERVICOS
TRX000583,CT-00772,2025-11-16 00:00:00,ted,66.88,atm,PIX QR CODE
TRX001049,CT-00947,2025-08-27 00:32:00,compradébito,263.18,ib,POSTO SHELL BR
TRX000683,CT-00248,2025-09-13 00:00:00,deposito,1997.66,caixaeletrônico,TARIFA PACOTE SERVICOS
TRX000741,CT-00543,2025-04-09 00:00:00,pix,553.61,internetbanking,RENDIMENTO POUPANCA
TRX000416,CT-00707,2026-06-13 00:03:00,deposito,291.6,app,PIX QR CODE
TRX000837,CT-00106,2025-09-26 00:00:00,pix,-120.94,caixaeletronico,POSTO SHELL BR
TRX001516,CT-00554,2026-09-03 00:00:00,boleto,901.43,,FARMACIA SAO JOAO
TRX000130,CT-00383,2026-07-31 00:00:00,saque,-4898.42,agencia,AMAZON MKTPLACE
TRX000822,CT-00270,2025-12-21 00:00:00,compradébito,-340.73,app,SUPERMERCADO BOM PRECO
TRX001752,CT-00600,2025-10-19 00:00:00,pix,178.04,,UBER *TRIP
TRX001801,CT-00440,2026-02-25 00:00:00,pix,296.65,agencia,PIX QR CODE
TRX001460,CT-00430,2025-11-15 02:31:00,saque,-165.35,app,
TRX001217,CT-00138,2026-01-02 00:00:00,débitocartão,-94.19,internetbanking,TARIFA PACOTE SERVICOS
TRX000342,CT-00082,2026-07-08 00:00:00,doc,1695.63,internetbanking,PADARIA DO ZE
TRX001085,CT-00805,2026-03-18 00:00:00,débitocartão,2204.28,ib,SUPERMERCADO BOM PRECO
TRX000080,CT-00121,2025-10-29 00:00:00,doc,-77.31,atm,TRANSF ENTRE CONTAS
TRX001094,CT-01028,2025-11-03 00:00:00,depósito,13260.04,ib,UBER *TRIP
TRX001720,CT-00235,2025-08-14 04:59:00,deposito,172.88,ib,POSTO SHELL BR
TRX002057,CT-00188,2025-08-03 00:00:00,boleto,114.46,agência,TRANSF ENTRE CONTAS
TRX000340,CT-00232,2025-12-12 00:00:00,pix,88.92,app,FOLHA PAGAMENTO
TRX000838,CT-00140,2026-04-21 00:00:00,saque,262.31,app,AMAZON MKTPLACE
TRX001626,CT-00793,2025-08-13 00:00:00,pagamento,984.54,agência,SUPERMERCADO BOM PRECO
TRX001040,CT-00766,2026-02-15 00:00:00,ted,114.21,aplicativo,SUPERMERCADO BOM PRECO
TRX000266,CT-00822,2026-05-12 00:00:00,ted,8851.38,internetbanking,SUPERMERCADO BOM PRECO
TRX000916,CT-00243,2026-08-02 00:00:00,saque,-282.55,ib,FARMACIA SAO JOAO
TRX000095,CT-00721,2025-02-12 00:00:00,doc,187.88,app,PAG*MERCADOLIVRE
TRX000763,CT-00811,2026-02-04 00:02:00,saque,194.74,aplicativo,FARMACIA SAO JOAO
TRX001659,CT-00020,2026-04-13 00:00:00,compradébito,121.0,app,IFOOD *IFOOD
TRX000702,CT-00681,2026-07-06 13:55:00,compradébito,573.2,caixaeletrônico,TARIFA PACOTE SERVICOS
TRX001500,CT-00502,2026-02-25 00:00:00,deposito,41.19,agencia,SUPERMERCADO BOM PRECO
TRX000374,CT-00330,2025-12-21 18:23:00,saque,58.84,agencia,
TRX000139,CT-00444,2026-07-13 05:04:00,compradébito,234.77,ib,TARIFA PACOTE SERVICOS
TRX000212,CT-00898,2026-03-21 00:00:00,pagamento,264.23,caixaeletronico,IFOOD *IFOOD
TRX001930,CT-00247,2025-09-21 00:39:00,compradébito,-6649.34,ib,FARMACIA SAO JOAO
TRX000988,CT-00710,2026-08-15 00:00:00,doc,241.52,agência,AMAZON MKTPLACE
TRX000024,CT-00502,2025-10-28 16:09:00,pix,-1612.2,app,
TRX001036,CT-00564,2026-03-26 02:22:00,boleto,178.93,,NETFLIX.COM
TRX001494,CT-00262,2025-08-29 00:00:00,saque,287.48,caixaeletrônico,TARIFA PACOTE SERVICOS
TRX000568,CT-00100,2026-09-07 00:00:00,deposito,58105.68,internetbanking,RENDIMENTO POUPANCA
TRX000185,CT-00354,2026-05-23 23:11:00,compradébito,132.14,aplicativo,PADARIA DO ZE
TRX001797,CT-00599,2025-06-08 20:23:00,débitocartão,619.98,agencia,SUPERMERCADO BOM PRECO
TRX000293,CT-00537,2026-02-26 00:00:00,debitocartao,163.38,internetbanking,RENDIMENTO POUPANCA
TRX000753,CT-00562,2026-01-29 19:54:00,deposito,540.92,app,FOLHA PAGAMENTO
TRX000870,CT-00365,2026-01-26 00:00:00,ted,-7592.23,,IFOOD *IFOOD
TRX000038,CT-00150,2025-08-27 07:38:00,debitocartao,0.0,ib,FOLHA PAGAMENTO
TRX001420,CT-00116,2025-12-14 00:00:00,doc,5848.44,internetbanking,IFOOD *IFOOD
TRX001288,CT-00695,2026-04-16 03:25:00,boleto,75156.79,app,AMAZON MKTPLACE
TRX000077,CT-00287,2026-01-01 22:37:00,debitocartao,-1803.51,agencia,NETFLIX.COM
TRX001227,CT-00426,2026-06-21 05:54:00,saque,9908.32,agencia,POSTO SHELL BR
TRX001970,CT-00513,2026-04-30 07:52:00,débitocartão,26.03,internetbanking,NETFLIX.COM
TRX001310,CT-00696,2026-05-27 00:00:00,saque,647.62,agencia,TARIFA PACOTE SERVICOS
TRX000508,CT-00520,2026-05-01 00:00:00,boleto,202.6,caixaeletronico,AMAZON MKTPLACE
TRX001663,CT-00552,2025-02-09 20:00:00,pagamento,128.33,app,RENDIMENTO POUPANCA
TRX001767,CT-00997,2025-11-28 00:00:00,saque,1291.73,caixaeletrônico,NETFLIX.COM
TRX001284,CT-00706,2026-06-30 00:00:00,pix,-505.17,app,PAG*MERCADOLIVRE
TRX001206,CT-00817,2026-05-01 21:26:00,boleto,661.82,atm,IFOOD *IFOOD
TRX001450,CT-00134,2026-03-20 00:00:00,doc,1978.69,internetbanking,RENDIMENTO POUPANCA
TRX001066,CT-00200,2025-09-25 11:07:00,ted,1301.34,agência,UBER *TRIP
TRX001641,CT-00741,2026-01-27 00:47:00,débitocartão,-1522.34,internetbanking,UBER *TRIP
TRX001673,CT-00324,2026-09-07 00:00:00,pix,8.66,aplicativo,IFOOD *IFOOD
TRX001019,CT-00349,2026-03-03 00:00:00,saque,1548.55,agencia,AMAZON MKTPLACE
TRX002017,CT-00182,2026-01-16 09:59:00,pagto,657.73,agência,TRANSF ENTRE CONTAS
TRX000074,CT-00161,2026-04-26 00:00:00,ted,4036.86,agencia,TARIFA PACOTE SERVICOS
TRX001277,CT-00122,2025-05-08 00:00:00,saque,-219.01,app,RENDIMENTO POUPANCA
TRX002001,CT-00116,2026-02-08 00:10:00,boleto,,caixaeletronico,UBER *TRIP
TRX001282,CT-00501,2025-10-10 00:00:00,boleto,472.3,aplicativo,RENDIMENTO POUPANCA
TRX001446,CT-00070,2025-10-28 00:00:00,pix,188.99,ib,UBER *TRIP
TRX000473,CT-00590,2026-03-04 10:45:00,pagamento,10793.0,agencia,PADARIA DO ZE
TRX002083,CT-00732,2025-05-12 04:19:00,pagto,-28.6,app,NETFLIX.COM
TRX000560,CT-00555,2026-01-01 00:00:00,deposito,66.65,app,TARIFA PACOTE SERVICOS
TRX001634,CT-00780,2025-01-09 00:00:00,depósito,1776.32,agência,
TRX001836,CT-00625,2025-11-01 00:00:00,deposito,12973.49,app,PIX QR CODE
TRX002073,CT-00209,2026-07-07 00:00:00,debitocartao,138.47,caixaeletrônico,TRANSF ENTRE CONTAS
TRX002097,CT-00600,2026-03-08 16:08:00,doc,459.7,internetbanking,TRANSF ENTRE CONTAS
TRX000068,CT-00410,2025-11-19 00:00:00,débitocartão,0.0,caixaeletronico,PADARIA DO ZE
TRX002047,CT-00834,2025-04-10 00:00:00,saque,-939.07,agencia,NETFLIX.COM
TRX001661,CT-00513,2026-02-19 00:00:00,ted,110.23,atm,AMAZON MKTPLACE
TRX001690,CT-00153,2025-09-11 22:56:00,ted,100.69,app,UBER *TRIP
TRX001268,CT-00855,2025-08-15 00:00:00,depósito,26861.18,aplicativo,PAG*MERCADOLIVRE
TRX001504,CT-00919,2026-10-08 00:00:00,debitocartao,-9367.92,ib,TARIFA PACOTE SERVICOS
TRX000793,CT-00686,2025-10-29 00:00:00,ted,176.74,app,PADARIA DO ZE
TRX000320,CT-00361,2026-03-03 00:00:00,pagto,,internetbanking,FOLHA PAGAMENTO
TRX001207,CT-00029,2025-07-09 00:00:00,boleto,30.66,agencia,PIX QR CODE
TRX001688,CT-00001,2026-06-01 10:03:00,pix,1321.29,caixaeletrônico,POSTO SHELL BR
TRX000253,CT-00180,2025-11-16 13:14:00,depósito,127.25,agencia,IFOOD *IFOOD
TRX000227,CT-00016,2025-11-18 04:42:00,saque,6653.33,,POSTO SHELL BR
TRX000177,CT-01000,2026-10-05 00:00:00,ted,118.83,app,FARMACIA SAO JOAO
TRX000825,CT-00409,2026-07-25 12:23:00,débitocartão,291.29,,AMAZON MKTPLACE
TRX001222,CT-00296,2025-08-23 00:00:00,pix,60295.61,app,FARMACIA SAO JOAO
TRX001033,CT-00903,2026-08-02 00:00:00,pix,-194.62,internetbanking,PADARIA DO ZE
TRX001506,CT-00665,2026-01-25 17:32:00,pix,30.6,,RENDIMENTO POUPANCA
TRX000184,CT-00165,2026-04-07 00:00:00,depósito,4833.0,app,RENDIMENTO POUPANCA
TRX001084,CT-00959,2026-07-14 00:00:00,debitocartao,257.57,internetbanking,NETFLIX.COM
TRX000837,CT-00106,2025-09-26 00:00:00,pix,-120.94,caixaeletronico,POSTO SHELL BR
TRX000052,CT-00956,2026-07-27 07:51:00,saque,56.45,app,NETFLIX.COM
TRX000882,CT-00225,2026-02-25 00:00:00,deposito,8132.38,ib,SUPERMERCADO BOM PRECO
TRX001037,CT-00899,2025-12-28 00:00:00,debitocartao,57.16,agencia,FOLHA PAGAMENTO
TRX001354,CT-00690,2026-04-10 23:41:00,pix,22779.87,atm,SUPERMERCADO BOM PRECO
TRX000656,CT-00542,2025-09-28 15:04:00,pix,2508.19,app,SUPERMERCADO BOM PRECO
TRX001102,CT-00038,2025-12-10 00:00:00,deposito,1964.99,internetbanking,RENDIMENTO POUPANCA
TRX001541,CT-00363,2026-02-03 04:00:00,boleto,-27356.94,agencia,TRANSF ENTRE CONTAS
TRX000889,CT-00363,2025-06-08 16:34:00,pix,270.03,caixaeletronico,FOLHA PAGAMENTO
TRX000748,CT-00708,2026-12-06 08:50:00,deposito,116.14,internetbanking,AMAZON MKTPLACE
TRX001788,CT-00174,2025-04-09 00:00:00,depósito,1575.07,agencia,PIX QR CODE
TRX002036,CT-00952,2025-11-25 00:00:00,deposito,252.61,app,NETFLIX.COM
TRX000708,CT-00599,2026-05-25 00:00:00,saque,94.91,agência,TRANSF ENTRE CONTAS
TRX000250,CT-00586,2026-05-13 00:00:00,débitocartão,-5669.73,app,FARMACIA SAO JOAO
TRX000259,CT-00993,2025-09-10 00:00:00,compradébito,-144.92,app,SUPERMERCADO BOM PRECO
TRX000515,CT-00303,2026-03-22 00:00:00,pagto,280.48,app,IFOOD *IFOOD
TRX001298,CT-00678,2025-08-18 00:00:00,debitocartao,190.32,caixaeletronico,POSTO SHELL BR
TRX001186,CT-00370,2025-08-17 00:00:00,ted,-4199.88,caixaeletronico,UBER *TRIP
TRX000176,CT-00648,2025-10-23 00:00:00,pagamento,279.88,atm,PADARIA DO ZE
TRX000729,CT-00085,2026-02-04 17:28:00,pagamento,182.22,agencia,POSTO SHELL BR
TRX000872,CT-00466,2026-06-17 10:11:00,pix,-6336.44,app,FOLHA PAGAMENTO
TRX001952,CT-00251,2026-01-14 00:00:00,débitocartão,15.9,agencia,TRANSF ENTRE CONTAS
TRX001907,CT-00558,2025-10-26 05:15:00,pix,198.82,ib,UBER *TRIP
TRX001833,CT-00004,2026-05-25 09:03:00,saque,1930.68,atm,UBER *TRIP
TRX002018,CT-00974,2025-04-12 21:18:00,ted,270.08,caixaeletrônico,
TRX000509,CT-00373,2026-06-16 01:52:00,deposito,49.35,agencia,PIX QR CODE
TRX001467,CT-00723,2025-09-27 00:00:00,depósito,298.5,caixaeletronico,RENDIMENTO POUPANCA
TRX001451,CT-00054,2025-12-04 00:00:00,saque,29.51,caixaeletronico,UBER *TRIP
TRX000082,CT-00664,2026-05-16 00:00:00,saque,1816.79,aplicativo,FOLHA PAGAMENTO
TRX001986,CT-00234,2026-05-08 14:01:00,boleto,226.43,app,TRANSF ENTRE CONTAS
TRX002031,CT-00024,2025-10-01 00:00:00,boleto,1331.78,internetbanking,
TRX001473,CT-00133,2026-03-20 22:11:00,doc,,agencia,POSTO SHELL BR
TRX000644,CT-00523,2026-06-25 15:30:00,ted,-73.27,,RENDIMENTO POUPANCA
TRX001818,CT-00526,2025-10-27 00:00:00,depósito,14609.5,agencia,PAG*MERCADOLIVRE
TRX000861,CT-00570,2026-07-06 00:00:00,ted,-57.17,caixaeletronico,PIX QR CODE
TRX000078,CT-00460,2026-06-09 00:00:00,deposito,228.5,caixaeletrônico,PAG*MERCADOLIVRE
TRX001691,CT-00224,2026-01-23 09:12:00,deposito,166.98,agencia,UBER *TRIP
TRX001702,CT-00605,2025-10-31 20:25:00,saque,-178.16,internetbanking,TRANSF ENTRE CONTAS
TRX001861,CT-00906,2025-08-29 13:23:00,pagamento,1355.51,,PADARIA DO ZE
TRX001449,CT-00243,2026-07-08 00:00:00,deposito,116.1,app,FOLHA PAGAMENTO
TRX000779,CT-00283,2025-10-19 08:22:00,pagto,57.34,agência,PADARIA DO ZE
TRX001489,CT-00737,2026-04-29 00:00:00,boleto,1503.85,internetbanking,
TRX000002,CT-00121,2025-10-30 00:00:00,saque,272.3,agencia,
TRX001150,CT-00669,2025-08-20 07:30:00,deposito,0.0,aplicativo,
TRX001855,CT-00227,2026-01-27 01:33:00,pix,0.0,atm,PIX QR CODE
TRX000144,CT-00880,2025-12-26 00:00:00,pix,89.65,app,TRANSF ENTRE CONTAS
TRX000675,CT-01024,2025-11-14 14:28:00,saque,8930.87,app,POSTO SHELL BR
TRX000842,CT-00985,2026-08-15 00:00:00,saque,297.21,agência,UBER *TRIP
TRX001806,CT-00430,2026-07-30 00:00:00,pagto,,caixaeletronico,
TRX000502,CT-00551,2026-07-06 16:40:00,pagto,-71.06,agencia,TRANSF ENTRE CONTAS
TRX000679,CT-00399,2025-08-08 00:00:00,debitocartao,2045.92,agencia,UBER *TRIP
TRX000168,CT-00393,2026-08-09 00:00:00,deposito,0.0,internetbanking,TARIFA PACOTE SERVICOS
TRX000721,CT-00742,2025-03-10 03:09:00,pagamento,66428.64,aplicativo,PAG*MERCADOLIVRE
TRX000376,CT-00731,2025-12-25 09:33:00,débitocartão,5.16,agência,TARIFA PACOTE SERVICOS
TRX001844,CT-00440,2026-06-24 16:53:00,saque,1016.74,ib,FOLHA PAGAMENTO
TRX000706,CT-00379,2026-06-15 09:47:00,pix,1138.76,caixaeletrônico,IFOOD *IFOOD
TRX001831,CT-00600,2026-05-04 21:14:00,debitocartao,,internetbanking,AMAZON MKTPLACE
TRX001289,CT-00028,2026-07-10 22:07:00,pix,-21733.61,app,FARMACIA SAO JOAO
TRX001522,CT-00191,2026-06-19 00:00:00,boleto,1971.34,internetbanking,NETFLIX.COM
TRX000562,CT-00955,2026-03-06 00:00:00,debitocartao,-1802.53,caixaeletrônico,FARMACIA SAO JOAO
TRX001332,CT-00125,2026-05-14 00:00:00,saque,212.1,app,TRANSF ENTRE CONTAS
TRX001654,CT-00776,2025-09-10 00:55:00,pix,-47.92,aplicativo,TARIFA PACOTE SERVICOS
TRX000539,CT-00793,2026-02-26 10:01:00,compradébito,6055.53,agencia,NETFLIX.COM
TRX001088,CT-00720,2026-09-06 00:00:00,depósito,6619.72,internetbanking,PIX QR CODE
TRX000875,CT-00709,2026-01-16 08:40:00,saque,144.46,app,PADARIA DO ZE
TRX001954,CT-00226,2026-03-31 02:09:00,deposito,106.74,internetbanking,UBER *TRIP
TRX000183,CT-00817,2026-01-06 20:25:00,deposito,44.17,app,SUPERMERCADO BOM PRECO
TRX000610,CT-01018,2025-11-21 00:00:00,ted,1639.96,internetbanking,PADARIA DO ZE
TRX001280,CT-00170,2026-06-10 00:00:00,boleto,0.0,caixaeletrônico,POSTO SHELL BR
TRX000269,CT-00642,2025-02-11 00:00:00,pagto,160.31,app,POSTO SHELL BR
TRX000704,CT-00071,2025-12-23 20:09:00,saque,1248.13,agencia,IFOOD *IFOOD
TRX000849,CT-00436,2026-08-03 14:22:00,boleto,272.72,app,FOLHA PAGAMENTO
TRX000966,CT-00589,2025-08-08 00:00:00,ted,-2789.6,agencia,AMAZON MKTPLACE
TRX001320,CT-00308,2026-03-14 00:00:00,ted,1726.47,caixaeletrônico,FARMACIA SAO JOAO
TRX001732,CT-00413,2026-03-14 00:00:00,doc,373.49,app,
TRX000945,CT-00192,2026-05-18 00:00:00,debitocartao,1213.72,internetbanking,TARIFA PACOTE SERVICOS
TRX001517,CT-00367,2025-09-15 11:58:00,pix,7.43,app,PAG*MERCADOLIVRE
TRX000591,CT-00731,2026-07-19 05:14:00,pix,204.58,app,FARMACIA SAO JOAO
TRX000190,CT-00666,2025-11-08 19:06:00,boleto,201.91,agência,NETFLIX.COM
TRX000538,CT-00637,2026-04-19 00:00:00,boleto,415.32,app,
TRX000166,CT-00827,2026-04-29 04:34:00,deposito,153.23,internetbanking,
TRX000122,CT-00636,2025-11-29 12:28:00,pix,283.57,,RENDIMENTO POUPANCA
TRX002060,CT-00670,2025-07-11 00:00:00,saque,1202.82,app,IFOOD *IFOOD
TRX002030,CT-00871,2025-11-09 08:29:00,ted,5857.92,caixaeletronico,POSTO SHELL BR
TRX000453,CT-00877,2026-03-18 22:18:00,pagto,235.0,app,POSTO SHELL BR
TRX000621,CT-00100,2026-09-04 00:00:00,saque,436.31,app,
TRX000066,CT-00606,2026-06-13 00:00:00,pix,83.52,agencia,AMAZON MKTPLACE
TRX001430,CT-00267,2026-07-14 00:00:00,ted,10512.54,caixaeletronico,FOLHA PAGAMENTO
TRX001725,CT-00647,2026-03-13 17:05:00,deposito,932.41,aplicativo,FOLHA PAGAMENTO
TRX002039,CT-00711,2025-12-08 08:45:00,ted,-111.71,app,FARMACIA SAO JOAO
TRX000921,CT-00022,2026-04-17 00:00:00,deposito,1759.31,agência,TRANSF ENTRE CONTAS
TRX001138,CT-00128,2026-07-24 22:06:00,pagamento,148.36,agencia,TARIFA PACOTE SERVICOS
TRX000667,CT-00635,2026-06-11 00:00:00,saque,359.29,app,FOLHA PAGAMENTO
TRX001851,CT-00884,2025-01-09 06:48:00,pix,252.64,app,UBER *TRIP
TRX000888,CT-00690,2025-09-14 23:43:00,pix,-3740.35,caixaeletrônico,PADARIA DO ZE
TRX000643,CT-00639,2025-10-12 00:00:00,pix,115.67,app,FARMACIA SAO JOAO
TRX000435,CT-00418,2026-08-05 22:26:00,deposito,2593.16,internetbanking,SUPERMERCADO BOM PRECO
TRX000425,CT-00538,2025-09-30 19:47:00,saque,1430.25,ib,UBER *TRIP
TRX001932,CT-00341,2025-04-08 00:00:00,deposito,67.78,ib,UBER *TRIP
TRX001499,CT-00689,2025-09-29 00:00:00,pagto,1841.67,,PADARIA DO ZE
TRX001548,CT-00118,2025-10-20 00:00:00,ted,115.19,agência,PADARIA DO ZE
TRX000956,CT-01009,2026-07-31 00:00:00,ted,-85.87,ib,POSTO SHELL BR
TRX000476,CT-00182,2026-07-06 00:00:00,ted,526.4,aplicativo,AMAZON MKTPLACE
TRX001488,CT-00486,2025-11-17 00:00:00,pagamento,1561.13,agencia,IFOOD *IFOOD
TRX000058,CT-00626,2026-01-28 00:00:00,compradébito,292.84,aplicativo,NETFLIX.COM
TRX001899,CT-00957,2025-11-13 04:46:00,débitocartão,,internetbanking,IFOOD *IFOOD
TRX000511,CT-00206,2026-01-07 00:00:00,compradébito,-705.88,caixaeletrônico,PIX QR CODE
TRX001668,CT-00305,2026-02-21 10:11:00,deposito,218.46,app,TARIFA PACOTE SERVICOS
TRX000860,CT-00233,2026-11-08 00:00:00,pagamento,122.78,internetbanking,PADARIA DO ZE
TRX000325,CT-00520,2025-10-24 06:46:00,pagamento,623.81,aplicativo,SUPERMERCADO BOM PRECO
TRX001095,CT-00221,2025-10-09 17:46:00,deposito,248.54,,IFOOD *IFOOD
TRX000206,CT-00706,2025-11-08 17:46:00,boleto,78.42,ib,RENDIMENTO POUPANCA
TRX001034,CT-00240,2025-09-22 00:00:00,débitocartão,273.01,,RENDIMENTO POUPANCA
TRX000209,CT-00102,2025-09-28 15:06:00,deposito,515.16,agencia,RENDIMENTO POUPANCA
TRX000549,CT-00114,2025-08-10 00:00:00,saque,60.89,internetbanking,PADARIA DO ZE
TRX001686,CT-00689,2025-11-01 00:00:00,saque,0.0,app,TARIFA PACOTE SERVICOS
TRX000362,CT-00282,2025-09-11 00:00:00,pagto,,app,AMAZON MKTPLACE
TRX001397,CT-00156,2026-05-21 15:34:00,compradébito,367.4,app,
TRX002029,CT-00428,2025-10-14 00:00:00,deposito,490.74,internetbanking,PIX QR CODE
TRX000714,CT-00842,2025-11-02 13:59:00,pagto,241.2,internetbanking,PIX QR CODE
TRX001248,CT-00919,2025-09-03 11:44:00,boleto,1602.52,app,FOLHA PAGAMENTO
TRX001231,CT-00336,2026-02-26 00:00:00,boleto,136.94,app,FARMACIA SAO JOAO
TRX000619,CT-00504,2026-04-01 00:00:00,deposito,106.58,aplicativo,PAG*MERCADOLIVRE
TRX000810,CT-00942,2026-06-25 15:54:00,pagto,90.09,internetbanking,IFOOD *IFOOD
TRX001937,CT-01020,2026-07-30 01:18:00,boleto,41017.12,ib,
TRX001021,CT-00272,2025-12-10 00:00:00,compradébito,472.2,,FOLHA PAGAMENTO
TRX001509,CT-00111,2025-12-13 00:00:00,débitocartão,-5.79,app,AMAZON MKTPLACE
TRX000237,CT-00895,2026-09-06 09:24:00,debitocartao,124.84,internetbanking,RENDIMENTO POUPANCA
TRX001278,CT-00376,2026-07-08 00:00:00,ted,-273.06,app,IFOOD *IFOOD
TRX001105,CT-00433,2026-07-17 11:02:00,deposito,182.58,internetbanking,PIX QR CODE
TRX001445,CT-00826,2026-08-04 00:00:00,ted,155.64,agencia,NETFLIX.COM
TRX000347,CT-00650,2026-03-15 14:31:00,pagamento,1634.07,agencia,IFOOD *IFOOD
TRX000133,CT-00203,2025-03-09 00:00:00,pagto,280.68,app,PAG*MERCADOLIVRE
TRX001882,CT-00943,2026-05-07 00:00:00,boleto,,agência,PAG*MERCADOLIVRE
TRX001796,CT-00813,2025-12-22 00:00:00,boleto,1335.06,internetbanking,PIX QR CODE
TRX001979,CT-00591,2026-05-06 04:49:00,compradébito,-13243.49,,IFOOD *IFOOD
TRX001911,CT-00535,2025-02-09 00:00:00,doc,83.18,atm,PIX QR CODE
TRX001163,CT-00807,2026-01-25 00:00:00,ted,137.8,internetbanking,SUPERMERCADO BOM PRECO
TRX002100,CT-00944,2026-06-25 00:00:00,depósito,888.35,internetbanking,PIX QR CODE
TRX001398,CT-00268,2025-06-09 20:09:00,compradébito,9625.13,app,IFOOD *IFOOD
TRX001152,CT-00067,2025-08-23 00:00:00,pix,177.26,ib,FARMACIA SAO JOAO
TRX000028,CT-00684,2026-02-26 00:00:00,boleto,-144.53,app,UBER *TRIP
TRX001953,CT-00727,2025-12-30 15:27:00,pix,82.56,ib,UBER *TRIP
TRX001405,CT-00164,2026-06-02 00:00:00,deposito,2980.0,internetbanking,FARMACIA SAO JOAO
TRX001920,CT-00701,2025-12-16 18:40:00,compradébito,139.81,agência,AMAZON MKTPLACE
TRX001637,CT-00424,2026-05-18 13:29:00,pix,11211.61,atm,PAG*MERCADOLIVRE
TRX001892,CT-00140,2026-05-20 16:15:00,pix,1798.19,aplicativo,
TRX001482,CT-00394,2026-02-03 00:00:00,deposito,258.86,app,AMAZON MKTPLACE
TRX001228,CT-00782,2025-10-14 17:05:00,saque,1699.55,caixaeletronico,UBER *TRIP
TRX000245,CT-00554,2025-12-03 00:00:00,pagto,187.1,ib,PIX QR CODE
TRX000994,CT-00588,2025-04-08 00:00:00,saque,12516.36,agência,AMAZON MKTPLACE
TRX000514,CT-01026,2026-07-22 00:09:00,pix,1653.47,,FARMACIA SAO JOAO
TRX000526,CT-00889,2026-10-04 16:49:00,deposito,17141.94,atm,PADARIA DO ZE
TRX002099,CT-00275,2026-04-08 19:47:00,ted,-6320.93,ib,FOLHA PAGAMENTO
TRX000955,CT-00698,2025-08-29 00:00:00,pix,4859.19,agencia,SUPERMERCADO BOM PRECO
TRX001724,CT-00935,2026-06-26 08:25:00,pagto,-877.55,agencia,NETFLIX.COM
TRX001122,CT-00321,2025-10-08 00:00:00,saque,-1253.21,agência,TARIFA PACOTE SERVICOS
TRX001312,CT-00039,2025-08-23 00:00:00,pix,965.51,internetbanking,
TRX002049,CT-00338,2025-08-31 12:31:00,pagto,248.88,agência,FARMACIA SAO JOAO
TRX000964,CT-00781,2025-12-08 00:00:00,saque,-130.56,app,POSTO SHELL BR
TRX000572,CT-00581,2025-10-17 21:41:00,boleto,-6048.05,ib,TARIFA PACOTE SERVICOS
TRX000086,CT-00158,2026-02-24 00:00:00,depósito,67.5,app,NETFLIX.COM
TRX001751,CT-00843,2026-01-01 00:00:00,depósito,1908.04,agencia,POSTO SHELL BR
TRX001750,CT-00080,2025-08-15 19:39:00,débitocartão,,caixaeletronico,FARMACIA SAO JOAO
TRX001878,CT-00502,2026-07-22 00:00:00,pix,1486.14,caixaeletrônico,FOLHA PAGAMENTO
TRX001856,CT-00004,2025-12-27 16:26:00,pagamento,-1351.91,internetbanking,NETFLIX.COM
TRX001203,CT-00634,2026-08-06 15:35:00,depósito,8528.62,atm,UBER *TRIP
TRX001945,CT-00639,2026-05-15 03:04:00,doc,5165.17,agencia,AMAZON MKTPLACE
TRX001485,CT-00031,2025-12-30 00:00:00,débitocartão,1162.33,app,PADARIA DO ZE
TRX001633,CT-00847,2026-08-13 08:05:00,deposito,67150.92,internetbanking,FOLHA PAGAMENTO
TRX001051,CT-00927,2025-12-08 15:38:00,pagto,-149.63,agência,PAG*MERCADOLIVRE
TRX000633,CT-00299,2025-12-31 00:00:00,deposito,,internetbanking,TARIFA PACOTE SERVICOS
TRX000548,CT-00022,2026-07-21 00:00:00,debitocartao,280.06,aplicativo,NETFLIX.COM
TRX000391,CT-00763,2025-12-19 12:22:00,pix,-9108.63,atm,SUPERMERCADO BOM PRECO
TRX001239,CT-00365,2026-01-24 00:00:00,saque,128.47,agencia,TARIFA PACOTE SERVICOS
TRX001165,CT-00346,2025-02-10 05:54:00,saque,283.51,aplicativo,UBER *TRIP
TRX000175,CT-00891,2026-06-28 00:00:00,pagto,,aplicativo,IFOOD *IFOOD
TRX001791,CT-00291,2026-08-09 08:52:00,ted,899.49,app,IFOOD *IFOOD
TRX001145,CT-00498,2026-04-15 18:39:00,pix,-141.77,agencia,POSTO SHELL BR
TRX000626,CT-00094,2026-02-25 09:26:00,boleto,10337.56,app,TRANSF ENTRE CONTAS
TRX001015,CT-00264,2026-06-01 00:00:00,pagamento,14473.69,ib,PIX QR CODE
TRX002050,CT-00813,2026-04-01 10:23:00,depósito,,agencia,RENDIMENTO POUPANCA
TRX000273,CT-00431,2026-10-03 11:28:00,pix,825.77,internetbanking,IFOOD *IFOOD
TRX001279,CT-00772,2026-01-28 17:42:00,boleto,-74.05,caixaeletrônico,UBER *TRIP
TRX001443,CT-00834,2026-02-25 16:07:00,deposito,229.86,agência,
TRX001916,CT-00426,2025-10-12 07:20:00,depósito,471.59,agencia,PADARIA DO ZE
TRX001426,CT-00729,2026-04-23 00:00:00,boleto,6100.4,atm,PIX QR CODE
TRX001027,CT-00792,2026-12-06 14:42:00,saque,14115.36,agencia,NETFLIX.COM
TRX000698,CT-00390,2026-02-15 00:00:00,pix,1986.9,agencia,SUPERMERCADO BOM PRECO
TRX000399,CT-00895,2025-08-12 00:00:00,débitocartão,,app,IFOOD *IFOOD
TRX000051,CT-00957,2026-02-02 00:00:00,deposito,14.23,caixaeletrônico,SUPERMERCADO BOM PRECO
TRX001481,CT-00238,2026-03-06 20:24:00,deposito,5445.85,aplicativo,RENDIMENTO POUPANCA
TRX000104,CT-00992,2025-09-15 02:12:00,pagamento,995.0,caixaeletronico,
TRX000595,CT-00246,2026-02-16 12:48:00,saque,290.97,app,NETFLIX.COM
TRX001790,CT-00580,2026-07-31 00:00:00,pagamento,-667.02,agencia,TARIFA PACOTE SERVICOS
TRX000116,CT-00883,2025-10-26 00:00:00,saque,-516.82,agência,FOLHA PAGAMENTO
TRX001781,CT-00497,2026-01-03 00:00:00,pix,232.57,caixaeletronico,PADARIA DO ZE
TRX000646,CT-01032,2026-02-28 11:35:00,deposito,12.71,agencia,NETFLIX.COM
TRX000663,CT-00430,2025-08-12 00:00:00,ted,25.64,caixaeletronico,NETFLIX.COM
TRX001235,CT-00301,2026-08-11 09:49:00,pix,14786.49,internetbanking,POSTO SHELL BR
TRX001699,CT-00906,2026-07-24 21:29:00,deposito,246.27,agencia,IFOOD *IFOOD
TRX000432,CT-00420,2025-11-12 17:16:00,débitocartão,-261.21,agencia,POSTO SHELL BR
TRX001938,CT-00044,2026-04-04 00:00:00,pix,3234.34,app,
TRX001143,CT-00759,2026-08-01 00:00:00,pix,203.83,caixaeletrônico,PAG*MERCADOLIVRE
TRX000876,CT-00450,2026-06-30 00:00:00,ted,1455.26,aplicativo,UBER *TRIP
TRX001238,CT-00346,2025-11-28 00:00:00,boleto,1360.0,app,PADARIA DO ZE
TRX001193,CT-00813,2025-09-09 00:00:00,pagamento,286.16,aplicativo,
TRX000953,CT-00747,2026-02-26 00:00:00,saque,0.0,ib,AMAZON MKTPLACE
TRX001864,CT-00101,2026-02-27 00:00:00,pix,-1783.65,agencia,AMAZON MKTPLACE
TRX001495,CT-00603,2026-03-07 00:00:00,pix,360.62,internetbanking,TRANSF ENTRE CONTAS
TRX000333,CT-00629,2026-02-13 00:00:00,deposito,,app,AMAZON MKTPLACE
TRX001072,CT-00542,2026-06-30 03:58:00,pix,,agencia,TARIFA PACOTE SERVICOS
TRX001255,CT-00857,2026-05-22 00:00:00,débitocartão,-276.29,app,RENDIMENTO POUPANCA
TRX001754,CT-00933,2026-02-15 00:00:00,pagto,-152.75,agencia,SUPERMERCADO BOM PRECO
TRX001292,CT-00386,2026-01-14 00:00:00,boleto,559.4,agencia,PAG*MERCADOLIVRE
TRX002046,CT-00690,2025-06-08 00:00:00,ted,-759.99,caixaeletronico,FOLHA PAGAMENTO
TRX001664,CT-00026,2026-04-08 00:00:00,ted,1428.9,internetbanking,UBER *TRIP
TRX000840,CT-00770,2026-05-30 00:00:00,pix,-14.78,aplicativo,POSTO SHELL BR
TRX000338,CT-00520,2026-03-14 14:54:00,pix,1732.78,atm,
TRX001407,CT-00807,2026-01-24 00:00:00,ted,1624.9,ib,RENDIMENTO POUPANCA
TRX000770,CT-00299,2025-08-14 22:51:00,pix,-10.1,agência,PIX QR CODE
TRX000402,CT-00623,2026-03-14 00:00:00,depósito,135.91,agencia,UBER *TRIP
TRX000884,CT-00263,2026-03-21 00:00:00,pix,1965.3,agência,TARIFA PACOTE SERVICOS
TRX000581,CT-00813,2026-04-26 02:29:00,deposito,1973.25,app,FOLHA PAGAMENTO
TRX000949,CT-00592,2025-11-22 00:00:00,pagto,1114.55,app,SUPERMERCADO BOM PRECO
TRX001804,CT-00700,2025-10-29 00:00:00,saque,0.0,,FARMACIA SAO JOAO
TRX000415,CT-00485,2025-09-22 04:02:00,depósito,269.17,aplicativo,SUPERMERCADO BOM PRECO
TRX000505,CT-00432,2026-05-30 17:59:00,saque,104.05,internetbanking,AMAZON MKTPLACE
TRX001789,CT-00178,2025-08-29 21:00:00,saque,60.92,internetbanking,SUPERMERCADO BOM PRECO
TRX000797,CT-00160,2026-04-07 08:36:00,saque,-151.38,agencia,AMAZON MKTPLACE
TRX000606,CT-00617,2025-07-12 06:15:00,boleto,1916.76,aplicativo,UBER *TRIP
TRX001100,CT-00942,2025-12-25 17:12:00,deposito,220.66,ib,NETFLIX.COM
TRX000765,CT-00608,2026-11-04 09:24:00,pix,-90.0,agencia,NETFLIX.COM
TRX001937,CT-01020,2026-07-30 01:18:00,boleto,41017.12,ib,
TRX000429,CT-00614,2026-04-19 23:20:00,doc,1420.81,app,IFOOD *IFOOD
TRX001884,CT-00488,2025-12-10 00:00:00,ted,503.74,internetbanking,UBER *TRIP
TRX000896,CT-00417,2025-04-08 00:00:00,deposito,,aplicativo,PADARIA DO ZE
TRX000154,CT-00371,2025-10-17 00:00:00,ted,-42590.3,internetbanking,IFOOD *IFOOD
TRX001232,CT-00346,2025-08-15 00:00:00,pix,60447.51,atm,PAG*MERCADOLIVRE
TRX001352,CT-00361,2025-10-18 14:25:00,pix,100.49,agencia,IFOOD *IFOOD
TRX000181,CT-00259,2026-02-17 00:00:00,deposito,2048.48,agência,AMAZON MKTPLACE
TRX001155,CT-00813,2026-08-02 09:37:00,deposito,239.89,agência,NETFLIX.COM
TRX000776,CT-00800,2025-01-08 10:33:00,depósito,151.58,agência,POSTO SHELL BR
TRX001563,CT-00358,2026-03-14 00:00:00,pix,-10876.58,app,POSTO SHELL BR
TRX000367,CT-00964,2025-09-15 21:45:00,doc,131.14,ib,NETFLIX.COM
TRX001863,CT-00281,2026-01-25 00:00:00,saque,254.48,ib,POSTO SHELL BR
TRX000780,CT-00043,2026-05-24 00:00:00,depósito,190.28,agencia,AMAZON MKTPLACE
TRX000223,CT-00931,2025-11-21 00:00:00,saque,2938.12,app,SUPERMERCADO BOM PRECO
TRX001987,CT-00310,2026-05-08 00:00:00,saque,46.02,,AMAZON MKTPLACE
TRX001542,CT-00523,2025-10-16 00:00:00,compradébito,1642.21,app,NETFLIX.COM
TRX001254,CT-00592,2025-11-23 00:00:00,ted,1772.02,,TRANSF ENTRE CONTAS
TRX000944,CT-00498,2026-02-16 00:00:00,pagto,179.24,,TARIFA PACOTE SERVICOS
TRX001604,CT-00480,2026-08-07 04:13:00,boleto,14625.88,caixaeletrônico,RENDIMENTO POUPANCA
TRX001845,CT-00701,2026-01-23 00:00:00,pagamento,260.04,agencia,PADARIA DO ZE
TRX001469,CT-00004,2026-03-26 09:47:00,ted,4425.14,app,PAG*MERCADOLIVRE
TRX001941,CT-00930,2026-08-01 00:00:00,deposito,572.55,caixaeletronico,IFOOD *IFOOD
TRX000235,CT-00160,2025-09-11 00:00:00,saque,,aplicativo,RENDIMENTO POUPANCA
TRX000448,CT-00142,2026-02-25 00:00:00,ted,142.84,internetbanking,FOLHA PAGAMENTO
TRX001933,CT-00487,2025-06-09 04:32:00,saque,242.8,ib,SUPERMERCADO BOM PRECO
TRX000346,CT-00909,2026-03-23 00:00:00,pagto,25.79,caixaeletrônico,AMAZON MKTPLACE
TRX001078,CT-00054,2026-08-07 00:26:00,pagto,183.8,internetbanking,TARIFA PACOTE SERVICOS
TRX000599,CT-00914,2025-12-19 01:32:00,deposito,1158.53,agência,RENDIMENTO POUPANCA
TRX000405,CT-00469,2025-02-12 00:00:00,boleto,270.7,agencia,IFOOD *IFOOD
TRX001808,CT-00131,2026-07-02 16:49:00,boleto,10.71,app,RENDIMENTO POUPANCA
TRX000834,CT-00871,2026-07-27 09:26:00,boleto,152.79,agencia,TRANSF ENTRE CONTAS
TRX001116,CT-00821,2026-04-10 19:12:00,débitocartão,37944.49,app,UBER *TRIP
TRX000542,CT-00365,2025-09-19 00:00:00,depósito,228.71,internetbanking,NETFLIX.COM
TRX001928,CT-00455,2026-07-16 00:00:00,doc,364.93,app,FARMACIA SAO JOAO
TRX001543,CT-00034,2026-11-01 18:48:00,saque,-66.89,caixaeletrônico,TARIFA PACOTE SERVICOS
TRX001719,CT-00315,2025-12-14 00:00:00,saque,1529.41,ib,IFOOD *IFOOD
TRX000658,CT-00822,2026-04-17 00:00:00,pagamento,140.88,aplicativo,FARMACIA SAO JOAO
TRX000392,CT-00583,2026-01-17 14:38:00,ted,834.2,app,POSTO SHELL BR
TRX001092,CT-00140,2026-07-15 03:01:00,boleto,1272.56,caixaeletronico,TARIFA PACOTE SERVICOS
TRX000662,CT-00880,2026-07-26 00:00:00,débitocartão,-54.33,agência,UBER *TRIP
TRX000445,CT-00458,2026-04-23 00:00:00,ted,159.2,atm,POSTO SHELL BR
TRX000394,CT-00538,2026-02-05 06:05:00,deposito,1793.34,agencia,IFOOD *IFOOD
TRX001905,CT-00011,2025-11-08 05:52:00,saque,253.47,atm,
TRX000642,CT-00720,2026-06-28 23:31:00,pagto,9080.12,internetbanking,AMAZON MKTPLACE
TRX000254,CT-00819,2025-10-27 00:00:00,compradébito,39.99,atm,
TRX001166,CT-00894,2026-05-20 00:00:00,pix,1121.33,caixaeletrônico,TRANSF ENTRE CONTAS
TRX002068,CT-00569,2026-01-21 00:00:00,ted,63253.32,atm,UBER *TRIP
TRX000490,CT-00937,2026-01-14 00:00:00,doc,-289.37,ib,TRANSF ENTRE CONTAS
TRX000366,CT-00439,2025-10-11 00:00:00,doc,3556.4,atm,TRANSF ENTRE CONTAS
TRX001727,CT-00044,2026-01-10 00:00:00,saque,222.27,app,PAG*MERCADOLIVRE
TRX001755,CT-00377,2025-10-27 00:00:00,saque,91.91,agência,PAG*MERCADOLIVRE
TRX000558,CT-00387,2026-12-06 00:00:00,deposito,127.57,internetbanking,FARMACIA SAO JOAO
TRX000246,CT-00480,2026-02-13 00:00:00,pagamento,120.06,,NETFLIX.COM
TRX001997,CT-00174,2026-08-14 00:00:00,boleto,802.89,app,PAG*MERCADOLIVRE
TRX001210,CT-00815,2025-11-13 00:00:00,pagto,-983.83,caixaeletrônico,PADARIA DO ZE
TRX000071,CT-00201,2025-03-09 00:00:00,deposito,3454.72,agência,TARIFA PACOTE SERVICOS
TRX000215,CT-00111,2026-02-16 21:05:00,pagamento,1996.92,ib,FARMACIA SAO JOAO
TRX001400,CT-00234,2026-09-08 19:46:00,deposito,33674.94,agencia,
TRX000372,CT-00143,2025-10-21 10:08:00,pagamento,27996.85,internetbanking,PADARIA DO ZE
TRX001761,CT-00967,2025-12-22 00:00:00,débitocartão,-45863.28,internetbanking,IFOOD *IFOOD
TRX001366,CT-00806,2026-04-07 12:08:00,pix,137.44,,FOLHA PAGAMENTO
TRX000624,CT-00632,2026-06-28 00:00:00,boleto,923.4,app,AMAZON MKTPLACE
TRX000305,CT-00287,2026-04-22 04:02:00,pagto,-240.02,app,PADARIA DO ZE
TRX000042,CT-00674,2026-07-31 00:00:00,saque,275.88,app,RENDIMENTO POUPANCA
TRX000790,CT-00915,2026-07-02 06:05:00,compradébito,86.28,internetbanking,IFOOD *IFOOD
TRX001126,CT-00423,2026-04-27 00:12:00,debitocartao,-1328.61,app,PIX QR CODE
TRX000927,CT-00259,2025-11-20 00:00:00,boleto,1937.42,app,FOLHA PAGAMENTO
TRX001697,CT-00644,2026-05-28 00:00:00,ted,1453.37,aplicativo,FOLHA PAGAMENTO
TRX001367,CT-00109,2025-10-26 17:12:00,depósito,243.95,ib,POSTO SHELL BR
TRX001653,CT-00884,2026-05-21 02:26:00,saque,314.81,app,
TRX001821,CT-00924,2025-10-10 09:47:00,ted,253.03,internetbanking,NETFLIX.COM
TRX000531,CT-00924,2025-08-28 00:00:00,depósito,40.67,atm,TRANSF ENTRE CONTAS
TRX000713,CT-00494,2026-01-24 00:00:00,pagto,43097.24,agencia,NETFLIX.COM
TRX000940,CT-00341,2025-12-11 00:00:00,boleto,140.95,,TARIFA PACOTE SERVICOS
TRX001906,CT-00449,2026-02-15 15:12:00,saque,-12133.79,agencia,FOLHA PAGAMENTO
TRX000931,CT-00822,2025-09-25 23:20:00,deposito,1207.94,internetbanking,NETFLIX.COM
TRX001091,CT-00063,2026-02-18 00:00:00,saque,-7.81,internetbanking,TARIFA PACOTE SERVICOS
TRX000072,CT-00084,2025-10-12 00:00:00,ted,238.49,ib,
TRX001147,CT-00144,2025-09-13 08:58:00,deposito,58240.41,internetbanking,AMAZON MKTPLACE
TRX001375,CT-00624,2026-03-09 00:00:00,boleto,1849.62,agencia,FARMACIA SAO JOAO
TRX000016,CT-00454,2026-03-18 00:00:00,ted,56.35,,AMAZON MKTPLACE
TRX001580,CT-00164,2026-04-22 09:37:00,boleto,1769.04,app,NETFLIX.COM
TRX000950,CT-00872,2026-04-07 17:55:00,boleto,627.29,agência,AMAZON MKTPLACE
TRX001903,CT-00062,2026-06-14 02:29:00,pix,5642.18,aplicativo,NETFLIX.COM
TRX001875,CT-00262,2026-05-08 03:32:00,deposito,1352.16,caixaeletronico,PAG*MERCADOLIVRE
TRX000031,CT-00131,2026-02-10 00:00:00,ted,1483.39,,TARIFA PACOTE SERVICOS
TRX000438,CT-00337,2026-01-17 00:00:00,doc,275.14,internetbanking,PIX QR CODE
TRX001701,CT-00267,2025-11-26 08:36:00,pagamento,585.34,internetbanking,PAG*MERCADOLIVRE
TRX000649,CT-00859,2026-01-01 19:08:00,débitocartão,,agencia,SUPERMERCADO BOM PRECO
TRX000818,CT-00126,2026-06-14 00:00:00,debitocartao,1869.35,app,NETFLIX.COM
TRX001335,CT-00516,2026-06-27 10:51:00,saque,47.08,internetbanking,POSTO SHELL BR
TRX000912,CT-00309,2025-09-19 00:00:00,doc,226.92,ib,RENDIMENTO POUPANCA
TRX001132,CT-00169,2025-10-18 00:00:00,depósito,,atm,IFOOD *IFOOD
TRX002013,CT-00455,2025-09-21 01:14:00,boleto,9261.86,agencia,PAG*MERCADOLIVRE
TRX000798,CT-00125,2025-09-17 00:00:00,doc,78.57,agencia,FOLHA PAGAMENTO
TRX001991,CT-00015,2025-08-20 00:00:00,depósito,76779.79,aplicativo,POSTO SHELL BR
TRX001936,CT-00143,2026-02-27 00:00:00,pagto,1733.35,ib,AMAZON MKTPLACE
TRX000744,CT-00856,2026-03-18 00:00:00,deposito,1636.44,agencia,SUPERMERCADO BOM PRECO
TRX000319,CT-00785,2025-12-25 00:00:00,débitocartão,19.54,agência,PADARIA DO ZE
TRX000846,CT-00210,2025-08-09 00:00:00,boleto,-111.94,app,SUPERMERCADO BOM PRECO
TRX001458,CT-00219,2025-12-03 00:00:00,boleto,164.28,app,PAG*MERCADOLIVRE
TRX000755,CT-00222,2026-06-28 00:00:00,pagamento,,app,UBER *TRIP
TRX001619,CT-00267,2025-11-30 21:32:00,boleto,307.5,aplicativo,PADARIA DO ZE
TRX000289,CT-00333,2026-09-05 00:00:00,ted,616.6,internetbanking,POSTO SHELL BR
TRX001213,CT-00019,2026-04-26 00:00:00,pix,-143.96,caixaeletrônico,PIX QR CODE
TRX000455,CT-00471,2026-02-27 09:48:00,compradébito,1632.29,caixaeletronico,SUPERMERCADO BOM PRECO
TRX001107,CT-00375,2025-08-13 00:00:00,saque,797.93,agencia,TRANSF ENTRE CONTAS
TRX000495,CT-00521,2026-08-02 00:00:00,compradébito,217.91,atm,RENDIMENTO POUPANCA
TRX000261,CT-00769,2025-09-23 02:12:00,boleto,-336.19,caixaeletrônico,PAG*MERCADOLIVRE
TRX001491,CT-00157,2026-03-07 09:03:00,compradébito,7756.9,internetbanking,FARMACIA SAO JOAO
TRX001656,CT-00414,2026-05-27 00:00:00,boleto,1753.15,agencia,TRANSF ENTRE CONTAS
TRX000828,CT-00386,2026-05-30 05:37:00,pix,-170.5,agencia,FARMACIA SAO JOAO
TRX000524,CT-00555,2026-07-13 00:00:00,saque,-148.12,caixaeletronico,FOLHA PAGAMENTO
TRX001137,CT-00310,2026-03-13 12:06:00,pix,27.46,caixaeletrônico,RENDIMENTO POUPANCA
TRX001060,CT-00900,2025-09-13 05:37:00,doc,2968.87,caixaeletrônico,RENDIMENTO POUPANCA
TRX000430,CT-00513,2026-01-03 00:00:00,compradébito,-94.5,agencia,NETFLIX.COM
TRX001465,CT-00739,2025-10-11 00:00:00,debitocartao,12865.39,caixaeletronico,TRANSF ENTRE CONTAS
TRX001326,CT-00296,2026-09-01 12:30:00,compradébito,52.12,app,SUPERMERCADO BOM PRECO
TRX001872,CT-00119,2025-12-13 02:41:00,pagto,-9729.25,ib,IFOOD *IFOOD
TRX000909,CT-00581,2025-11-09 12:10:00,boleto,0.0,agência,PAG*MERCADOLIVRE
TRX000200,CT-00430,2026-02-28 00:00:00,saque,-383.95,ib,RENDIMENTO POUPANCA
TRX000268,CT-00104,2026-11-04 00:00:00,ted,-205.77,caixaeletrônico,PAG*MERCADOLIVRE
TRX002027,CT-00953,2025-04-11 00:00:00,boleto,259.24,ib,AMAZON MKTPLACE
TRX000599,CT-00914,2025-12-19 01:32:00,deposito,1158.53,agência,RENDIMENTO POUPANCA
TRX001840,CT-00287,2026-05-24 00:00:00,boleto,135.27,caixaeletrônico,
TRX001383,CT-00721,2026-06-06 21:54:00,deposito,224.18,aplicativo,TRANSF ENTRE CONTAS
TRX000701,CT-00217,2026-08-04 13:34:00,compradébito,1929.55,caixaeletronico,NETFLIX.COM
TRX000970,CT-00523,2026-02-02 16:00:00,pix,-2655.05,aplicativo,SUPERMERCADO BOM PRECO
TRX001898,CT-00521,2026-06-20 00:00:00,pix,1939.26,atm,
TRX001949,CT-00083,2026-08-13 00:00:00,ted,192.29,caixaeletrônico,NETFLIX.COM
TRX000050,CT-00077,2026-03-31 03:05:00,pix,-260.41,app,TARIFA PACOTE SERVICOS
TRX000385,CT-00022,2026-05-16 00:00:00,boleto,-227.68,internetbanking,
TRX001424,CT-00058,2026-01-30 00:00:00,boleto,44735.48,agencia,SUPERMERCADO BOM PRECO
TRX001345,CT-00556,2026-12-05 00:00:00,saque,899.32,app,IFOOD *IFOOD
TRX000013,CT-00622,2025-12-23 00:00:00,ted,656.92,ib,PADARIA DO ZE
TRX000044,CT-00782,2025-10-27 07:53:00,pix,489.71,ib,FARMACIA SAO JOAO
TRX001734,CT-00270,2025-10-21 00:00:00,pix,132.11,,TRANSF ENTRE CONTAS
TRX001385,CT-00806,2025-08-30 00:00:00,pix,-7037.45,atm,TARIFA PACOTE SERVICOS
TRX001842,CT-00267,2025-10-17 00:00:00,boleto,20502.35,agência,FARMACIA SAO JOAO
TRX000781,CT-00947,2026-05-22 20:18:00,saque,63.22,aplicativo,NETFLIX.COM
TRX000812,CT-00025,2026-10-07 00:00:00,doc,459.56,internetbanking,UBER *TRIP
TRX000481,CT-00748,2025-11-28 14:48:00,boleto,291.49,agencia,PADARIA DO ZE
TRX000617,CT-00012,2026-04-22 07:43:00,pagamento,5541.86,internetbanking,
TRX001183,CT-00540,2025-11-22 00:00:00,depósito,59.6,app,NETFLIX.COM
TRX000980,CT-00909,2026-02-13 00:00:00,débitocartão,-129.89,app,IFOOD *IFOOD
TRX001968,CT-00872,2025-08-09 21:31:00,doc,-74.7,aplicativo,PIX QR CODE
TRX001490,CT-00834,2026-10-03 17:53:00,compradébito,273.01,internetbanking,SUPERMERCADO BOM PRECO
TRX001174,CT-00890,2025-10-14 00:00:00,pix,39.08,agencia,PADARIA DO ZE
TRX000363,CT-00041,2025-11-13 01:02:00,deposito,943.65,agência,TARIFA PACOTE SERVICOS
TRX001571,CT-00115,2025-08-27 00:00:00,boleto,1416.16,,FOLHA PAGAMENTO
TRX001266,CT-00317,2026-04-14 23:00:00,saque,8157.81,internetbanking,TARIFA PACOTE SERVICOS
TRX001086,CT-00152,2025-11-25 19:03:00,pagamento,-256.22,ib,FARMACIA SAO JOAO
TRX000687,CT-00731,2026-06-11 11:25:00,pix,216.02,ib,AMAZON MKTPLACE
TRX001358,CT-00621,2025-08-13 00:00:00,pix,137.97,aplicativo,AMAZON MKTPLACE
TRX000986,CT-00551,2026-01-20 07:38:00,ted,988.06,app,NETFLIX.COM
TRX000545,CT-00628,2025-10-09 00:00:00,boleto,171.29,agência,AMAZON MKTPLACE
TRX000043,CT-00967,2025-08-17 00:00:00,boleto,249.45,app,RENDIMENTO POUPANCA
TRX001596,CT-00223,2026-01-04 00:00:00,ted,188.66,atm,TRANSF ENTRE CONTAS
TRX000441,CT-00545,2026-07-14 00:00:00,pagto,192.11,caixaeletronico,PIX QR CODE
TRX001514,CT-00557,2026-03-14 23:49:00,deposito,256.76,internetbanking,FOLHA PAGAMENTO
TRX001630,CT-00639,2025-11-15 19:41:00,pagto,287.89,atm,AMAZON MKTPLACE
TRX000140,CT-00200,2026-06-23 20:28:00,debitocartao,,ib,AMAZON MKTPLACE
TRX001423,CT-00524,2025-04-11 00:00:00,debitocartao,-203.84,internetbanking,UBER *TRIP
TRX001453,CT-00336,2026-09-01 20:51:00,saque,14584.9,caixaeletrônico,IFOOD *IFOOD
TRX001169,CT-00854,2026-03-03 00:00:00,ted,-87.93,caixaeletrônico,FOLHA PAGAMENTO
TRX002069,CT-00868,2026-03-05 00:00:00,compradébito,208.85,app,IFOOD *IFOOD
TRX000163,CT-00888,2026-11-06 00:00:00,ted,81.22,aplicativo,TARIFA PACOTE SERVICOS
TRX000350,CT-00004,2026-01-18 17:37:00,boleto,-78248.3,app,PADARIA DO ZE
TRX001128,CT-00661,2025-11-30 01:48:00,boleto,199.62,app,PAG*MERCADOLIVRE
TRX001525,CT-00286,2026-01-14 07:38:00,compradébito,1651.8,internetbanking,SUPERMERCADO BOM PRECO
TRX001487,CT-00851,2026-06-14 00:00:00,ted,-425.29,app,PADARIA DO ZE
TRX002070,CT-00476,2025-04-08 00:00:00,doc,150.29,agencia,
TRX000433,CT-00819,2025-11-13 00:00:00,compradébito,512.69,agencia,
TRX001087,CT-00790,2025-01-12 00:00:00,compradébito,1522.63,app,NETFLIX.COM
TRX002034,CT-00890,2025-08-23 00:00:00,boleto,778.56,ib,SUPERMERCADO BOM PRECO
TRX001018,CT-00320,2025-12-20 00:00:00,boleto,-289.63,app,PIX QR CODE
TRX001179,CT-00745,2026-04-24 22:05:00,ted,,app,
TRX001679,CT-00887,2025-10-08 13:40:00,saque,21.19,,FARMACIA SAO JOAO
TRX000655,CT-00693,2025-09-21 00:00:00,ted,-291.96,internetbanking,FOLHA PAGAMENTO
TRX000169,CT-00270,2026-01-05 00:00:00,boleto,32668.42,app,
TRX000047,CT-00957,2025-09-24 11:17:00,depósito,233.4,agência,PAG*MERCADOLIVRE
TRX001980,CT-00617,2026-06-23 00:00:00,pix,1156.82,caixaeletronico,IFOOD *IFOOD
TRX001346,CT-00496,2026-05-04 00:44:00,doc,-90.81,agencia,PADARIA DO ZE
TRX000767,CT-00439,2026-07-04 00:00:00,deposito,223.44,atm,TARIFA PACOTE SERVICOS
TRX000631,CT-00207,2026-06-29 00:00:00,boleto,,agencia,FOLHA PAGAMENTO
TRX001741,CT-00090,2026-08-08 00:00:00,pix,87.49,agencia,SUPERMERCADO BOM PRECO
TRX001314,CT-00042,2026-04-10 10:29:00,boleto,-4589.8,ib,
TRX000540,CT-00953,2026-04-24 00:00:00,saque,-216.4,,NETFLIX.COM
TRX000377,CT-00440,2026-09-05 17:54:00,boleto,,app,FOLHA PAGAMENTO
TRX001714,CT-00783,2026-03-28 00:00:00,débitocartão,-487.23,app,IFOOD *IFOOD
TRX001374,CT-00467,2025-09-20 00:00:00,debitocartao,15.63,internetbanking,FARMACIA SAO JOAO
TRX000027,CT-00128,2025-10-12 00:00:00,ted,12779.22,app,AMAZON MKTPLACE
TRX000436,CT-00953,2025-03-11 00:00:00,saque,10.43,agencia,TARIFA PACOTE SERVICOS
TRX001682,CT-00362,2026-02-06 00:00:00,saque,-1092.3,agência,SUPERMERCADO BOM PRECO
TRX001675,CT-00606,2026-07-04 18:39:00,boleto,23.12,agencia,UBER *TRIP
TRX001313,CT-00112,2026-05-21 00:00:00,boleto,183.12,agência,PADARIA DO ZE
TRX000159,CT-00862,2025-10-22 12:46:00,pagto,-91.63,caixaeletrônico,UBER *TRIP
TRX001794,CT-00409,2025-11-02 10:09:00,boleto,293.89,internetbanking,
TRX001698,CT-00268,2025-08-27 10:00:00,pix,149.84,aplicativo,POSTO SHELL BR
TRX000942,CT-00719,2025-12-17 18:48:00,pagamento,-282.2,app,NETFLIX.COM
TRX001082,CT-00175,2026-01-24 06:52:00,saque,-722.36,internetbanking,UBER *TRIP
TRX001643,CT-00206,2025-12-19 22:05:00,depósito,189.48,agencia,PIX QR CODE
TRX000638,CT-00446,2026-03-27 00:00:00,pix,-977.93,app,TRANSF ENTRE CONTAS
TRX000265,CT-00597,2025-08-11 00:00:00,saque,312.94,app,IFOOD *IFOOD
TRX001390,CT-00024,2026-07-14 00:00:00,saque,-288.87,agencia,TRANSF ENTRE CONTAS
TRX001234,CT-00035,2026-07-01 00:00:00,debitocartao,75.44,caixaeletronico,PAG*MERCADOLIVRE
TRX001731,CT-00164,2026-08-11 00:00:00,doc,231.54,internetbanking,FOLHA PAGAMENTO
TRX000982,CT-00086,2026-08-13 00:00:00,saque,-615.58,agencia,FARMACIA SAO JOAO
TRX001515,CT-00517,2025-08-21 04:39:00,compradébito,-2129.17,agencia,NETFLIX.COM
TRX001189,CT-01015,2026-08-06 14:41:00,saque,266.52,internetbanking,PADARIA DO ZE
TRX000908,CT-00094,2025-02-12 00:00:00,pix,211.78,agencia,RENDIMENTO POUPANCA
TRX000169,CT-00270,2026-01-05 00:00:00,boleto,32668.42,app,
TRX000004,CT-00867,2026-04-18 09:31:00,depósito,9223.34,agencia,NETFLIX.COM
TRX001139,CT-00400,2026-06-19 13:42:00,pagamento,11953.27,caixaeletronico,FARMACIA SAO JOAO
TRX001224,CT-00814,2026-01-31 00:00:00,pix,-557.18,internetbanking,NETFLIX.COM
TRX000107,CT-00776,2026-12-08 00:00:00,deposito,56.63,,NETFLIX.COM
TRX001456,CT-00539,2026-05-06 00:00:00,boleto,-3230.35,caixaeletrônico,RENDIMENTO POUPANCA
TRX000676,CT-00506,2026-08-02 22:22:00,débitocartão,-900.81,internetbanking,PADARIA DO ZE
TRX001813,CT-00650,2025-12-04 00:00:00,boleto,-104.22,agencia,UBER *TRIP
TRX001743,CT-00429,2025-03-08 00:00:00,pix,282.21,ib,PAG*MERCADOLIVRE
TRX001942,CT-00379,2026-03-11 04:17:00,deposito,274.67,aplicativo,SUPERMERCADO BOM PRECO
TRX001985,CT-00375,2025-08-13 04:45:00,pix,-166.12,app,UBER *TRIP
TRX001693,CT-00316,2025-09-20 20:33:00,deposito,213.36,app,UBER *TRIP
TRX001558,CT-00159,2026-03-19 00:00:00,boleto,63185.59,,PADARIA DO ZE
TRX001583,CT-00948,2026-12-08 00:00:00,boleto,-6681.88,internetbanking,PIX QR CODE
TRX000564,CT-00343,2026-03-18 00:00:00,saque,11164.39,agencia,RENDIMENTO POUPANCA
TRX000021,CT-00343,2025-11-13 00:00:00,pagamento,11150.71,internetbanking,FARMACIA SAO JOAO
TRX000795,CT-00302,2026-04-29 19:19:00,pix,-1436.2,app,SUPERMERCADO BOM PRECO
TRX001317,CT-00330,2026-01-27 12:36:00,saque,295.31,internetbanking,RENDIMENTO POUPANCA
TRX000998,CT-00220,2026-03-24 00:00:00,débitocartão,18.87,aplicativo,AMAZON MKTPLACE
TRX000101,CT-00740,2025-10-10 00:00:00,ted,212.58,,FARMACIA SAO JOAO
TRX001492,CT-00048,2026-12-01 23:54:00,pix,211.18,agência,UBER *TRIP
TRX001769,CT-00956,2025-11-15 21:32:00,pix,207.74,caixaeletronico,IFOOD *IFOOD
TRX001422,CT-00626,2026-06-17 20:18:00,boleto,269.72,agencia,NETFLIX.COM
TRX000279,CT-00909,2025-12-08 19:52:00,boleto,174.32,caixaeletrônico,PADARIA DO ZE
TRX001058,CT-00955,2026-04-14 00:00:00,deposito,52.49,ib,RENDIMENTO POUPANCA
TRX002035,CT-00634,2025-12-13 00:00:00,pix,88.3,app,POSTO SHELL BR
TRX000637,CT-00831,2026-10-08 00:00:00,saque,751.08,internetbanking,TARIFA PACOTE SERVICOS
TRX000796,CT-00938,2026-04-21 05:58:00,pix,-237.89,ib,FOLHA PAGAMENTO
TRX000216,CT-00037,2026-03-20 05:56:00,compradébito,6379.07,internetbanking,PAG*MERCADOLIVRE
TRX001471,CT-00920,2025-10-22 17:18:00,débitocartão,-223.39,agência,PIX QR CODE
TRX000547,CT-00309,2026-05-23 03:15:00,ted,277.01,agencia,RENDIMENTO POUPANCA
TRX001233,CT-00019,2025-11-28 00:00:00,ted,-256.62,app,FOLHA PAGAMENTO
TRX001883,CT-00554,2025-12-08 00:00:00,boleto,-1036.43,agencia,FOLHA PAGAMENTO
TRX001799,CT-00560,2025-10-19 06:44:00,pix,1413.62,agencia,
TRX000886,CT-00953,2026-04-19 00:00:00,débitocartão,-1017.26,internetbanking,FARMACIA SAO JOAO
TRX000372,CT-00143,2025-10-21 10:08:00,pagamento,27996.85,internetbanking,PADARIA DO ZE
TRX001597,CT-00444,2026-01-27 12:00:00,compradébito,,ib,RENDIMENTO POUPANCA
TRX001887,CT-00839,2026-02-12 20:26:00,pagto,7005.41,agencia,NETFLIX.COM
TRX001119,CT-00987,2026-03-14 00:00:00,boleto,1236.77,app,
TRX000593,CT-00257,2026-01-04 06:37:00,pix,721.86,app,FOLHA PAGAMENTO
TRX001470,CT-00501,2026-02-28 17:36:00,boleto,1739.62,agencia,RENDIMENTO POUPANCA
TRX001347,CT-00155,2025-02-10 00:00:00,deposito,278.36,atm,FOLHA PAGAMENTO
TRX001041,CT-00105,2025-09-26 03:37:00,pagto,79.18,agencia,FARMACIA SAO JOAO
TRX001384,CT-00344,2025-07-08 00:00:00,deposito,14156.31,app,FOLHA PAGAMENTO
TRX002078,CT-00666,2026-02-15 00:00:00,deposito,0.0,atm,PAG*MERCADOLIVRE
TRX001486,CT-00366,2025-09-20 20:38:00,pix,9321.07,agência,NETFLIX.COM
TRX000736,CT-00590,2025-11-25 13:46:00,pix,-286.17,app,NETFLIX.COM
TRX001071,CT-00933,2026-03-31 00:00:00,saque,-12551.51,agencia,TRANSF ENTRE CONTAS
TRX001187,CT-00903,2026-10-07 09:42:00,saque,-43600.97,app,RENDIMENTO POUPANCA
TRX000097,CT-00162,2025-10-02 00:00:00,ted,96.88,agencia,FOLHA PAGAMENTO
TRX002019,CT-00253,2026-02-13 09:36:00,boleto,130.9,app,SUPERMERCADO BOM PRECO
TRX002059,CT-00231,2025-03-10 00:00:00,depósito,226.33,app,
TRX000919,CT-00524,2025-09-09 00:00:00,doc,58.22,ib,FOLHA PAGAMENTO
TRX001322,CT-00775,2025-10-18 00:00:00,ted,,app,TRANSF ENTRE CONTAS
TRX000850,CT-00004,2026-09-02 21:21:00,boleto,24227.22,atm,FOLHA PAGAMENTO
TRX000491,CT-00430,2025-09-12 00:00:00,doc,43.51,,PIX QR CODE
TRX001462,CT-00270,2025-10-29 05:43:00,boleto,6500.22,agência,TRANSF ENTRE CONTAS
TRX000864,CT-00025,2025-09-26 07:54:00,doc,371.78,agencia,FOLHA PAGAMENTO
TRX001093,CT-00439,2026-01-19 00:00:00,debitocartao,43.83,app,FARMACIA SAO JOAO
TRX000685,CT-00273,2025-08-15 00:00:00,deposito,20794.95,app,TRANSF ENTRE CONTAS
TRX000596,CT-00301,2026-06-09 00:00:00,deposito,88.08,agencia,RENDIMENTO POUPANCA
TRX001978,CT-00318,2025-08-16 00:00:00,depósito,180.68,caixaeletrônico,NETFLIX.COM
TRX000734,CT-00828,2025-09-11 01:56:00,saque,286.83,caixaeletronico,POSTO SHELL BR
TRX001336,CT-00808,2026-03-30 08:15:00,boleto,689.53,app,TARIFA PACOTE SERVICOS
TRX001433,CT-00427,2026-01-02 10:27:00,boleto,-210.81,internetbanking,UBER *TRIP
TRX000598,CT-00745,2026-05-13 00:00:00,depósito,284.63,app,POSTO SHELL BR
TRX000865,CT-00247,2026-07-16 00:00:00,saque,43894.08,caixaeletronico,SUPERMERCADO BOM PRECO
TRX000119,CT-00131,2025-11-20 06:19:00,boleto,76063.09,atm,RENDIMENTO POUPANCA
TRX001810,CT-00701,2025-04-08 08:24:00,saque,1363.69,internetbanking,PADARIA DO ZE
TRX001762,CT-00715,2026-06-26 00:00:00,pix,74374.99,caixaeletronico,FOLHA PAGAMENTO
TRX000381,CT-00257,2026-06-29 00:00:00,saque,,app,TRANSF ENTRE CONTAS
TRX001117,CT-00399,2026-03-16 00:00:00,deposito,102.32,app,POSTO SHELL BR
TRX001283,CT-00766,2026-10-03 00:00:00,boleto,1148.91,internetbanking,NETFLIX.COM
TRX001188,CT-00058,2026-04-18 11:52:00,boleto,23.21,app,UBER *TRIP
TRX000718,CT-00111,2025-12-12 20:32:00,doc,-108.6,agencia,FOLHA PAGAMENTO
TRX000150,CT-00503,2025-08-10 00:00:00,pagamento,243.44,app,NETFLIX.COM
TRX000446,CT-00080,2026-05-26 17:33:00,ted,100.36,agência,RENDIMENTO POUPANCA
TRX000806,CT-00681,2026-05-30 00:00:00,deposito,4073.55,internetbanking,TARIFA PACOTE SERVICOS
TRX000069,CT-00762,2025-11-08 00:00:00,boleto,6913.06,atm,PIX QR CODE
TRX001011,CT-00821,2026-02-05 00:00:00,ted,179.19,agencia,PADARIA DO ZE
TRX000680,CT-00650,2025-10-31 00:00:00,saque,0.0,app,SUPERMERCADO BOM PRECO
TRX000036,CT-00448,2026-03-14 00:00:00,boleto,212.36,agência,AMAZON MKTPLACE
TRX000155,CT-00359,2025-10-12 07:23:00,deposito,1212.13,internetbanking,PIX QR CODE
TRX000073,CT-00647,2026-02-01 00:00:00,pix,3896.1,agencia,POSTO SHELL BR
TRX001581,CT-00626,2026-10-07 00:00:00,deposito,159.05,atm,UBER *TRIP
TRX000587,CT-00484,2026-05-24 07:34:00,ted,77960.01,,PIX QR CODE
TRX000098,CT-00146,2026-05-11 00:00:00,deposito,268.03,app,IFOOD *IFOOD
TRX000479,CT-00044,2026-04-16 00:00:00,saque,36.21,app,POSTO SHELL BR
TRX001075,CT-00895,2026-03-25 00:00:00,pagto,-3032.74,app,TRANSF ENTRE CONTAS
TRX000899,CT-00519,2026-08-15 00:00:00,boleto,-864.08,agência,SUPERMERCADO BOM PRECO
TRX000799,CT-00168,2025-11-30 07:42:00,compradébito,-62.65,ib,POSTO SHELL BR
TRX001735,CT-00663,2026-06-05 16:35:00,deposito,1997.66,app,NETFLIX.COM
TRX000005,CT-00921,2025-08-27 00:00:00,deposito,200.89,atm,TARIFA PACOTE SERVICOS
TRX001290,CT-00743,2025-08-11 00:00:00,debitocartao,8131.1,caixaeletronico,TARIFA PACOTE SERVICOS
TRX001582,CT-00007,2025-11-16 00:00:00,depósito,90.64,agencia,IFOOD *IFOOD
TRX000819,CT-00892,2026-07-21 00:00:00,boleto,-288.53,internetbanking,FARMACIA SAO JOAO
TRX001947,CT-00737,2026-10-01 00:00:00,pix,263.2,internetbanking,RENDIMENTO POUPANCA
TRX000535,CT-00461,2025-01-10 18:15:00,saque,789.17,internetbanking,NETFLIX.COM
TRX001386,CT-00669,2026-11-07 00:00:00,pix,-263.71,internetbanking,PIX QR CODE
TRX001185,CT-00801,2026-04-27 18:52:00,saque,184.65,app,IFOOD *IFOOD
TRX001786,CT-00827,2026-07-13 00:00:00,boleto,-119.71,atm,
TRX000099,CT-00237,2026-01-27 05:21:00,compradébito,-1462.96,agencia,PIX QR CODE
TRX001046,CT-00013,2025-11-13 00:00:00,deposito,1770.42,app,SUPERMERCADO BOM PRECO
TRX001005,CT-00168,2025-08-21 01:12:00,deposito,67.85,agencia,PAG*MERCADOLIVRE
TRX000661,CT-00035,2025-06-11 15:33:00,deposito,268.63,app,TARIFA PACOTE SERVICOS
TRX000339,CT-00803,2025-09-15 15:28:00,ted,9578.29,caixaeletrônico,UBER *TRIP
TRX001118,CT-00841,2025-10-25 00:00:00,boleto,459.13,agencia,POSTO SHELL BR
TRX000803,CT-00093,2025-09-17 17:24:00,depósito,9324.62,agência,PIX QR CODE
TRX000321,CT-00515,2026-01-26 00:00:00,boleto,12124.94,,POSTO SHELL BR
TRX001016,CT-00191,2025-12-11 00:00:00,saque,283.58,agencia,FOLHA PAGAMENTO
TRX000991,CT-00495,2026-05-06 18:25:00,pagamento,628.56,caixaeletronico,PIX QR CODE
TRX000752,CT-00127,2025-11-26 00:00:00,debitocartao,-8714.41,,UBER *TRIP
TRX000639,CT-00655,2026-06-15 14:35:00,boleto,1536.54,atm,UBER *TRIP
TRX000668,CT-00342,2025-09-11 00:00:00,pix,11368.78,internetbanking,
TRX000745,CT-00508,2025-06-10 00:00:00,débitocartão,862.01,atm,AMAZON MKTPLACE
TRX001787,CT-00159,2025-09-24 00:00:00,pagamento,891.36,atm,RENDIMENTO POUPANCA
TRX001379,CT-00840,2026-06-18 16:56:00,deposito,329.2,app,PAG*MERCADOLIVRE
TRX000146,CT-00663,2026-03-07 00:12:00,deposito,695.1,internetbanking,PIX QR CODE
TRX001013,CT-00186,2026-06-18 00:00:00,saque,1302.97,caixaeletrônico,TRANSF ENTRE CONTAS
TRX002038,CT-00612,2025-12-22 23:55:00,pix,1844.46,,
TRX000301,CT-00679,2025-06-12 00:00:00,pagto,213.31,app,FOLHA PAGAMENTO
TRX001319,CT-00788,2025-11-23 15:42:00,depósito,19.81,app,NETFLIX.COM
TRX001615,CT-00620,2026-02-04 13:10:00,deposito,44.58,caixaeletronico,SUPERMERCADO BOM PRECO
TRX001573,CT-00363,2026-03-01 00:00:00,doc,70.53,aplicativo,UBER *TRIP
TRX001550,CT-00698,2025-10-22 15:47:00,pix,-499.81,aplicativo,PADARIA DO ZE
TRX000557,CT-00848,2025-09-19 00:00:00,boleto,-1389.0,aplicativo,FOLHA PAGAMENTO
TRX001551,CT-00012,2025-12-14 06:45:00,ted,36.32,ib,POSTO SHELL BR
TRX000141,CT-00165,2025-11-21 20:48:00,boleto,,app,NETFLIX.COM
TRX000681,CT-00021,2025-05-09 01:05:00,boleto,-77055.02,app,TARIFA PACOTE SERVICOS
TRX001448,CT-00856,2026-07-04 05:18:00,pagamento,-1861.28,caixaeletronico,FOLHA PAGAMENTO
TRX000726,CT-00395,2025-09-28 00:00:00,boleto,31.35,ib,IFOOD *IFOOD
TRX001827,CT-00223,2026-05-07 00:00:00,doc,-252.66,app,TARIFA PACOTE SERVICOS
TRX001230,CT-00265,2026-02-14 00:00:00,pix,190.15,internetbanking,IFOOD *IFOOD
TRX000768,CT-00972,2026-06-15 01:19:00,ted,195.7,internetbanking,TARIFA PACOTE SERVICOS
TRX001962,CT-00480,2025-08-18 00:00:00,doc,626.7,atm,RENDIMENTO POUPANCA
TRX001302,CT-00782,2026-03-11 00:00:00,boleto,285.62,agencia,POSTO SHELL BR
TRX000541,CT-00089,2025-10-09 00:00:00,débitocartão,1197.18,internetbanking,TRANSF ENTRE CONTAS
TRX000431,CT-00650,2025-11-26 00:00:00,doc,-125.06,agência,SUPERMERCADO BOM PRECO
TRX001297,CT-00776,2026-01-16 00:00:00,pagamento,-281.24,app,
TRX002091,CT-00267,2025-11-15 11:19:00,depósito,251.77,caixaeletrônico,FOLHA PAGAMENTO
TRX001348,CT-00178,2025-12-14 00:00:00,depósito,285.6,agência,PIX QR CODE
TRX000615,CT-00397,2026-10-06 00:00:00,pagto,217.97,,TRANSF ENTRE CONTAS
TRX001007,CT-00442,2026-01-25 23:43:00,saque,4896.38,agência,NETFLIX.COM
TRX000831,CT-00640,2025-08-13 00:00:00,pix,-27.47,app,AMAZON MKTPLACE
TRX001130,CT-00049,2025-08-18 00:00:00,pix,-256.15,internetbanking,AMAZON MKTPLACE
TRX000231,CT-00630,2026-01-23 00:00:00,ted,650.79,agencia,NETFLIX.COM
TRX000106,CT-00835,2026-01-25 00:00:00,ted,7859.48,app,NETFLIX.COM
TRX000014,CT-00870,2026-04-24 00:00:00,depósito,35.09,agência,POSTO SHELL BR
TRX002085,CT-00637,2026-08-11 00:30:00,debitocartao,150.4,internetbanking,TARIFA PACOTE SERVICOS
TRX000156,CT-00413,2026-07-13 00:00:00,compradébito,-6527.12,internetbanking,RENDIMENTO POUPANCA
TRX001730,CT-00261,2025-10-04 00:24:00,deposito,225.18,agencia,IFOOD *IFOOD
TRX001972,CT-00902,2026-07-15 01:27:00,ted,-269.5,app,TRANSF ENTRE CONTAS
TRX000809,CT-00750,2026-03-28 00:00:00,depósito,4616.99,app,AMAZON MKTPLACE
TRX000737,CT-00396,2025-09-19 17:13:00,saque,273.82,,PIX QR CODE
TRX001098,CT-00375,2026-04-11 15:17:00,pagto,1391.02,agência,IFOOD *IFOOD
TRX001432,CT-00115,2025-08-28 15:56:00,debitocartao,1681.64,aplicativo,FOLHA PAGAMENTO
TRX000877,CT-00445,2025-12-13 00:00:00,ted,193.1,,AMAZON MKTPLACE
TRX000219,CT-00450,2026-06-19 00:00:00,ted,-59221.13,agencia,FOLHA PAGAMENTO
TRX000239,CT-00850,2026-06-16 00:00:00,pagto,138.4,app,SUPERMERCADO BOM PRECO
TRX001662,CT-00509,2025-12-18 00:00:00,deposito,8.54,app,
TRX001511,CT-00120,2026-06-11 00:00:00,compradébito,13444.67,caixaeletrônico,NETFLIX.COM
TRX001065,CT-00311,2026-01-17 00:00:00,ted,11430.22,agencia,IFOOD *IFOOD
TRX000018,CT-00808,2025-10-21 00:00:00,depósito,648.47,caixaeletronico,NETFLIX.COM
TRX001521,CT-00022,2026-05-14 23:32:00,boleto,1664.53,caixaeletronico,SUPERMERCADO BOM PRECO
TRX002039,CT-00711,2025-12-08 08:45:00,ted,-111.71,app,FARMACIA SAO JOAO
TRX000083,CT-00177,2025-10-22 00:00:00,boleto,34867.74,internetbanking,TARIFA PACOTE SERVICOS
TRX000845,CT-00881,2026-08-02 00:00:00,ted,-91.8,agência,POSTO SHELL BR
TRX001848,CT-00953,2026-06-29 16:42:00,boleto,-276.84,agencia,FARMACIA SAO JOAO
TRX001622,CT-00550,2026-07-14 00:00:00,saque,83.71,app,TRANSF ENTRE CONTAS
TRX001687,CT-00954,2025-08-16 08:35:00,pix,590.09,atm,FOLHA PAGAMENTO
TRX001552,CT-00299,2026-06-29 06:13:00,pix,61.7,aplicativo,UBER *TRIP
TRX000238,CT-00191,2026-05-15 00:00:00,boleto,1173.5,internetbanking,PIX QR CODE
TRX001198,CT-00577,2026-03-06 03:37:00,debitocartao,-188.78,internetbanking,TARIFA PACOTE SERVICOS
TRX000286,CT-00697,2025-04-11 10:34:00,depósito,75.28,ib,PIX QR CODE
TRX000136,CT-00676,2026-11-04 00:00:00,doc,5826.25,app,UBER *TRIP
TRX001756,CT-00457,2026-04-12 00:00:00,saque,-11022.62,internetbanking,POSTO SHELL BR
TRX001337,CT-00136,2026-03-07 20:52:00,ted,13620.3,caixaeletrônico,FARMACIA SAO JOAO
TRX000300,CT-00547,2026-05-14 00:00:00,debitocartao,-79.93,app,TRANSF ENTRE CONTAS
TRX000486,CT-00091,2026-07-22 00:00:00,boleto,25458.29,atm,SUPERMERCADO BOM PRECO
TRX000634,CT-00287,2026-03-06 19:45:00,deposito,235.25,atm,AMAZON MKTPLACE
TRX001096,CT-00914,2025-09-03 00:00:00,ted,846.55,aplicativo,TARIFA PACOTE SERVICOS
TRX001020,CT-00225,2026-04-05 00:00:00,saque,276.67,,
TRX000228,CT-00245,2026-03-24 14:05:00,boleto,8907.99,internetbanking,PIX QR CODE
TRX001452,CT-00327,2026-03-28 00:00:00,saque,,internetbanking,NETFLIX.COM
TRX001539,CT-00534,2026-07-06 18:06:00,débitocartão,-100.35,caixaeletrônico,FARMACIA SAO JOAO
TRX001062,CT-00190,2025-12-10 20:12:00,pagamento,-715.53,caixaeletronico,PADARIA DO ZE
TRX001624,CT-00624,2026-04-25 16:27:00,deposito,14664.0,ib,IFOOD *IFOOD
TRX001561,CT-00086,2025-12-13 08:50:00,saque,0.0,aplicativo,UBER *TRIP
TRX001528,CT-00842,2026-05-04 22:34:00,pix,-236.46,atm,
TRX001025,CT-00667,2025-11-27 22:43:00,compradébito,-222.03,agência,PAG*MERCADOLIVRE
TRX001929,CT-00727,2026-03-05 21:40:00,ted,5707.82,aplicativo,
TRX000920,CT-00749,2026-06-19 00:00:00,pix,19.4,atm,NETFLIX.COM
TRX000922,CT-00326,2026-05-15 00:00:00,pagamento,277.24,internetbanking,PADARIA DO ZE
TRX000999,CT-00361,2025-09-28 22:15:00,pix,-121.82,agência,TRANSF ENTRE CONTAS
TRX001822,CT-00411,2025-10-26 00:00:00,débitocartão,84.31,app,IFOOD *IFOOD
TRX000068,CT-00410,2025-11-19 00:00:00,débitocartão,0.0,caixaeletronico,PADARIA DO ZE
TRX000969,CT-00410,2025-11-15 00:00:00,depósito,29483.08,agencia,TARIFA PACOTE SERVICOS
TRX000854,CT-00124,2025-12-23 00:24:00,pix,6783.36,agência,FOLHA PAGAMENTO
TRX000054,CT-00262,2026-05-29 00:00:00,debitocartao,133.91,atm,POSTO SHELL BR
TRX000869,CT-00245,2025-08-27 02:38:00,deposito,78.3,,FARMACIA SAO JOAO
TRX001042,CT-00338,2026-11-08 00:00:00,deposito,1302.8,internetbanking,AMAZON MKTPLACE
TRX000343,CT-00151,2026-08-15 17:36:00,deposito,83.64,app,POSTO SHELL BR
TRX000808,CT-00711,2026-03-09 00:00:00,saque,177.44,internetbanking,FOLHA PAGAMENTO
TRX001559,CT-00914,2025-09-29 03:11:00,pagamento,268.79,ib,RENDIMENTO POUPANCA
TRX000941,CT-00453,2025-10-21 18:43:00,ted,721.21,ib,IFOOD *IFOOD
TRX000521,CT-00068,2026-01-20 00:05:00,pagto,9367.5,atm,TARIFA PACOTE SERVICOS
TRX001919,CT-00466,2025-08-16 00:00:00,saque,-8751.47,app,TARIFA PACOTE SERVICOS
TRX000730,CT-00504,2025-03-10 00:00:00,pix,3397.14,ib,POSTO SHELL BR
TRX001376,CT-00262,2026-10-08 05:07:00,boleto,-1937.23,agencia,TRANSF ENTRE CONTAS
TRX000774,CT-00634,2025-12-25 00:00:00,pix,-173.31,internetbanking,SUPERMERCADO BOM PRECO
TRX000708,CT-00599,2026-05-25 00:00:00,saque,94.91,agência,TRANSF ENTRE CONTAS
TRX000143,CT-00199,2026-07-17 23:50:00,deposito,211.14,internetbanking,FOLHA PAGAMENTO
TRX001249,CT-00662,2025-12-06 00:00:00,pix,239.6,caixaeletrônico,PIX QR CODE
TRX000395,CT-00777,2026-05-16 00:00:00,boleto,-5744.82,caixaeletrônico,NETFLIX.COM
TRX002080,CT-00151,2025-01-09 12:39:00,depósito,3826.58,ib,FARMACIA SAO JOAO
TRX000600,CT-00759,2025-12-08 00:00:00,ted,8171.43,internetbanking,FOLHA PAGAMENTO
TRX000689,CT-00284,2026-02-17 00:00:00,saque,290.18,agência,IFOOD *IFOOD
TRX001692,CT-00834,2026-04-30 00:00:00,saque,-101.64,caixaeletrônico,SUPERMERCADO BOM PRECO
TRX001948,CT-00755,2026-03-27 00:00:00,saque,61.87,atm,PIX QR CODE
TRX000492,CT-00714,2025-12-28 00:00:00,pagamento,-18026.91,caixaeletrônico,NETFLIX.COM
TRX002079,CT-00193,2025-12-30 00:00:00,ted,65.23,caixaeletronico,PADARIA DO ZE
TRX000037,CT-00264,2025-09-20 05:14:00,boleto,39.1,,AMAZON MKTPLACE
TRX000894,CT-00233,2025-08-25 00:00:00,pix,-1613.39,atm,RENDIMENTO POUPANCA
TRX000171,CT-00007,2026-11-07 10:03:00,pix,177.4,agencia,NETFLIX.COM
TRX001393,CT-00749,2026-03-26 10:34:00,doc,-252.18,ib,UBER *TRIP
TRX001377,CT-00501,2025-12-21 22:21:00,pagamento,-92.13,internetbanking,NETFLIX.COM
TRX000913,CT-00320,2025-09-08 07:41:00,boleto,1684.66,app,AMAZON MKTPLACE
TRX000243,CT-00747,2026-04-28 00:00:00,pix,288.27,caixaeletrônico,TARIFA PACOTE SERVICOS
TRX001415,CT-00079,2026-05-31 00:00:00,boleto,1679.04,app,POSTO SHELL BR
TRX001057,CT-00711,2025-09-21 00:02:00,deposito,1711.09,caixaeletronico,AMAZON MKTPLACE
TRX000550,CT-00257,2026-02-10 17:03:00,pix,889.44,agencia,PADARIA DO ZE
TRX000457,CT-00571,2025-12-20 21:56:00,ted,94.43,caixaeletrônico,
TRX002028,CT-00725,2026-10-07 10:13:00,deposito,256.13,atm,PAG*MERCADOLIVRE
TRX001024,CT-00073,2026-12-06 00:00:00,deposito,14895.11,ib,PADARIA DO ZE
TRX000534,CT-00418,2026-01-29 00:00:00,doc,830.63,app,SUPERMERCADO BOM PRECO
TRX001022,CT-00060,2026-04-18 07:09:00,pix,1857.09,internetbanking,PADARIA DO ZE
TRX001197,CT-00059,2026-06-25 00:00:00,boleto,12936.07,ib,PADARIA DO ZE
TRX000328,CT-00603,2025-08-25 00:00:00,depósito,29644.03,agencia,IFOOD *IFOOD
TRX000975,CT-00892,2025-10-26 00:00:00,deposito,94.73,app,FARMACIA SAO JOAO
TRX000858,CT-00665,2026-07-01 20:11:00,pagto,192.54,ib,RENDIMENTO POUPANCA
TRX001202,CT-00845,2026-02-10 07:30:00,ted,-137.01,app,UBER *TRIP
TRX000684,CT-01028,2026-07-28 00:00:00,compradébito,144.28,aplicativo,
TRX001880,CT-00688,2026-08-07 04:37:00,ted,-1697.25,caixaeletrônico,POSTO SHELL BR
TRX000010,CT-00524,2026-05-14 00:00:00,ted,1303.19,internetbanking,POSTO SHELL BR
TRX001843,CT-00029,2026-02-17 00:00:00,pix,-843.72,caixaeletronico,AMAZON MKTPLACE
TRX001408,CT-00769,2026-03-15 00:00:00,pix,183.13,aplicativo,UBER *TRIP
TRX000766,CT-00667,2025-11-09 07:55:00,debitocartao,375.53,agencia,POSTO SHELL BR
TRX001421,CT-00142,2026-05-20 13:56:00,pix,141.06,agência,IFOOD *IFOOD
TRX000935,CT-00519,2025-10-17 00:00:00,pix,2263.23,aplicativo,
TRX000314,CT-00438,2026-05-12 00:00:00,pagto,,internetbanking,PIX QR CODE
TRX000788,CT-00503,2026-03-27 00:00:00,ted,72.59,,UBER *TRIP
TRX000249,CT-00600,2025-06-12 10:00:00,pix,40.29,internetbanking,PADARIA DO ZE
TRX000447,CT-01022,2026-04-01 18:11:00,pagto,1472.36,atm,
TRX001709,CT-00182,2025-11-19 01:29:00,boleto,11130.97,internetbanking,RENDIMENTO POUPANCA
TRX001715,CT-00724,2026-01-08 05:14:00,pix,13.68,app,TARIFA PACOTE SERVICOS
TRX001759,CT-00725,2026-03-24 00:00:00,boleto,153.27,agencia,FOLHA PAGAMENTO
TRX001950,CT-00533,2026-03-17 12:19:00,ted,-135.13,caixaeletrônico,IFOOD *IFOOD
TRX000705,CT-00796,2026-06-27 00:38:00,ted,7144.48,agencia,SUPERMERCADO BOM PRECO
TRX001585,CT-00103,2025-10-22 05:41:00,débitocartão,701.11,app,FARMACIA SAO JOAO
TRX001744,CT-00168,2026-06-17 15:37:00,boleto,-77.56,caixaeletrônico,SUPERMERCADO BOM PRECO
TRX001327,CT-00575,2025-03-09 12:38:00,pagamento,186.54,agência,SUPERMERCADO BOM PRECO
TRX000915,CT-00564,2026-11-04 00:00:00,saque,-46119.44,caixaeletronico,UBER *TRIP
TRX000075,CT-00337,2025-11-25 10:18:00,ted,1796.23,internetbanking,IFOOD *IFOOD
TRX000234,CT-00123,2026-07-21 00:00:00,deposito,202.36,app,POSTO SHELL BR
TRX000129,CT-00150,2025-12-12 05:02:00,boleto,10.23,caixaeletronico,IFOOD *IFOOD
TRX000257,CT-00249,2025-11-01 00:00:00,pix,104.3,internetbanking,FOLHA PAGAMENTO
TRX000434,CT-00058,2025-10-24 00:00:00,ted,1184.68,app,PADARIA DO ZE
TRX001501,CT-00396,2026-01-03 11:14:00,deposito,0.0,agencia,AMAZON MKTPLACE
TRX001924,CT-00716,2025-08-08 19:40:00,boleto,221.28,app,POSTO SHELL BR
TRX000377,CT-00440,2026-09-05 17:54:00,boleto,,app,FOLHA PAGAMENTO
TRX000529,CT-00887,2025-11-27 13:16:00,débitocartão,399.25,agencia,IFOOD *IFOOD
TRX001823,CT-00725,2026-10-03 00:00:00,pagamento,184.02,app,IFOOD *IFOOD
TRX001161,CT-00180,2026-04-13 00:00:00,ted,117.69,internetbanking,POSTO SHELL BR
TRX000291,CT-00698,2026-09-04 03:05:00,depósito,42.59,internetbanking,IFOOD *IFOOD
TRX000020,CT-00435,2025-11-12 00:00:00,ted,0.0,atm,NETFLIX.COM
TRX002064,CT-00722,2025-12-28 04:06:00,ted,435.96,app,FOLHA PAGAMENTO
TRX001600,CT-00141,2026-07-23 00:00:00,saque,305.11,app,SUPERMERCADO BOM PRECO
TRX001002,CT-00146,2026-02-20 00:00:00,boleto,-6025.56,internetbanking,PAG*MERCADOLIVRE
TRX000612,CT-00385,2026-05-21 00:00:00,pix,,agencia,AMAZON MKTPLACE
TRX000543,CT-00352,2025-12-31 23:00:00,ted,867.29,caixaeletronico,PIX QR CODE
TRX000426,CT-00389,2025-12-23 04:13:00,boleto,216.78,caixaeletronico,TARIFA PACOTE SERVICOS
TRX001439,CT-00659,2026-05-23 00:00:00,pix,9693.04,app,PIX QR CODE
TRX000252,CT-00118,2026-05-04 01:15:00,boleto,1413.13,internetbanking,NETFLIX.COM
TRX001578,CT-00479,2026-07-30 13:06:00,depósito,39.46,app,AMAZON MKTPLACE
TRX000669,CT-00430,2026-07-06 10:50:00,compradébito,234.56,atm,PIX QR CODE
TRX000006,CT-00287,2026-03-22 00:00:00,ted,259.97,agencia,SUPERMERCADO BOM PRECO
TRX000688,CT-00934,2025-12-09 00:00:00,depósito,1868.85,caixaeletronico,TARIFA PACOTE SERVICOS
TRX001996,CT-00272,2025-10-20 00:00:00,compradébito,,agencia,SUPERMERCADO BOM PRECO
TRX000830,CT-00141,2025-12-10 09:46:00,pix,1447.41,agencia,IFOOD *IFOOD
TRX001871,CT-00602,2025-12-31 00:00:00,pagto,169.19,app,IFOOD *IFOOD
TRX001149,CT-00935,2026-02-07 10:53:00,deposito,991.63,agência,RENDIMENTO POUPANCA
TRX000762,CT-00726,2026-02-23 00:00:00,débitocartão,539.0,caixaeletronico,SUPERMERCADO BOM PRECO
TRX001652,CT-00517,2026-02-25 00:00:00,pagamento,-1874.76,ib,AMAZON MKTPLACE
TRX000895,CT-00683,2025-11-23 00:00:00,débitocartão,-1282.46,agencia,TARIFA PACOTE SERVICOS
TRX001121,CT-00659,2026-05-04 19:47:00,deposito,691.62,ib,FOLHA PAGAMENTO
TRX000835,CT-00082,2026-06-22 00:00:00,boleto,245.08,ib,SUPERMERCADO BOM PRECO
TRX001707,CT-00867,2025-11-17 23:07:00,compradébito,1342.33,app,UBER *TRIP
TRX000673,CT-00247,2026-03-01 00:00:00,pagto,1232.71,agencia,PAG*MERCADOLIVRE
TRX001162,CT-00216,2026-07-18 01:47:00,boleto,1196.85,caixaeletrônico,RENDIMENTO POUPANCA
TRX000048,CT-00478,2025-08-18 13:48:00,ted,-134.09,internetbanking,POSTO SHELL BR
TRX001849,CT-00840,2025-08-10 00:00:00,ted,-62461.28,app,POSTO SHELL BR
TRX000294,CT-00684,2025-12-30 02:25:00,pix,215.8,aplicativo,SUPERMERCADO BOM PRECO
TRX000170,CT-00865,2026-11-02 23:03:00,debitocartao,,,POSTO SHELL BR
TRX001276,CT-00243,2026-07-15 01:47:00,doc,271.31,caixaeletrônico,TARIFA PACOTE SERVICOS
TRX000128,CT-00665,2026-03-06 00:00:00,debitocartao,289.01,ib,TARIFA PACOTE SERVICOS
TRX001281,CT-00915,2025-08-08 14:53:00,ted,204.36,agencia,UBER *TRIP
TRX001696,CT-00606,2026-03-17 21:32:00,pix,-1490.4,atm,POSTO SHELL BR
TRX001717,CT-00380,2026-02-07 00:00:00,pagamento,374.26,aplicativo,POSTO SHELL BR
TRX001369,CT-00597,2026-05-19 00:00:00,deposito,1086.92,caixaeletronico,TRANSF ENTRE CONTAS
TRX000576,CT-00389,2026-01-19 06:24:00,deposito,15.31,app,UBER *TRIP
TRX000654,CT-00456,2026-02-07 16:59:00,saque,0.0,ib,PADARIA DO ZE
TRX001355,CT-00635,2026-08-07 21:23:00,doc,1671.09,agencia,POSTO SHELL BR
TRX002052,CT-00830,2025-06-11 00:00:00,pix,245.53,internetbanking,FARMACIA SAO JOAO
TRX001518,CT-00711,2025-05-09 00:00:00,pagamento,162.2,app,FARMACIA SAO JOAO
TRX001815,CT-00822,2026-01-22 00:00:00,boleto,999.5,app,SUPERMERCADO BOM PRECO
TRX001839,CT-00512,2025-10-30 00:00:00,ted,64306.14,app,POSTO SHELL BR
TRX000469,CT-00781,2026-06-20 01:56:00,ted,1340.26,ib,PADARIA DO ZE
TRX001614,CT-00620,2026-01-21 07:53:00,pix,-185.69,app,SUPERMERCADO BOM PRECO
TRX001981,CT-00616,2025-08-18 04:53:00,ted,,agencia,AMAZON MKTPLACE
TRX002066,CT-00725,2026-12-08 13:54:00,boleto,248.45,ib,FOLHA PAGAMENTO
TRX000967,CT-00533,2025-09-28 00:18:00,ted,198.69,agencia,AMAZON MKTPLACE
TRX001010,CT-00168,2026-06-05 00:00:00,doc,-924.28,caixaeletrônico,PADARIA DO ZE
TRX000396,CT-00529,2026-01-14 00:00:00,deposito,39.02,app,FOLHA PAGAMENTO
TRX000553,CT-00897,2026-03-22 16:26:00,boleto,219.45,internetbanking,TARIFA PACOTE SERVICOS
TRX001569,CT-00297,2026-08-07 00:00:00,debitocartao,-214.85,app,PAG*MERCADOLIVRE
TRX001831,CT-00600,2026-05-04 21:14:00,debitocartao,,internetbanking,AMAZON MKTPLACE
TRX000361,CT-00446,2026-01-23 00:00:00,ted,-185.93,agência,FOLHA PAGAMENTO
TRX001934,CT-00835,2026-03-01 00:00:00,depósito,30191.28,internetbanking,IFOOD *IFOOD
TRX001323,CT-00659,2026-03-31 09:16:00,boleto,4313.26,agência,PAG*MERCADOLIVRE
TRX001204,CT-00149,2026-05-24 00:00:00,pagto,1313.06,,SUPERMERCADO BOM PRECO
TRX001608,CT-00830,2025-11-12 00:00:00,pix,-150.06,app,TRANSF ENTRE CONTAS
TRX000608,CT-00384,2025-03-09 23:17:00,pagto,1501.37,agencia,POSTO SHELL BR
TRX000137,CT-00915,2026-07-18 00:00:00,pagto,-6382.1,agência,TARIFA PACOTE SERVICOS
TRX001294,CT-00553,2025-09-20 17:55:00,boleto,37.54,ib,TARIFA PACOTE SERVICOS
TRX001785,CT-00918,2025-09-28 00:00:00,debitocartao,6430.87,app,
TRX001700,CT-00309,2026-09-02 00:00:00,debitocartao,23529.05,agencia,PAG*MERCADOLIVRE
TRX000929,CT-00622,2025-10-25 00:00:00,ted,241.25,agencia,
TRX001241,CT-00794,2025-10-20 04:06:00,debitocartao,26.41,atm,FARMACIA SAO JOAO
TRX001331,CT-00771,2025-08-14 00:00:00,deposito,908.06,,FOLHA PAGAMENTO
TRX001330,CT-00145,2025-11-21 00:00:00,debitocartao,123.62,caixaeletrônico,PADARIA DO ZE
TRX001219,CT-00476,2025-12-15 02:34:00,compradébito,226.42,agencia,TARIFA PACOTE SERVICOS
TRX001617,CT-01011,2025-08-05 23:40:00,depósito,89.61,caixaeletrônico,NETFLIX.COM
TRX000510,CT-00828,2026-01-08 21:25:00,ted,178.43,caixaeletrônico,SUPERMERCADO BOM PRECO
TRX001160,CT-00414,2026-05-03 00:00:00,pagto,105.68,internetbanking,FARMACIA SAO JOAO
TRX001556,CT-00231,2025-08-04 18:05:00,pagamento,566.24,internetbanking,IFOOD *IFOOD
TRX000582,CT-00552,2026-01-20 13:24:00,ted,,aplicativo,FARMACIA SAO JOAO
TRX000848,CT-01010,2026-05-13 00:00:00,pix,1727.29,agencia,TRANSF ENTRE CONTAS
TRX000804,CT-00222,2026-07-06 00:00:00,doc,8242.2,atm,SUPERMERCADO BOM PRECO
TRX002016,CT-00691,2025-12-08 19:44:00,debitocartao,153.88,caixaeletronico,RENDIMENTO POUPANCA
TRX001865,CT-00248,2026-07-09 11:38:00,boleto,231.02,app,AMAZON MKTPLACE
TRX000064,CT-00464,2026-07-01 03:39:00,pix,-21.4,internetbanking,PIX QR CODE
TRX001247,CT-00857,2026-06-18 00:00:00,ted,60.8,,SUPERMERCADO BOM PRECO
TRX001946,CT-00713,2025-10-18 10:32:00,compradébito,-21.41,internetbanking,TRANSF ENTRE CONTAS
TRX000544,CT-00178,2025-11-10 01:51:00,ted,479.12,aplicativo,AMAZON MKTPLACE
TRX001958,CT-00586,2026-02-14 09:57:00,deposito,718.01,aplicativo,
TRX001304,CT-00259,2025-08-05 00:00:00,compradébito,1656.95,ib,FARMACIA SAO JOAO
TRX000801,CT-00163,2026-03-13 00:00:00,pix,87.07,caixaeletrônico,SUPERMERCADO BOM PRECO
TRX000566,CT-00602,2026-06-24 01:33:00,boleto,49.17,aplicativo,UBER *TRIP
TRX001454,CT-00279,2025-10-08 16:09:00,pagamento,11876.56,ib,PIX QR CODE
TRX001045,CT-00197,2026-08-07 00:00:00,pix,13972.56,app,SUPERMERCADO BOM PRECO
TRX001560,CT-00515,2025-09-25 00:00:00,boleto,,,RENDIMENTO POUPANCA
TRX000723,CT-00105,2026-09-02 00:00:00,ted,-1017.27,app,UBER *TRIP
TRX000906,CT-00448,2026-02-24 13:30:00,pix,269.48,app,RENDIMENTO POUPANCA
TRX001316,CT-00980,2026-03-30 00:00:00,pix,-426.02,app,FARMACIA SAO JOAO
TRX000193,CT-00794,2026-04-22 16:33:00,débitocartão,50687.9,app,NETFLIX.COM
TRX000199,CT-00470,2025-09-05 00:00:00,boleto,51.12,caixaeletronico,TRANSF ENTRE CONTAS
TRX001014,CT-00222,2026-06-19 00:00:00,deposito,235.76,agencia,IFOOD *IFOOD
TRX000046,CT-00184,2025-09-09 00:00:00,pix,143.87,internetbanking,TRANSF ENTRE CONTAS
TRX000893,CT-00557,2026-11-04 00:00:00,boleto,,,AMAZON MKTPLACE
TRX000618,CT-00115,2026-07-18 02:04:00,pix,,app,RENDIMENTO POUPANCA
TRX000660,CT-00669,2025-12-14 00:00:00,saque,-7431.91,,PIX QR CODE
TRX001073,CT-01027,2026-04-01 00:00:00,saque,743.04,agência,NETFLIX.COM
TRX000480,CT-00180,2025-09-28 00:00:00,doc,4097.71,app,IFOOD *IFOOD
TRX000487,CT-00165,2025-09-08 12:35:00,débitocartão,135.89,agencia,IFOOD *IFOOD
TRX000422,CT-00558,2026-02-21 11:38:00,deposito,12048.38,app,FOLHA PAGAMENTO
TRX000401,CT-00031,2025-10-08 00:00:00,deposito,137.7,app,PADARIA DO ZE
TRX001607,CT-00900,2025-11-21 00:00:00,boleto,90.51,ib,TARIFA PACOTE SERVICOS
TRX002005,CT-00203,2026-06-01 00:00:00,depósito,493.75,internetbanking,FOLHA PAGAMENTO
TRX000641,CT-00003,2026-06-30 00:00:00,pagto,800.07,,PIX QR CODE
TRX001324,CT-00469,2025-09-26 13:22:00,doc,9132.01,agencia,
TRX000477,CT-00645,2025-11-22 00:00:00,deposito,16.5,ib,UBER *TRIP
TRX001301,CT-00058,2025-10-17 08:29:00,deposito,26610.52,app,AMAZON MKTPLACE
TRX001901,CT-00252,2026-02-23 00:00:00,doc,-143.61,atm,PAG*MERCADOLIVRE
TRX001925,CT-00885,2025-08-17 00:00:00,saque,16.08,agência,SUPERMERCADO BOM PRECO
TRX000337,CT-00203,2025-09-12 00:00:00,débitocartão,894.48,caixaeletronico,AMAZON MKTPLACE
TRX001261,CT-00914,2025-12-24 16:32:00,pix,0.0,app,PIX QR CODE
TRX002010,CT-00214,2026-09-05 00:00:00,doc,115.05,atm,TRANSF ENTRE CONTAS
TRX000551,CT-00497,2025-02-10 00:00:00,saque,600.63,agencia,IFOOD *IFOOD
TRX001591,CT-00028,2026-03-30 11:48:00,pagto,860.69,agencia,SUPERMERCADO BOM PRECO
TRX001055,CT-00250,2025-09-23 00:00:00,débitocartão,208.46,agencia,FOLHA PAGAMENTO
TRX000111,CT-00969,2026-07-30 00:00:00,boleto,167.89,app,IFOOD *IFOOD
TRX001124,CT-00704,2025-12-11 00:00:00,pix,393.81,agencia,
TRX000195,CT-00004,2026-04-20 00:11:00,ted,74.65,internetbanking,RENDIMENTO POUPANCA
TRX001009,CT-00868,2025-12-23 00:00:00,compradébito,132.59,agencia,PADARIA DO ZE
TRX000454,CT-00694,2026-03-12 00:30:00,saque,14315.26,atm,FARMACIA SAO JOAO
TRX001777,CT-00841,2026-06-03 06:02:00,débitocartão,-652.05,app,AMAZON MKTPLACE
TRX002062,CT-00853,2026-03-31 06:13:00,saque,3363.53,agência,NETFLIX.COM
TRX000413,CT-00566,2026-01-19 21:05:00,pix,215.31,app,PADARIA DO ZE
TRX000786,CT-00490,2025-09-16 07:42:00,debitocartao,5664.46,agencia,FOLHA PAGAMENTO
TRX000039,CT-00569,2026-06-24 17:57:00,pix,-271.29,atm,PADARIA DO ZE
TRX000349,CT-00290,2026-03-17 00:00:00,deposito,1875.21,agencia,SUPERMERCADO BOM PRECO
TRX000580,CT-00955,2026-02-20 00:00:00,boleto,1340.16,caixaeletronico,IFOOD *IFOOD
TRX001638,CT-00916,2025-09-10 00:00:00,pix,-7059.0,app,TRANSF ENTRE CONTAS
TRX001587,CT-00826,2026-05-19 14:26:00,pagamento,209.66,ib,
TRX000218,CT-00364,2026-07-17 00:00:00,boleto,5961.06,app,PAG*MERCADOLIVRE
TRX000908,CT-00094,2025-02-12 00:00:00,pix,211.78,agencia,RENDIMENTO POUPANCA
TRX001270,CT-00513,2026-03-08 20:24:00,ted,4706.87,app,SUPERMERCADO BOM PRECO
TRX000251,CT-00666,2025-10-31 23:33:00,pagto,1874.22,atm,POSTO SHELL BR
TRX002025,CT-00613,2026-01-30 05:40:00,boleto,-143.1,internetbanking,SUPERMERCADO BOM PRECO
TRX001828,CT-00223,2025-12-22 00:00:00,ted,207.09,agencia,PIX QR CODE
TRX000957,CT-00027,2026-08-02 00:00:00,ted,25274.86,,FOLHA PAGAMENTO
TRX000383,CT-00120,2026-05-21 00:00:00,deposito,443.25,caixaeletronico,SUPERMERCADO BOM PRECO
TRX000118,CT-00452,2026-08-04 00:00:00,boleto,101.1,caixaeletrônico,PIX QR CODE
TRX000379,CT-00201,2026-05-25 00:00:00,doc,-192.39,atm,RENDIMENTO POUPANCA
TRX001577,CT-00874,2026-08-08 13:07:00,pix,56.89,agencia,RENDIMENTO POUPANCA
TRX002074,CT-00290,2026-10-04 00:00:00,boleto,40.5,,PADARIA DO ZE
TRX001090,CT-00087,2026-08-15 00:00:00,boleto,21.66,atm,FOLHA PAGAMENTO
TRX001562,CT-00589,2026-02-24 01:57:00,pagto,21.56,caixaeletrônico,
TRX000764,CT-01019,2025-01-10 00:00:00,doc,34.23,atm,RENDIMENTO POUPANCA
TRX000179,CT-00322,2026-04-04 00:00:00,débitocartão,-63511.8,caixaeletronico,PADARIA DO ZE
TRX000728,CT-00078,2025-09-14 00:00:00,pix,12985.05,,PIX QR CODE
TRX001291,CT-00713,2025-09-12 10:26:00,pagamento,1224.46,agência,FOLHA PAGAMENTO
TRX000613,CT-00546,2026-04-29 20:31:00,boleto,0.0,caixaeletronico,FOLHA PAGAMENTO
TRX001119,CT-00987,2026-03-14 00:00:00,boleto,1236.77,app,
TRX000574,CT-00846,2026-04-28 00:00:00,deposito,1317.91,ib,AMAZON MKTPLACE
TRX001412,CT-00470,2025-10-09 00:00:00,depósito,151.24,,IFOOD *IFOOD
TRX001158,CT-00272,2026-01-16 00:00:00,deposito,274.31,app,PADARIA DO ZE
TRX000009,CT-00230,2025-08-10 10:46:00,deposito,170.52,app,
TRX001570,CT-00248,2026-04-21 00:00:00,boleto,171.7,,
TRX000240,CT-00364,2026-02-20 05:53:00,saque,129.63,app,FOLHA PAGAMENTO
TRX001708,CT-00883,2026-06-27 00:00:00,boleto,611.06,agência,
TRX000946,CT-00833,2025-11-05 00:32:00,boleto,-9.83,caixaeletronico,TRANSF ENTRE CONTAS
TRX001588,CT-00479,2026-06-03 19:49:00,boleto,1807.95,caixaeletronico,TARIFA PACOTE SERVICOS
TRX000917,CT-00129,2026-01-09 03:15:00,boleto,-54.88,aplicativo,FARMACIA SAO JOAO
TRX000236,CT-00118,2025-12-31 00:00:00,deposito,10784.9,caixaeletronico,UBER *TRIP
TRX001396,CT-00232,2025-09-19 00:00:00,pix,8748.18,,FARMACIA SAO JOAO
TRX000802,CT-00777,2026-01-21 16:29:00,boleto,,agencia,POSTO SHELL BR
TRX002048,CT-00383,2025-12-16 03:49:00,boleto,-1465.52,app,PADARIA DO ZE
TRX002044,CT-00832,2025-09-30 19:55:00,débitocartão,179.68,caixaeletronico,POSTO SHELL BR
TRX001507,CT-00454,2026-04-08 00:00:00,pagamento,804.74,agencia,PIX QR CODE
TRX000784,CT-00464,2025-09-15 17:13:00,compradébito,-275.53,aplicativo,
TRX001710,CT-00837,2026-08-14 00:00:00,boleto,1530.55,internetbanking,PIX QR CODE
TRX001136,CT-00689,2025-10-12 09:58:00,saque,10808.49,atm,PIX QR CODE
TRX001672,CT-00710,2025-12-15 10:23:00,ted,58.41,caixaeletronico,PAG*MERCADOLIVRE
TRX001961,CT-00063,2025-04-11 00:00:00,doc,173.65,internetbanking,RENDIMENTO POUPANCA
TRX000805,CT-00102,2025-06-08 07:33:00,ted,1500.51,caixaeletronico,PADARIA DO ZE
TRX001363,CT-00772,2026-06-13 00:00:00,depósito,46.21,agencia,POSTO SHELL BR
TRX001030,CT-00479,2025-10-12 00:00:00,debitocartao,73.92,,PADARIA DO ZE
TRX001318,CT-00040,2026-06-24 00:00:00,saque,-291.67,app,RENDIMENTO POUPANCA
TRX001475,CT-00500,2026-03-23 00:00:00,boleto,127.02,agencia,IFOOD *IFOOD
TRX001350,CT-00216,2026-06-23 00:00:00,compradébito,6.89,app,FOLHA PAGAMENTO
TRX000060,CT-00311,2025-01-09 00:00:00,pagto,1201.33,internetbanking,FOLHA PAGAMENTO
TRX000120,CT-00056,2026-09-04 15:05:00,deposito,1426.68,aplicativo,SUPERMERCADO BOM PRECO
TRX000414,CT-00103,2025-09-07 22:45:00,pix,57.63,agencia,RENDIMENTO POUPANCA
TRX001894,CT-00453,2026-03-10 00:00:00,pagamento,-1899.94,internetbanking,IFOOD *IFOOD
TRX002081,CT-00525,2025-10-26 00:00:00,pagamento,-1324.69,agencia,RENDIMENTO POUPANCA
TRX001406,CT-00159,2026-04-13 00:00:00,ted,-98.1,aplicativo,TRANSF ENTRE CONTAS
TRX000041,CT-00529,2026-07-30 20:00:00,boleto,1435.62,agencia,SUPERMERCADO BOM PRECO
TRX001628,CT-00531,2026-06-08 04:42:00,deposito,1393.79,,PIX QR CODE
TRX000820,CT-00219,2025-10-26 05:17:00,débitocartão,1256.25,agência,TRANSF ENTRE CONTAS
TRX000722,CT-00714,2026-07-12 21:26:00,pagamento,0.0,agencia,FOLHA PAGAMENTO
TRX001926,CT-00268,2025-03-09 00:00:00,pagto,-1963.67,caixaeletronico,RENDIMENTO POUPANCA
TRX001370,CT-00611,2026-02-25 12:54:00,compradébito,219.88,aplicativo,FARMACIA SAO JOAO
TRX001742,CT-00660,2026-06-28 00:02:00,doc,,app,FOLHA PAGAMENTO
TRX000308,CT-00246,2025-11-15 00:00:00,boleto,52.43,internetbanking,
TRX001142,CT-00321,2025-11-07 07:23:00,doc,,,PIX QR CODE
TRX000331,CT-00465,2025-08-25 01:22:00,boleto,-18.55,agência,PADARIA DO ZE
TRX000939,CT-00716,2026-06-23 08:30:00,ted,69.58,aplicativo,AMAZON MKTPLACE
TRX000622,CT-00315,2026-01-08 00:00:00,compradébito,117.35,internetbanking,PIX QR CODE
TRX001910,CT-00954,2026-06-18 20:35:00,débitocartão,-258.5,app,PAG*MERCADOLIVRE
TRX000262,CT-00454,2025-12-16 22:34:00,ted,1760.17,caixaeletrônico,
TRX001896,CT-00543,2026-03-26 00:00:00,débitocartão,-1692.29,internetbanking,PADARIA DO ZE
TRX001434,CT-00268,2026-05-17 00:00:00,ted,1711.79,ib,PIX QR CODE
TRX001103,CT-00711,2026-01-22 16:33:00,boleto,843.87,agência,UBER *TRIP
TRX001572,CT-00840,2025-12-18 00:00:00,boleto,-10492.68,internetbanking,NETFLIX.COM
TRX000001,CT-00660,2026-01-26 13:53:00,boleto,-1596.48,internetbanking,TARIFA PACOTE SERVICOS
TRX000632,CT-00022,2026-07-19 00:00:00,ted,80.91,agência,IFOOD *IFOOD
TRX000609,CT-00194,2025-12-14 16:59:00,doc,0.0,aplicativo,SUPERMERCADO BOM PRECO
TRX000579,CT-00516,2026-01-20 00:00:00,saque,104.88,app,TRANSF ENTRE CONTAS
TRX001671,CT-00683,2025-12-19 06:56:00,pagto,142.45,agencia,SUPERMERCADO BOM PRECO
TRX001258,CT-00390,2025-02-12 00:00:00,boleto,-14412.74,aplicativo,NETFLIX.COM
TRX000160,CT-00332,2026-01-04 00:00:00,débitocartão,280.63,ib,IFOOD *IFOOD
TRX000065,CT-00852,2025-11-22 00:00:00,compradébito,291.12,atm,FARMACIA SAO JOAO
TRX002022,CT-00844,2025-11-16 10:49:00,pix,42.41,internetbanking,PAG*MERCADOLIVRE
TRX000571,CT-00537,2025-11-29 00:00:00,boleto,-1748.71,aplicativo,
TRX000187,CT-00124,2026-03-20 18:40:00,pix,68.56,agencia,UBER *TRIP
TRX000045,CT-00498,2025-09-09 03:36:00,pagamento,40.06,internetbanking,AMAZON MKTPLACE
TRX000102,CT-00037,2026-01-16 02:26:00,pagamento,938.35,agência,AMAZON MKTPLACE
TRX000330,CT-00986,2026-12-06 00:00:00,saque,8585.19,caixaeletronico,SUPERMERCADO BOM PRECO
TRX001678,CT-00369,2025-12-30 00:00:00,pagamento,-63126.35,app,UBER *TRIP
TRX000484,CT-00492,2025-09-13 15:54:00,pix,2252.75,caixaeletronico,IFOOD *IFOOD
TRX001199,CT-00442,2026-07-05 00:00:00,debitocartao,237.16,agencia,TARIFA PACOTE SERVICOS
TRX000465,CT-00505,2026-02-03 00:00:00,débitocartão,241.63,atm,IFOOD *IFOOD
TRX000341,CT-00542,2025-10-26 17:37:00,boleto,2367.51,app,SUPERMERCADO BOM PRECO
TRX000049,CT-00320,2025-09-16 00:00:00,boleto,75.55,atm,
TRX001455,CT-00495,2026-12-01 03:54:00,deposito,1711.37,app,NETFLIX.COM
TRX000357,CT-00685,2025-06-11 20:05:00,deposito,,internetbanking,TRANSF ENTRE CONTAS
TRX000936,CT-00456,2025-08-17 00:47:00,debitocartao,212.3,caixaeletronico,UBER *TRIP
TRX001681,CT-00165,2026-03-05 00:00:00,saque,-226.39,aplicativo,PAG*MERCADOLIVRE
TRX000214,CT-00522,2026-02-17 00:00:00,deposito,433.11,aplicativo,RENDIMENTO POUPANCA
TRX000856,CT-00221,2025-10-14 22:09:00,deposito,0.0,aplicativo,TARIFA PACOTE SERVICOS
TRX001666,CT-00571,2025-10-01 00:08:00,pagto,45.15,agencia,FOLHA PAGAMENTO
TRX001553,CT-00200,2026-11-07 13:43:00,pix,-266.39,app,
TRX000892,CT-00459,2026-04-07 00:00:00,saque,287.44,aplicativo,TRANSF ENTRE CONTAS
TRX000421,CT-00612,2026-04-06 06:11:00,compradébito,-1102.7,agência,SUPERMERCADO BOM PRECO
TRX001745,CT-00660,2025-12-13 00:00:00,saque,25823.97,agencia,TARIFA PACOTE SERVICOS
TRX001362,CT-00469,2026-03-04 00:00:00,saque,61.23,internetbanking,PAG*MERCADOLIVRE
TRX001908,CT-00108,2025-10-30 14:44:00,saque,235.66,atm,RENDIMENTO POUPANCA
TRX001272,CT-00476,2026-01-24 00:00:00,deposito,410.68,app,TARIFA PACOTE SERVICOS
TRX000530,CT-00798,2025-10-24 00:00:00,saque,284.97,app,AMAZON MKTPLACE
TRX001529,CT-00545,2026-05-19 00:00:00,pagto,93.75,app,POSTO SHELL BR
TRX000290,CT-00649,2026-07-23 14:36:00,pagamento,1043.26,aplicativo,SUPERMERCADO BOM PRECO
TRX000862,CT-00121,2026-06-08 03:40:00,pix,1161.95,,RENDIMENTO POUPANCA
TRX001076,CT-00633,2026-07-11 00:00:00,pix,-183.41,app,PADARIA DO ZE
TRX001259,CT-00440,2026-04-25 14:57:00,pagto,174.04,aplicativo,PIX QR CODE
TRX001531,CT-00878,2026-07-17 00:00:00,pix,1388.19,caixaeletrônico,PAG*MERCADOLIVRE
TRX001798,CT-00330,2026-06-26 21:43:00,compradébito,9535.11,aplicativo,PADARIA DO ZE
TRX000512,CT-00293,2026-03-08 15:39:00,doc,10915.23,internetbanking,
TRX000816,CT-00369,2026-05-25 18:31:00,pix,1516.73,aplicativo,PAG*MERCADOLIVRE
TRX002015,CT-00858,2025-09-10 18:46:00,ted,,,RENDIMENTO POUPANCA
TRX001159,CT-00020,2025-08-04 00:00:00,deposito,58.86,agencia,RENDIMENTO POUPANCA
TRX000161,CT-00710,2026-06-29 13:33:00,ted,13133.01,,UBER *TRIP
TRX000296,CT-00049,2025-08-28 00:51:00,ted,161.84,atm,FARMACIA SAO JOAO
TRX000813,CT-00833,2025-09-03 08:56:00,deposito,269.68,caixaeletrônico,PAG*MERCADOLIVRE
TRX000897,CT-00860,2026-12-03 12:33:00,deposito,42.48,caixaeletrônico,PADARIA DO ZE
TRX001399,CT-00547,2026-02-23 04:10:00,deposito,1697.21,aplicativo,
TRX001888,CT-00040,2026-05-30 23:23:00,debitocartao,,aplicativo,SUPERMERCADO BOM PRECO
TRX001275,CT-00522,2026-04-25 00:00:00,saque,43.5,agencia,AMAZON MKTPLACE
TRX000879,CT-00439,2025-10-31 22:47:00,depósito,20.63,app,RENDIMENTO POUPANCA
TRX000202,CT-00657,2026-04-21 00:00:00,débitocartão,-1774.23,caixaeletrônico,
TRX001620,CT-00396,2025-12-25 12:26:00,pix,810.94,,SUPERMERCADO BOM PRECO
TRX001466,CT-00795,2026-08-15 00:00:00,compradébito,-805.19,aplicativo,NETFLIX.COM
TRX002040,CT-00066,2026-04-19 00:00:00,pix,44290.15,app,AMAZON MKTPLACE
TRX001123,CT-00539,2026-02-15 00:00:00,depósito,12601.89,caixaeletronico,NETFLIX.COM
TRX001526,CT-00409,2025-09-26 00:00:00,depósito,7.21,atm,AMAZON MKTPLACE
TRX000880,CT-00288,2025-10-14 11:57:00,boleto,-74295.28,caixaeletrônico,POSTO SHELL BR
TRX001307,CT-00643,2026-04-17 11:35:00,saque,,internetbanking,IFOOD *IFOOD
TRX001792,CT-00922,2026-04-04 05:01:00,saque,-205.61,agência,UBER *TRIP
TRX001209,CT-00411,2026-08-08 19:37:00,debitocartao,-1849.69,app,UBER *TRIP
TRX000026,CT-00036,2025-11-04 08:48:00,pix,0.0,app,IFOOD *IFOOD
TRX001286,CT-00254,2025-11-23 00:00:00,compradébito,-304.15,aplicativo,FARMACIA SAO JOAO
TRX002026,CT-00898,2025-10-17 21:48:00,ted,219.3,atm,NETFLIX.COM
TRX000978,CT-00894,2026-08-03 02:16:00,depósito,892.29,agencia,FARMACIA SAO JOAO
TRX001179,CT-00745,2026-04-24 22:05:00,ted,,app,
TRX000575,CT-00828,2026-04-23 05:05:00,deposito,162.18,app,TRANSF ENTRE CONTAS
TRX000614,CT-00891,2026-01-02 00:00:00,doc,-689.16,caixaeletronico,FOLHA PAGAMENTO
TRX000843,CT-00450,2025-01-08 00:00:00,pix,37.81,caixaeletrônico,TRANSF ENTRE CONTAS
TRX001684,CT-00712,2025-11-27 00:00:00,débitocartão,1242.39,atm,FOLHA PAGAMENTO
TRX002041,CT-00730,2025-11-08 22:37:00,saque,30.75,internetbanking,PAG*MERCADOLIVRE
TRX000565,CT-00086,2026-05-24 00:00:00,saque,1259.76,caixaeletronico,PADARIA DO ZE
TRX001584,CT-00464,2026-07-17 08:03:00,pix,50.46,internetbanking,IFOOD *IFOOD
TRX001944,CT-00657,2026-06-20 00:00:00,pix,7266.0,caixaeletronico,PAG*MERCADOLIVRE
TRX001038,CT-00606,2026-01-02 02:03:00,deposito,13715.6,app,PADARIA DO ZE
TRX000007,CT-00626,2026-06-18 00:00:00,saque,-907.09,atm,AMAZON MKTPLACE
TRX001705,CT-00096,2025-10-11 00:00:00,debitocartao,1954.67,caixaeletrônico,FOLHA PAGAMENTO
TRX000378,CT-00742,2025-10-30 22:51:00,doc,-2056.08,ib,SUPERMERCADO BOM PRECO
TRX000909,CT-00581,2025-11-09 12:10:00,boleto,0.0,agência,PAG*MERCADOLIVRE
TRX000405,CT-00469,2025-02-12 00:00:00,boleto,270.7,agencia,IFOOD *IFOOD
TRX000727,CT-00085,2026-02-10 00:00:00,compradébito,12438.13,,FARMACIA SAO JOAO
TRX000283,CT-00059,2026-04-14 00:00:00,pagto,235.64,agência,NETFLIX.COM
TRX000771,CT-00152,2025-12-31 00:00:00,boleto,224.91,caixaeletrônico,TARIFA PACOTE SERVICOS
TRX001265,CT-00179,2025-10-17 00:00:00,pix,-63.11,caixaeletrônico,TRANSF ENTRE CONTAS
TRX001305,CT-00361,2026-05-06 15:04:00,pagamento,187.67,app,NETFLIX.COM
TRX000740,CT-00520,2025-12-23 14:47:00,debitocartao,143.36,app,TARIFA PACOTE SERVICOS
TRX000033,CT-00478,2026-02-01 00:00:00,saque,253.58,ib,PAG*MERCADOLIVRE
TRX000902,CT-00225,2026-11-07 21:48:00,ted,-134.99,internetbanking,PAG*MERCADOLIVRE
TRX000715,CT-00466,2025-09-03 00:00:00,doc,237.51,app,SUPERMERCADO BOM PRECO
TRX000192,CT-00016,2025-09-20 00:00:00,saque,187.5,caixaeletrônico,POSTO SHELL BR
TRX001417,CT-00836,2026-06-05 21:10:00,pix,-5201.71,caixaeletronico,PADARIA DO ZE
TRX001657,CT-00024,2026-01-27 00:00:00,boleto,-695.45,caixaeletrônico,PAG*MERCADOLIVRE
TRX001498,CT-00082,2025-09-18 03:30:00,deposito,,app,AMAZON MKTPLACE
TRX001242,CT-00595,2026-06-12 07:05:00,pix,276.95,app,PADARIA DO ZE
TRX001056,CT-00788,2025-11-04 00:00:00,ted,167.9,app,RENDIMENTO POUPANCA
TRX001733,CT-00296,2026-05-17 11:21:00,pagto,278.84,,POSTO SHELL BR
TRX001192,CT-00453,2025-12-26 17:24:00,boleto,-624.31,internetbanking,SUPERMERCADO BOM PRECO
TRX000652,CT-00316,2025-09-21 10:41:00,ted,,caixaeletronico,NETFLIX.COM
TRX000703,CT-00097,2026-05-10 00:00:00,depósito,3435.06,atm,UBER *TRIP
TRX000997,CT-00668,2026-04-23 23:40:00,boleto,23.34,agencia,NETFLIX.COM
TRX002043,CT-00505,2025-12-06 00:00:00,debitocartao,532.91,internetbanking,
TRX001612,CT-00541,2025-10-15 00:00:00,compradébito,9970.26,atm,UBER *TRIP
TRX000761,CT-00029,2025-12-14 00:00:00,depósito,848.31,ib,NETFLIX.COM
TRX000559,CT-00873,2026-02-16 10:37:00,saque,-209.66,agência,AMAZON MKTPLACE
TRX000650,CT-00398,2025-09-09 01:31:00,boleto,1671.01,aplicativo,
TRX000751,CT-00938,2025-12-16 08:26:00,deposito,5064.36,ib,TRANSF ENTRE CONTAS
TRX000590,CT-00012,2026-06-14 00:00:00,pagto,-122.41,caixaeletronico,
TRX000207,CT-00730,2026-07-05 00:00:00,debitocartao,-45564.0,app,PADARIA DO ZE
TRX001360,CT-00520,2026-04-03 16:24:00,ted,262.81,caixaeletronico,PADARIA DO ZE
TRX001341,CT-00760,2025-09-12 00:00:00,pagamento,91.95,internetbanking,UBER *TRIP
TRX001141,CT-00913,2025-12-21 00:00:00,débitocartão,9151.79,agencia,FARMACIA SAO JOAO
TRX001428,CT-00462,2025-11-27 23:01:00,pix,250.08,app,
TRX000017,CT-00803,2025-11-17 00:00:00,pix,944.43,app,AMAZON MKTPLACE
TRX001148,CT-00039,2026-04-28 00:00:00,boleto,85.41,ib,FOLHA PAGAMENTO
TRX001537,CT-00881,2025-09-13 00:00:00,saque,-718.77,internetbanking,PADARIA DO ZE
TRX001411,CT-00208,2026-07-01 11:43:00,deposito,975.72,caixaeletronico,TARIFA PACOTE SERVICOS
TRX000833,CT-00502,2025-09-19 00:00:00,ted,21.74,app,PADARIA DO ZE
TRX000494,CT-00699,2025-09-21 00:00:00,deposito,1664.12,app,TARIFA PACOTE SERVICOS
TRX000682,CT-00991,2026-09-06 00:00:00,débitocartão,29.46,atm,RENDIMENTO POUPANCA
TRX001244,CT-00321,2026-03-02 06:07:00,ted,78.53,app,UBER *TRIP
TRX000597,CT-00719,2025-09-15 09:04:00,pagto,60.16,app,FARMACIA SAO JOAO
TRX001413,CT-00317,2026-02-02 00:00:00,boleto,3340.44,,PIX QR CODE
TRX000891,CT-00774,2026-07-31 00:00:00,debitocartao,693.79,ib,FARMACIA SAO JOAO
TRX000306,CT-00672,2026-02-08 07:31:00,compradébito,33.42,app,PAG*MERCADOLIVRE
TRX001129,CT-00637,2026-06-24 11:48:00,boleto,-552.08,app,PAG*MERCADOLIVRE
TRX000310,CT-00628,2026-04-14 00:00:00,pix,128.77,caixaeletronico,TARIFA PACOTE SERVICOS
TRX000507,CT-00487,2026-04-24 00:00:00,debitocartao,193.93,caixaeletronico,POSTO SHELL BR
TRX000123,CT-00263,2025-09-27 00:00:00,boleto,-461.43,app,
TRX000586,CT-00133,2025-08-04 00:00:00,saque,187.63,app,
TRX000691,CT-00028,2025-06-09 00:00:00,pix,73055.86,internetbanking,PADARIA DO ZE
TRX001793,CT-00826,2025-08-31 15:00:00,saque,1335.66,,FOLHA PAGAMENTO
TRX001349,CT-00209,2025-10-20 00:00:00,boleto,219.94,agência,SUPERMERCADO BOM PRECO
TRX001368,CT-00722,2026-08-06 17:25:00,deposito,164.03,aplicativo,UBER *TRIP
TRX001221,CT-00289,2026-07-02 10:13:00,doc,59.29,caixaeletrônico,PIX QR CODE
TRX001168,CT-00952,2026-03-13 00:00:00,compradébito,-43.38,agência,FOLHA PAGAMENTO
TRX001616,CT-00107,2025-10-11 04:43:00,doc,269.18,agência,
TRX000883,CT-00416,2026-08-03 20:15:00,pix,7707.99,ib,FARMACIA SAO JOAO
TRX001389,CT-00899,2025-10-08 00:00:00,depósito,639.05,agencia,NETFLIX.COM
TRX000984,CT-00103,2026-02-18 00:00:00,pagamento,131.32,agencia,SUPERMERCADO BOM PRECO
TRX001564,CT-00798,2025-10-01 00:00:00,debitocartao,-1486.68,app,FARMACIA SAO JOAO
TRX000303,CT-00266,2025-08-15 06:03:00,pix,967.03,,NETFLIX.COM
TRX001689,CT-00864,2026-06-18 20:48:00,deposito,230.63,atm,IFOOD *IFOOD
TRX000162,CT-00908,2026-01-25 18:57:00,pix,881.47,caixaeletrônico,PIX QR CODE
TRX002086,CT-00099,2025-09-10 00:00:00,deposito,384.73,internetbanking,IFOOD *IFOOD
TRX001431,CT-00182,2026-05-19 09:59:00,ted,1403.99,ib,PIX QR CODE
TRX000930,CT-00604,2026-02-02 00:00:00,doc,128.25,agência,TRANSF ENTRE CONTAS
TRX001008,CT-00948,2025-08-08 00:00:00,pix,-1028.43,internetbanking,PADARIA DO ZE
TRX000533,CT-00870,2026-10-04 06:09:00,saque,-963.25,atm,POSTO SHELL BR
TRX000977,CT-00849,2025-12-30 00:00:00,pix,0.0,aplicativo,POSTO SHELL BR
TRX001951,CT-00701,2026-06-05 10:52:00,ted,243.84,agência,AMAZON MKTPLACE
TRX001747,CT-00434,2026-04-03 20:36:00,compradébito,49.88,caixaeletronico,TRANSF ENTRE CONTAS
TRX001388,CT-00456,2025-11-13 00:00:00,pix,1538.73,ib,FOLHA PAGAMENTO
TRX000158,CT-00321,2026-06-07 09:50:00,compradébito,208.58,agencia,TRANSF ENTRE CONTAS
TRX002004,CT-00879,2025-08-11 11:27:00,ted,1403.3,,UBER *TRIP
TRX001260,CT-00616,2025-11-16 19:41:00,debitocartao,10365.12,agencia,NETFLIX.COM
TRX000990,CT-00927,2025-07-08 03:22:00,boleto,-67434.32,agencia,PADARIA DO ZE
TRX001867,CT-00621,2025-01-08 05:09:00,ted,255.48,agencia,
TRX001031,CT-00444,2026-09-02 11:09:00,compradébito,585.14,app,RENDIMENTO POUPANCA
TRX001527,CT-00792,2025-10-22 07:27:00,deposito,12639.98,caixaeletronico,IFOOD *IFOOD
TRX002088,CT-00025,2026-03-10 15:58:00,pix,-1655.23,caixaeletrônico,TRANSF ENTRE CONTAS
TRX001770,CT-00287,2025-02-08 00:00:00,doc,5764.57,,FOLHA PAGAMENTO
TRX001146,CT-00952,2026-06-05 23:24:00,boleto,241.46,agência,FARMACIA SAO JOAO
TRX000091,CT-00910,2026-07-29 00:00:00,compradébito,8580.76,caixaeletronico,TARIFA PACOTE SERVICOS
TRX000241,CT-00321,2026-02-05 00:00:00,deposito,421.77,aplicativo,PIX QR CODE
TRX001520,CT-00364,2026-07-18 22:11:00,deposito,210.39,agencia,TARIFA PACOTE SERVICOS
TRX000272,CT-00223,2025-08-05 01:15:00,boleto,1775.39,internetbanking,
TRX001392,CT-00004,2026-03-22 00:23:00,deposito,18.71,ib,TRANSF ENTRE CONTAS
TRX001044,CT-00781,2026-11-01 10:44:00,boleto,71.39,agência,IFOOD *IFOOD
TRX001068,CT-00954,2026-06-13 07:43:00,doc,71932.95,aplicativo,FARMACIA SAO JOAO
TRX001829,CT-00504,2026-06-20 00:00:00,deposito,1402.29,caixaeletronico,NETFLIX.COM
TRX000943,CT-00912,2025-04-09 00:00:00,compradébito,1067.99,atm,RENDIMENTO POUPANCA
TRX001419,CT-00753,2025-06-08 16:05:00,deposito,14772.33,app,IFOOD *IFOOD
TRX000647,CT-00188,2025-10-29 00:00:00,pagamento,8472.3,caixaeletronico,FOLHA PAGAMENTO
TRX001603,CT-00464,2026-05-24 00:00:00,debitocartao,292.94,caixaeletronico,FOLHA PAGAMENTO
TRX000463,CT-00581,2025-11-25 00:00:00,ted,-136.19,agencia,FARMACIA SAO JOAO
TRX000518,CT-00877,2026-10-02 00:00:00,saque,276.07,agência,UBER *TRIP
TRX000995,CT-00536,2026-03-24 19:38:00,pix,-1124.15,atm,PIX QR CODE
TRX001757,CT-00532,2025-10-02 13:37:00,pix,,,PIX QR CODE
TRX001886,CT-00062,2026-06-19 00:00:00,pagto,562.57,app,FARMACIA SAO JOAO
TRX000589,CT-00307,2026-09-07 00:00:00,depósito,406.19,internetbanking,UBER *TRIP
TRX001737,CT-00796,2025-09-25 18:14:00,pix,11524.99,agência,
TRX000229,CT-00118,2025-12-18 02:12:00,saque,2322.56,aplicativo,UBER *TRIP
TRX000985,CT-00874,2025-08-14 06:42:00,deposito,8799.2,app,
TRX000204,CT-00956,2025-11-18 21:49:00,boleto,1176.92,atm,POSTO SHELL BR
TRX001850,CT-00862,2026-01-02 20:48:00,saque,0.0,atm,FOLHA PAGAMENTO
TRX001414,CT-00474,2026-07-14 00:00:00,débitocartão,124.68,app,AMAZON MKTPLACE
TRX000844,CT-00364,2026-03-03 17:07:00,ted,-33651.42,,UBER *TRIP
TRX000992,CT-00633,2026-05-29 12:13:00,boleto,0.0,internetbanking,FARMACIA SAO JOAO
TRX000334,CT-00570,2025-11-30 07:12:00,saque,60899.34,caixaeletronico,NETFLIX.COM
TRX001127,CT-00761,2025-12-15 00:23:00,boleto,12039.08,aplicativo,FOLHA PAGAMENTO
TRX001773,CT-00935,2026-02-08 14:20:00,boleto,1622.66,caixaeletrônico,UBER *TRIP
TRX001502,CT-00676,2025-07-09 22:26:00,compradébito,9861.39,aplicativo,POSTO SHELL BR
TRX000090,CT-00612,2025-12-28 12:42:00,boleto,153.37,atm,SUPERMERCADO BOM PRECO
TRX001205,CT-00324,2026-07-31 12:42:00,pix,-24.97,agencia,TRANSF ENTRE CONTAS
TRX000630,CT-00878,2026-01-04 00:00:00,deposito,267.49,agencia,SUPERMERCADO BOM PRECO
TRX001960,CT-00423,2025-06-11 17:17:00,pix,55.22,internetbanking,FARMACIA SAO JOAO
TRX000220,CT-00463,2026-01-18 11:45:00,doc,184.33,,
TRX000513,CT-00090,2026-03-03 00:00:00,pix,,internetbanking,FOLHA PAGAMENTO
TRX000270,CT-00081,2026-06-18 01:53:00,depósito,108.08,internetbanking,NETFLIX.COM
TRX000947,CT-00343,2026-07-20 00:00:00,debitocartao,554.82,,PIX QR CODE
TRX000388,CT-00641,2026-05-06 07:52:00,pix,605.22,app,RENDIMENTO POUPANCA
TRX000410,CT-00891,2025-09-09 16:14:00,depósito,218.25,agencia,AMAZON MKTPLACE
TRX001484,CT-00230,2026-08-04 00:00:00,debitocartao,7446.74,app,RENDIMENTO POUPANCA
TRX001144,CT-00830,2026-05-08 08:12:00,boleto,-1107.95,aplicativo,PAG*MERCADOLIVRE
TRX000053,CT-00305,2025-12-23 00:00:00,boleto,114.32,internetbanking,PIX QR CODE
TRX000717,CT-00742,2025-12-09 12:17:00,pagamento,2193.27,agencia,PAG*MERCADOLIVRE
TRX001373,CT-00536,2025-11-01 00:00:00,débitocartão,11.33,app,NETFLIX.COM
TRX001658,CT-00827,2026-08-14 00:00:00,boleto,13751.44,,FARMACIA SAO JOAO
TRX000971,CT-00349,2026-07-06 00:00:00,pagto,163.45,agência,
TRX001592,CT-00775,2026-01-05 04:11:00,boleto,180.31,app,RENDIMENTO POUPANCA
TRX000555,CT-00667,2026-04-28 00:00:00,ted,-121.69,caixaeletronico,IFOOD *IFOOD
TRX001868,CT-00362,2025-12-08 23:21:00,saque,-31.06,internetbanking,
TRX000932,CT-00134,2025-11-28 13:22:00,pix,132.52,ib,FARMACIA SAO JOAO
TRX000247,CT-00312,2026-04-28 00:00:00,pix,-80.44,,FOLHA PAGAMENTO
TRX001427,CT-00170,2026-07-01 00:00:00,debitocartao,-314.98,internetbanking,POSTO SHELL BR
TRX000186,CT-00826,2026-01-25 16:59:00,deposito,54659.74,,SUPERMERCADO BOM PRECO
TRX000242,CT-00463,2026-07-27 23:47:00,deposito,9113.1,internetbanking,FARMACIA SAO JOAO
TRX000868,CT-00162,2025-11-04 00:00:00,doc,11473.13,caixaeletrônico,TARIFA PACOTE SERVICOS
TRX001860,CT-00979,2025-08-27 00:00:00,ted,99.12,caixaeletronico,POSTO SHELL BR
TRX000354,CT-00387,2025-10-12 00:00:00,pix,643.47,atm,NETFLIX.COM
TRX000493,CT-00818,2025-11-19 02:13:00,boleto,0.0,internetbanking,NETFLIX.COM
TRX001647,CT-00183,2026-10-08 20:34:00,pix,252.9,app,AMAZON MKTPLACE
TRX000113,CT-00468,2026-02-27 00:00:00,débitocartão,-129.19,app,POSTO SHELL BR
TRX000777,CT-00007,2025-12-09 00:00:00,deposito,10584.24,app,TARIFA PACOTE SERVICOS
TRX001225,CT-00443,2025-08-15 00:00:00,boleto,-154.56,caixaeletronico,FARMACIA SAO JOAO
TRX001547,CT-00676,2025-07-08 01:09:00,débitocartão,13079.6,,PAG*MERCADOLIVRE
TRX001196,CT-00714,2026-06-03 00:00:00,débitocartão,910.21,aplicativo,PIX QR CODE
TRX000316,CT-00875,2026-06-16 00:00:00,saque,31212.16,ib,PAG*MERCADOLIVRE
TRX001749,CT-00089,2026-01-19 20:10:00,ted,-870.01,internetbanking,RENDIMENTO POUPANCA
TRX000417,CT-00183,2026-07-22 19:39:00,boleto,-43.07,ib,IFOOD *IFOOD
TRX001651,CT-00429,2025-09-30 00:00:00,pix,1487.92,agência,AMAZON MKTPLACE
TRX001716,CT-00967,2025-10-17 00:00:00,boleto,1581.2,,UBER *TRIP
TRX001340,CT-00413,2025-10-08 22:14:00,debitocartao,36750.73,agencia,TARIFA PACOTE SERVICOS
TRX002093,CT-00543,2026-07-17 10:37:00,deposito,109.2,atm,PIX QR CODE
TRX001739,CT-00532,2026-03-31 00:00:00,saque,95.62,agência,AMAZON MKTPLACE
TRX000859,CT-00330,2026-06-21 00:00:00,ted,291.46,agência,UBER *TRIP
TRX000759,CT-00542,2025-11-23 13:52:00,compradébito,94.09,,
TRX000983,CT-00119,2025-08-19 00:00:00,pix,20.7,,FARMACIA SAO JOAO
TRX001212,CT-00291,2026-04-26 00:00:00,saque,257.95,atm,PIX QR CODE
TRX001993,CT-00717,2026-02-18 13:27:00,pix,1538.75,aplicativo,RENDIMENTO POUPANCA
TRX000616,CT-00880,2025-07-12 00:00:00,depósito,20233.65,aplicativo,FARMACIA SAO JOAO
TRX000504,CT-00083,2025-12-07 00:00:00,boleto,134.07,agencia,UBER *TRIP
TRX001912,CT-00910,2026-07-22 00:00:00,saque,1636.42,agencia,TARIFA PACOTE SERVICOS
TRX001984,CT-00641,2025-11-09 00:00:00,boleto,-283.75,aplicativo,POSTO SHELL BR
TRX000700,CT-00848,2026-05-12 00:00:00,deposito,98.22,ib,PIX QR CODE
TRX001306,CT-00538,2026-07-27 00:00:00,pagto,1471.86,atm,SUPERMERCADO BOM PRECO
TRX000256,CT-00196,2025-08-08 01:34:00,deposito,930.19,app,AMAZON MKTPLACE
TRX000503,CT-00249,2025-11-26 00:00:00,debitocartao,,internetbanking,POSTO SHELL BR
TRX000651,CT-00744,2025-08-27 20:58:00,deposito,283.59,aplicativo,FARMACIA SAO JOAO
TRX000573,CT-00656,2026-03-15 21:49:00,pix,603.78,app,FARMACIA SAO JOAO
TRX000719,CT-00344,2026-07-14 14:19:00,pix,71271.65,caixaeletrônico,UBER *TRIP
TRX000817,CT-00332,2025-03-08 00:00:00,pix,5320.51,app,TARIFA PACOTE SERVICOS
TRX000400,CT-00132,2025-09-29 13:06:00,pix,1521.21,agencia,AMAZON MKTPLACE
TRX001816,CT-00462,2026-03-23 14:54:00,compradébito,14173.39,agencia,
TRX000015,CT-00280,2026-06-18 08:36:00,saque,-328.01,app,AMAZON MKTPLACE
TRX001211,CT-00176,2025-06-08 08:57:00,saque,2281.63,agencia,FARMACIA SAO JOAO
TRX001215,CT-00795,2025-12-23 09:47:00,doc,-173.82,agencia,UBER *TRIP
TRX001811,CT-00720,2025-08-18 11:56:00,depósito,,caixaeletronico,FOLHA PAGAMENTO
TRX000739,CT-00172,2026-03-19 23:02:00,pagto,-72.79,agência,PIX QR CODE
TRX000738,CT-01035,2025-05-12 00:00:00,boleto,30.56,caixaeletronico,
TRX000602,CT-00767,2025-10-29 00:00:00,boleto,-347.76,caixaeletronico,PADARIA DO ZE
TRX000839,CT-00864,2025-09-13 13:22:00,saque,153.15,aplicativo,TARIFA PACOTE SERVICOS
TRX000603,CT-00379,2025-12-14 07:21:00,boleto,8604.82,,SUPERMERCADO BOM PRECO
TRX001125,CT-00624,2026-02-14 00:00:00,ted,9255.16,caixaeletrônico,AMAZON MKTPLACE
TRX000585,CT-00206,2025-04-08 00:00:00,debitocartao,1060.51,ib,AMAZON MKTPLACE
TRX001830,CT-00811,2026-07-29 00:00:00,doc,-5774.79,internetbanking,FOLHA PAGAMENTO
TRX000032,CT-00605,2026-08-05 00:00:00,pagto,1257.81,internetbanking,PIX QR CODE
TRX001859,CT-00794,2026-07-17 04:44:00,debitocartao,-177.6,aplicativo,NETFLIX.COM
TRX000787,CT-00424,2026-07-03 00:00:00,pix,-50.07,agencia,PAG*MERCADOLIVRE
TRX000758,CT-00061,2026-10-04 01:15:00,pix,17084.85,atm,UBER *TRIP
TRX000258,CT-00480,2026-09-07 00:00:00,boleto,156.21,agencia,UBER *TRIP
TRX000460,CT-00979,2025-11-20 00:00:00,pix,49.02,caixaeletronico,
TRX001442,CT-00469,2026-03-01 21:15:00,compradébito,-546.02,internetbanking,PAG*MERCADOLIVRE
TRX000335,CT-00269,2026-01-04 13:13:00,pagto,-175.58,agência,
TRX001356,CT-00822,2026-07-29 19:14:00,boleto,288.54,aplicativo,FOLHA PAGAMENTO
TRX002006,CT-00560,2026-07-03 00:00:00,deposito,168.53,caixaeletronico,TRANSF ENTRE CONTAS
TRX000194,CT-00319,2025-09-08 00:00:00,pix,1757.91,agencia,SUPERMERCADO BOM PRECO
TRX000686,CT-00272,2026-09-04 15:10:00,saque,1361.19,agência,AMAZON MKTPLACE
TRX001178,CT-00353,2026-06-06 00:00:00,pix,0.0,ib,FOLHA PAGAMENTO
TRX001175,CT-00640,2025-11-08 15:14:00,pagamento,-143.11,internetbanking,FOLHA PAGAMENTO
TRX001112,CT-00699,2026-04-21 00:00:00,compradébito,1842.07,ib,FARMACIA SAO JOAO
TRX001437,CT-00385,2026-01-31 00:00:00,pix,3894.86,atm,RENDIMENTO POUPANCA
TRX000307,CT-00881,2026-01-04 00:00:00,boleto,1146.87,internetbanking,FOLHA PAGAMENTO
TRX000635,CT-00399,2026-04-27 00:00:00,ted,-6220.58,app,
TRX001402,CT-00681,2026-07-25 01:19:00,boleto,194.29,,TARIFA PACOTE SERVICOS
TRX000103,CT-00211,2025-04-10 22:44:00,pagamento,-1838.91,caixaeletrônico,PADARIA DO ZE
TRX001339,CT-00112,2025-11-10 21:40:00,debitocartao,1676.15,internetbanking,IFOOD *IFOOD
TRX000386,CT-00644,2026-01-06 15:05:00,pagto,14712.0,atm,TARIFA PACOTE SERVICOS
TRX001510,CT-00611,2025-08-28 08:38:00,ted,,caixaeletronico,FOLHA PAGAMENTO
TRX000138,CT-00083,2025-12-20 13:20:00,deposito,188.58,caixaeletronico,FOLHA PAGAMENTO
TRX001776,CT-00234,2026-06-01 00:00:00,saque,1016.15,caixaeletrônico,FOLHA PAGAMENTO
TRX000285,CT-00146,2025-10-12 13:54:00,saque,-70952.25,,AMAZON MKTPLACE
TRX001820,CT-00942,2025-10-16 00:00:00,debitocartao,-1919.94,aplicativo,RENDIMENTO POUPANCA
TRX001826,CT-00545,2026-03-20 00:00:00,saque,600.69,caixaeletronico,POSTO SHELL BR
TRX001236,CT-00350,2025-08-26 00:00:00,pagto,-31784.71,agencia,AMAZON MKTPLACE
TRX001246,CT-00379,2025-12-29 19:52:00,pix,172.6,caixaeletrônico,FARMACIA SAO JOAO
TRX001418,CT-00181,2025-10-28 00:00:00,deposito,1707.03,app,IFOOD *IFOOD
TRX000003,CT-00164,2025-12-31 11:58:00,pix,9773.07,aplicativo,PADARIA DO ZE
TRX000485,CT-00899,2026-07-14 05:11:00,debitocartao,39.49,agencia,PAG*MERCADOLIVRE
TRX000255,CT-00061,2026-04-27 01:06:00,saque,1714.48,agência,NETFLIX.COM
TRX000750,CT-00594,2026-01-16 00:00:00,pagamento,1199.38,caixaeletronico,AMAZON MKTPLACE
TRX000450,CT-00507,2025-09-14 00:00:00,boleto,-39.71,app,PIX QR CODE
TRX001170,CT-00769,2025-08-18 05:58:00,compradébito,173.37,internetbanking,UBER *TRIP
TRX001971,CT-00150,2026-12-04 11:38:00,pagamento,1691.01,internetbanking,IFOOD *IFOOD
TRX000789,CT-00396,2025-09-14 20:56:00,pix,238.44,app,RENDIMENTO POUPANCA
TRX000670,CT-00108,2026-05-11 00:00:00,ted,15.51,atm,UBER *TRIP
TRX000188,CT-00356,2025-10-16 01:38:00,ted,125.16,agencia,SUPERMERCADO BOM PRECO
TRX000653,CT-00641,2026-05-19 11:10:00,pix,37.04,agencia,FARMACIA SAO JOAO
TRX001891,CT-00567,2025-08-30 14:10:00,ted,603.04,app,POSTO SHELL BR
TRX000081,CT-00802,2026-01-06 13:44:00,pagamento,234.17,agência,POSTO SHELL BR
TRX000536,CT-00219,2025-11-11 00:00:00,depósito,115.63,internetbanking,RENDIMENTO POUPANCA
TRX001089,CT-00914,2026-04-22 00:00:00,boleto,-128.61,,POSTO SHELL BR
TRX000841,CT-00382,2025-08-23 00:00:00,saque,1848.28,ib,POSTO SHELL BR
TRX002033,CT-00660,2026-06-22 19:36:00,debitocartao,1247.04,atm,FARMACIA SAO JOAO
TRX001381,CT-00116,2026-05-26 02:44:00,saque,1300.84,atm,RENDIMENTO POUPANCA
TRX001245,CT-00084,2026-02-04 08:27:00,boleto,,agência,PIX QR CODE
TRX000427,CT-00271,2025-06-08 00:00:00,pagto,113.24,internetbanking,RENDIMENTO POUPANCA
TRX001677,CT-01014,2026-04-02 22:29:00,pix,1100.99,caixaeletrônico,TRANSF ENTRE CONTAS
TRX002014,CT-00030,2026-08-07 00:00:00,doc,61.4,ib,TRANSF ENTRE CONTAS
TRX000478,CT-00773,2025-12-18 00:00:00,pagamento,967.98,app,FOLHA PAGAMENTO
TRX000149,CT-00409,2025-09-22 05:47:00,boleto,48327.16,app,TRANSF ENTRE CONTAS
TRX000326,CT-00119,2025-08-22 00:56:00,deposito,501.63,agencia,TARIFA PACOTE SERVICOS
TRX001476,CT-00265,2026-12-06 09:15:00,pix,167.06,app,AMAZON MKTPLACE
TRX000466,CT-00867,2026-09-05 00:00:00,deposito,72750.85,internetbanking,IFOOD *IFOOD
TRX000412,CT-00721,2026-03-08 00:00:00,pix,261.79,app,UBER *TRIP
TRX000096,CT-00644,2026-03-21 23:13:00,doc,1412.4,app,PIX QR CODE
TRX000625,CT-00699,2026-05-24 00:00:00,boleto,237.19,caixaeletrônico,SUPERMERCADO BOM PRECO
TRX001004,CT-00116,2025-11-09 00:00:00,deposito,0.0,app,AMAZON MKTPLACE
TRX001832,CT-00929,2025-10-28 00:00:00,ted,2490.69,app,PADARIA DO ZE
TRX001287,CT-00452,2026-12-04 22:20:00,saque,134.64,internetbanking,FOLHA PAGAMENTO
TRX001180,CT-00171,2026-09-02 00:00:00,compradébito,1465.43,agencia,TRANSF ENTRE CONTAS
TRX002020,CT-00343,2026-06-13 00:00:00,pagamento,257.55,aplicativo,RENDIMENTO POUPANCA
TRX000699,CT-00375,2026-05-06 01:21:00,pagto,196.68,,PAG*MERCADOLIVRE
TRX001457,CT-00426,2026-12-03 00:00:00,debitocartao,-350.55,agência,FARMACIA SAO JOAO
TRX001436,CT-00457,2026-02-14 00:00:00,saque,728.58,agencia,TRANSF ENTRE CONTAS
TRX000467,CT-00446,2026-11-08 07:14:00,compradébito,-225.27,aplicativo,POSTO SHELL BR
TRX000914,CT-00518,2026-08-15 00:00:00,débitocartão,178.87,agência,RENDIMENTO POUPANCA
TRX001172,CT-00343,2025-09-12 14:28:00,pix,5033.41,agencia,TRANSF ENTRE CONTAS
TRX001959,CT-00622,2026-01-14 00:00:00,pix,9935.27,caixaeletronico,TRANSF ENTRE CONTAS
TRX000121,CT-00348,2026-05-02 00:00:00,boleto,-8742.24,app,TARIFA PACOTE SERVICOS
TRX001472,CT-00110,2025-12-27 10:24:00,boleto,797.07,app,TRANSF ENTRE CONTAS
TRX000428,CT-00223,2026-08-01 00:00:00,boleto,-22.78,aplicativo,TARIFA PACOTE SERVICOS
TRX000827,CT-00854,2026-06-09 00:00:00,ted,,agencia,FARMACIA SAO JOAO
TRX000594,CT-00195,2025-01-12 18:45:00,pix,0.0,atm,PIX QR CODE
TRX001295,CT-00622,2025-10-30 17:49:00,boleto,977.52,atm,FOLHA PAGAMENTO
TRX001897,CT-00078,2026-02-07 00:00:00,pix,9261.91,app,FARMACIA SAO JOAO
TRX002084,CT-00169,2026-01-30 00:14:00,depósito,154.93,agencia,NETFLIX.COM
TRX001154,CT-00628,2026-03-02 06:15:00,pix,16.27,agencia,TRANSF ENTRE CONTAS
TRX000196,CT-00245,2025-08-31 20:24:00,debitocartao,215.78,app,POSTO SHELL BR
TRX002090,CT-00080,2025-12-10 06:40:00,deposito,783.64,app,IFOOD *IFOOD
TRX001921,CT-00290,2025-09-26 12:15:00,pix,-1853.87,aplicativo,TARIFA PACOTE SERVICOS
TRX000029,CT-00343,2025-11-09 00:00:00,depósito,257.72,app,RENDIMENTO POUPANCA
TRX001074,CT-00173,2025-11-25 00:00:00,pagto,122.97,aplicativo,SUPERMERCADO BOM PRECO
TRX001729,CT-00646,2026-10-04 00:00:00,boleto,10898.62,internetbanking,SUPERMERCADO BOM PRECO
TRX000059,CT-00270,2025-10-22 00:00:00,debitocartao,1062.17,app,FARMACIA SAO JOAO
TRX001639,CT-00313,2025-08-20 22:19:00,deposito,71.02,app,AMAZON MKTPLACE
TRX001994,CT-00083,2026-02-06 10:05:00,débitocartão,-530.6,agencia,NETFLIX.COM
TRX000040,CT-00426,2026-05-13 00:00:00,depósito,3138.92,ib,FARMACIA SAO JOAO
TRX001190,CT-00425,2025-09-30 00:00:00,boleto,47.2,internetbanking,AMAZON MKTPLACE
TRX001955,CT-00616,2025-11-17 21:39:00,debitocartao,-590.81,atm,PADARIA DO ZE
TRX002053,CT-00658,2026-01-06 06:24:00,pix,-162.19,agencia,TARIFA PACOTE SERVICOS
TRX000747,CT-00710,2025-08-10 00:00:00,pix,1946.9,agência,POSTO SHELL BR
TRX001325,CT-00379,2026-01-25 01:19:00,deposito,230.18,app,AMAZON MKTPLACE
TRX001208,CT-00497,2026-02-13 00:00:00,deposito,,aplicativo,UBER *TRIP
TRX002045,CT-00945,2025-08-22 14:23:00,pagto,55.45,atm,PADARIA DO ZE
TRX000814,CT-00532,2026-02-17 00:36:00,boleto,229.27,agencia,AMAZON MKTPLACE
TRX000355,CT-00183,2026-07-02 14:03:00,pix,83.47,app,RENDIMENTO POUPANCA
TRX001746,CT-00375,2026-03-21 09:05:00,debitocartao,,caixaeletrônico,NETFLIX.COM
TRX000167,CT-00532,2025-11-04 04:04:00,boleto,0.0,internetbanking,POSTO SHELL BR
TRX001530,CT-00952,2025-08-16 07:59:00,boleto,,caixaeletrônico,POSTO SHELL BR
TRX001873,CT-00058,2026-03-16 07:15:00,pix,-120.97,ib,IFOOD *IFOOD
TRX001852,CT-00600,2025-08-05 22:47:00,pix,96.13,internetbanking,TARIFA PACOTE SERVICOS
TRX001151,CT-00848,2026-02-13 10:21:00,pix,163.44,ib,PADARIA DO ZE
TRX000409,CT-00904,2025-08-30 21:14:00,boleto,6.61,app,SUPERMERCADO BOM PRECO
TRX001753,CT-00817,2026-07-22 21:52:00,boleto,1677.94,agencia,UBER *TRIP
TRX001351,CT-00512,2026-03-24 03:29:00,debitocartao,98.5,internetbanking,PAG*MERCADOLIVRE
TRX000954,CT-00872,2026-08-09 00:00:00,pix,0.0,atm,
TRX002042,CT-00300,2026-05-27 00:00:00,debitocartao,-185.93,atm,AMAZON MKTPLACE
TRX001017,CT-00399,2026-08-11 21:31:00,pagamento,231.01,internetbanking,RENDIMENTO POUPANCA
TRX000773,CT-00514,2025-10-23 07:51:00,boleto,731.9,agencia,POSTO SHELL BR
TRX000070,CT-00120,2025-09-09 00:00:00,pix,-12773.96,app,FARMACIA SAO JOAO
TRX000359,CT-00425,2026-12-02 00:00:00,deposito,1583.58,caixaeletronico,SUPERMERCADO BOM PRECO
TRX000926,CT-00690,2025-09-24 00:00:00,deposito,483.2,,SUPERMERCADO BOM PRECO
TRX001106,CT-00067,2026-01-04 09:03:00,saque,821.42,caixaeletronico,PAG*MERCADOLIVRE
TRX001026,CT-00445,2025-12-23 20:19:00,pagamento,194.13,app,AMAZON MKTPLACE
TRX000578,CT-00054,2026-06-19 00:00:00,compradébito,733.46,app,NETFLIX.COM
TRX001566,CT-00149,2026-11-05 18:30:00,ted,48834.25,agencia,SUPERMERCADO BOM PRECO
TRX001765,CT-00249,2025-10-22 10:53:00,doc,-30.67,internetbanking,RENDIMENTO POUPANCA
TRX001594,CT-00845,2026-03-29 05:25:00,boleto,68.76,,TARIFA PACOTE SERVICOS
TRX001554,CT-00868,2025-05-11 00:00:00,deposito,1204.34,aplicativo,FOLHA PAGAMENTO
TRX000488,CT-00592,2025-11-06 17:08:00,debitocartao,224.98,agencia,FARMACIA SAO JOAO
TRX000198,CT-00788,2026-11-02 00:00:00,pagto,-4531.6,ib,FOLHA PAGAMENTO
TRX000232,CT-00213,2025-09-10 00:00:00,saque,123.28,caixaeletrônico,TRANSF ENTRE CONTAS
TRX000382,CT-00547,2026-05-15 18:10:00,ted,479.86,caixaeletrônico,PAG*MERCADOLIVRE
TRX001655,CT-00815,2026-04-20 02:08:00,pix,41.33,ib,TARIFA PACOTE SERVICOS
TRX001497,CT-00628,2026-03-24 22:49:00,saque,-10360.36,app,PADARIA DO ZE
TRX001028,CT-00233,2025-09-14 00:00:00,boleto,19952.42,aplicativo,FARMACIA SAO JOAO
TRX000863,CT-00925,2026-02-17 00:00:00,deposito,13852.01,aplicativo,PADARIA DO ZE
TRX001464,CT-00993,2026-08-05 00:53:00,boleto,0.0,caixaeletronico,IFOOD *IFOOD
TRX001173,CT-00876,2026-02-25 08:49:00,deposito,862.78,caixaeletronico,
TRX001728,CT-00656,2026-02-25 16:05:00,deposito,,app,AMAZON MKTPLACE
TRX001644,CT-00700,2026-03-17 00:00:00,deposito,11454.28,ib,TRANSF ENTRE CONTAS
TRX001372,CT-00143,2026-01-12 00:00:00,ted,200.13,caixaeletrônico,IFOOD *IFOOD
TRX002023,CT-00459,2026-07-01 00:00:00,ted,5578.82,app,RENDIMENTO POUPANCA
TRX002037,CT-00736,2026-05-03 12:20:00,pix,-258.19,agência,NETFLIX.COM
TRX002075,CT-00361,2026-01-15 00:00:00,deposito,13.91,app,PADARIA DO ZE
TRX001216,CT-00077,2026-07-31 00:00:00,ted,1735.19,ib,PIX QR CODE
TRX001870,CT-00316,2026-07-21 00:00:00,ted,5363.69,internetbanking,UBER *TRIP
TRX000519,CT-00860,2026-04-28 00:00:00,boleto,227.35,aplicativo,TARIFA PACOTE SERVICOS
TRX000211,CT-00306,2026-03-08 00:00:00,boleto,-59.93,caixaeletronico,TRANSF ENTRE CONTAS
TRX000516,CT-00607,2025-08-13 00:00:00,ted,-141.88,atm,PADARIA DO ZE
TRX001538,CT-01016,2025-03-12 00:00:00,deposito,286.15,caixaeletrônico,SUPERMERCADO BOM PRECO
TRX000318,CT-00521,2025-10-25 00:00:00,doc,-14486.92,ib,FARMACIA SAO JOAO
TRX001429,CT-00834,2026-07-01 00:00:00,pix,2945.53,aplicativo,UBER *TRIP
TRX001838,CT-00737,2025-07-08 00:00:00,boleto,3420.82,aplicativo,TRANSF ENTRE CONTAS
TRX001101,CT-00852,2026-06-08 00:00:00,depósito,1138.15,internetbanking,UBER *TRIP
TRX001563,CT-00358,2026-03-14 00:00:00,pix,-10876.58,app,POSTO SHELL BR
TRX000472,CT-00810,2026-08-14 00:51:00,deposito,154.89,app,SUPERMERCADO BOM PRECO
TRX000636,CT-00490,2026-06-26 00:00:00,boleto,23.15,internetbanking,POSTO SHELL BR
TRX000605,CT-00201,2026-07-06 10:00:00,saque,-12616.43,,AMAZON MKTPLACE
TRX000976,CT-00738,2025-04-12 00:00:00,compradébito,251.78,agencia,
TRX000749,CT-00168,2026-06-30 00:00:00,ted,13158.41,internetbanking,
TRX000380,CT-00174,2026-04-27 00:00:00,pagto,12373.54,caixaeletronico,PADARIA DO ZE
TRX001680,CT-00351,2025-12-29 04:56:00,boleto,-1172.02,caixaeletrônico,
TRX001648,CT-00621,2025-10-06 13:22:00,deposito,140.28,,PAG*MERCADOLIVRE
TRX001640,CT-00869,2026-06-22 17:52:00,doc,4148.81,agência,TRANSF ENTRE CONTAS
TRX000965,CT-00255,2026-05-08 00:00:00,débitocartão,12040.01,,NETFLIX.COM
TRX001108,CT-00900,2026-04-15 00:00:00,doc,3757.07,app,RENDIMENTO POUPANCA
TRX000696,CT-00397,2025-02-11 11:50:00,pagamento,-965.78,app,FOLHA PAGAMENTO
TRX001835,CT-00180,2026-08-02 00:00:00,ted,-276.44,agencia,SUPERMERCADO BOM PRECO
TRX000829,CT-00305,2026-07-29 08:50:00,ted,6.25,atm,IFOOD *IFOOD
TRX001050,CT-00804,2026-02-17 00:00:00,boleto,213.36,app,NETFLIX.COM
TRX000690,CT-00307,2025-06-09 12:19:00,deposito,221.13,aplicativo,PAG*MERCADOLIVRE
TRX001059,CT-00085,2026-07-18 19:55:00,doc,349.24,caixaeletrônico,FARMACIA SAO JOAO
TRX001760,CT-00376,2025-09-13 01:01:00,débitocartão,19.28,atm,TRANSF ENTRE CONTAS
TRX001869,CT-00811,2025-10-08 00:00:00,saque,1147.53,atm,PAG*MERCADOLIVRE
TRX000968,CT-00625,2026-03-25 00:00:00,pix,165.31,app,TARIFA PACOTE SERVICOS
TRX000665,CT-00830,2026-11-01 00:00:00,pix,102.27,internetbanking,RENDIMENTO POUPANCA
TRX001579,CT-00628,2025-06-08 00:00:00,debitocartao,1039.04,aplicativo,RENDIMENTO POUPANCA
TRX000389,CT-00683,2026-04-14 08:38:00,ted,70.27,caixaeletronico,
TRX001477,CT-00105,2026-04-08 18:16:00,depósito,74.21,atm,PIX QR CODE
TRX001917,CT-00479,2026-06-26 00:50:00,ted,42.04,,TARIFA PACOTE SERVICOS
TRX001067,CT-00722,2026-12-05 00:00:00,pix,,internetbanking,FARMACIA SAO JOAO
TRX000710,CT-00832,2026-01-06 00:00:00,deposito,259.02,internetbanking,UBER *TRIP
TRX001441,CT-00279,2025-11-30 00:00:00,boleto,41.99,atm,FARMACIA SAO JOAO
TRX000145,CT-00178,2026-08-02 08:53:00,deposito,107.07,agencia,POSTO SHELL BR
TRX001706,CT-00350,2026-02-12 16:04:00,deposito,1740.91,internetbanking,PADARIA DO ZE
TRX001976,CT-00329,2025-12-09 08:38:00,debitocartao,204.36,app,POSTO SHELL BR
TRX001736,CT-00619,2026-07-08 00:00:00,deposito,6727.89,internetbanking,UBER *TRIP
TRX001914,CT-00482,2026-05-02 03:07:00,deposito,1327.61,app,RENDIMENTO POUPANCA
TRX001403,CT-00369,2026-01-28 00:00:00,pix,120.99,agência,FARMACIA SAO JOAO
TRX000923,CT-00675,2025-12-24 06:41:00,pagto,,agencia,
TRX001251,CT-00214,2026-04-01 00:00:00,boleto,94.86,app,RENDIMENTO POUPANCA
TRX001220,CT-00066,2026-01-08 00:00:00,deposito,1324.72,agencia,RENDIMENTO POUPANCA
TRX000933,CT-00036,2025-08-28 00:07:00,saque,142.22,caixaeletronico,RENDIMENTO POUPANCA
TRX001003,CT-01034,2026-03-02 00:00:00,saque,-118.76,app,NETFLIX.COM
TRX001909,CT-00549,2026-09-05 00:00:00,ted,4685.16,agência,UBER *TRIP
TRX001824,CT-00840,2025-11-24 23:11:00,compradébito,205.69,agencia,FOLHA PAGAMENTO
TRX000979,CT-00216,2026-03-31 03:42:00,deposito,1923.47,agencia,UBER *TRIP
TRX001631,CT-00429,2025-08-10 00:00:00,ted,-1178.69,caixaeletrônico,FARMACIA SAO JOAO
TRX000254,CT-00819,2025-10-27 00:00:00,compradébito,39.99,atm,
TRX001299,CT-00425,2026-01-08 17:11:00,deposito,1677.24,app,UBER *TRIP
TRX000084,CT-00784,2026-07-25 06:14:00,ted,920.24,atm,RENDIMENTO POUPANCA
TRX001999,CT-00136,2026-07-17 03:14:00,compradébito,0.0,caixaeletronico,
TRX000671,CT-00075,2026-05-10 05:16:00,compradébito,1908.34,internetbanking,TARIFA PACOTE SERVICOS
TRX000958,CT-00290,2025-09-17 00:00:00,boleto,-294.41,ib,AMAZON MKTPLACE
TRX001964,CT-00126,2026-03-21 00:00:00,boleto,-56628.94,internetbanking,RENDIMENTO POUPANCA
TRX000878,CT-00433,2026-03-28 00:00:00,boleto,1655.94,app,NETFLIX.COM
TRX002047,CT-00834,2025-04-10 00:00:00,saque,-939.07,agencia,NETFLIX.COM
TRX000023,CT-00739,2025-09-11 21:29:00,boleto,-9931.36,atm,PADARIA DO ZE
TRX000035,CT-00683,2026-01-04 02:15:00,boleto,806.58,ib,UBER *TRIP
TRX000189,CT-00080,2025-04-08 02:42:00,compradébito,3638.51,internetbanking,PAG*MERCADOLIVRE
TRX001271,CT-00635,2025-08-04 00:00:00,ted,698.98,caixaeletronico,TARIFA PACOTE SERVICOS
TRX000055,CT-00775,2026-04-02 01:24:00,deposito,1530.9,agência,TRANSF ENTRE CONTAS
TRX002065,CT-00943,2026-06-25 00:00:00,saque,1243.3,caixaeletrônico,PAG*MERCADOLIVRE
TRX001342,CT-00307,2025-09-26 06:14:00,debitocartao,1493.03,,NETFLIX.COM
TRX001114,CT-00780,2026-02-25 00:00:00,pix,187.78,,UBER *TRIP
TRX000735,CT-00765,2026-01-07 00:44:00,pix,70.87,agência,FARMACIA SAO JOAO
TRX001943,CT-00415,2026-06-02 10:53:00,débitocartão,194.33,internetbanking,TRANSF ENTRE CONTAS
TRX001256,CT-00813,2026-04-14 00:00:00,ted,-31153.26,internetbanking,SUPERMERCADO BOM PRECO
TRX000832,CT-00448,2025-12-28 23:14:00,pix,200.75,caixaeletronico,SUPERMERCADO BOM PRECO
TRX001650,CT-00489,2026-06-05 12:46:00,pix,-146.7,agência,IFOOD *IFOOD
TRX001425,CT-00689,2026-07-27 00:00:00,ted,-1129.78,atm,FARMACIA SAO JOAO
TRX001353,CT-00405,2026-08-15 12:45:00,saque,227.99,caixaeletronico,TARIFA PACOTE SERVICOS
TRX001153,CT-00156,2026-04-08 00:00:00,saque,127.87,,PAG*MERCADOLIVRE
TRX000659,CT-00185,2026-04-21 02:16:00,débitocartão,-1281.74,caixaeletrônico,AMAZON MKTPLACE
TRX001764,CT-00117,2026-04-16 08:34:00,deposito,147.92,internetbanking,TARIFA PACOTE SERVICOS
TRX000309,CT-00363,2025-09-09 00:00:00,pix,244.25,agência,PADARIA DO ZE
TRX000881,CT-00298,2026-05-09 00:00:00,pagamento,197.06,agencia,POSTO SHELL BR
TRX000760,CT-00833,2025-09-24 00:00:00,debitocartao,679.21,internetbanking,TARIFA PACOTE SERVICOS
TRX001237,CT-00641,2026-07-04 13:13:00,saque,-4950.3,agencia,
TRX000791,CT-00958,2026-12-04 09:34:00,depósito,25.7,internetbanking,TARIFA PACOTE SERVICOS
TRX000178,CT-00342,2025-11-19 11:55:00,depósito,369.25,app,
TRX000437,CT-00975,2026-09-08 07:29:00,saque,-46.63,app,NETFLIX.COM
TRX000987,CT-00795,2026-07-31 08:29:00,doc,253.05,caixaeletronico,NETFLIX.COM
TRX000746,CT-00012,2025-12-24 00:00:00,compradébito,254.91,aplicativo,UBER *TRIP
TRX001995,CT-00959,2025-12-15 17:12:00,saque,678.98,atm,TRANSF ENTRE CONTAS
TRX000815,CT-00189,2026-07-03 00:00:00,pagto,-222.56,caixaeletronico,TARIFA PACOTE SERVICOS
TRX001694,CT-00484,2025-08-14 12:46:00,depósito,398.51,agência,PADARIA DO ZE
TRX001618,CT-00465,2025-07-10 23:21:00,saque,-129.63,agencia,SUPERMERCADO BOM PRECO
TRX000022,CT-00607,2026-06-19 00:00:00,debitocartao,712.66,caixaeletronico,RENDIMENTO POUPANCA
TRX001817,CT-00831,2025-11-27 14:20:00,boleto,95.1,ib,PAG*MERCADOLIVRE
TRX001549,CT-00030,2025-12-02 00:00:00,pagto,5985.29,internetbanking,POSTO SHELL BR
TRX001532,CT-00427,2025-11-08 00:00:00,pagamento,280.76,caixaeletronico,UBER *TRIP
TRX001338,CT-00514,2026-01-28 03:01:00,deposito,0.0,atm,AMAZON MKTPLACE
TRX000407,CT-00753,2026-06-07 13:00:00,deposito,155.91,app,IFOOD *IFOOD
TRX000497,CT-00885,2026-03-08 00:00:00,ted,-289.81,atm,PIX QR CODE
TRX001200,CT-00056,2025-09-13 19:51:00,ted,74201.16,internetbanking,
TRX001394,CT-00596,2026-08-02 00:00:00,saque,213.84,app,PADARIA DO ZE
TRX000092,CT-00931,2025-08-10 00:00:00,pagamento,96.64,internetbanking,PADARIA DO ZE
TRX001191,CT-00076,2026-02-18 00:00:00,pix,1491.26,aplicativo,SUPERMERCADO BOM PRECO
TRX000062,CT-00268,2026-08-01 00:00:00,doc,-115.07,app,IFOOD *IFOOD
TRX000153,CT-00235,2026-03-09 00:00:00,depósito,1119.66,ib,TRANSF ENTRE CONTAS
TRX000151,CT-00262,2026-07-08 00:00:00,saque,277.46,internetbanking,PIX QR CODE
TRX000952,CT-00816,2025-10-26 00:00:00,doc,-173.25,app,TRANSF ENTRE CONTAS
TRX000963,CT-00664,2026-09-01 23:29:00,ted,0.0,ib,FARMACIA SAO JOAO
TRX001023,CT-00132,2026-11-06 00:00:00,ted,74996.67,internetbanking,UBER *TRIP
TRX001967,CT-00789,2026-09-02 00:00:00,depósito,13941.83,agencia,TARIFA PACOTE SERVICOS
TRX001077,CT-00483,2026-03-19 10:35:00,doc,10657.2,agência,PAG*MERCADOLIVRE
TRX001974,CT-00718,2026-11-08 00:00:00,pix,118.11,aplicativo,FARMACIA SAO JOAO
TRX001053,CT-00078,2026-03-14 00:00:00,ted,10.23,internetbanking,IFOOD *IFOOD
TRX000554,CT-00860,2025-08-14 00:00:00,saque,-288.89,internetbanking,
TRX001973,CT-00623,2026-02-14 00:00:00,boleto,196.13,,AMAZON MKTPLACE
TRX000197,CT-00267,2026-01-24 00:00:00,depósito,141.98,ib,IFOOD *IFOOD
TRX001645,CT-00693,2026-04-28 00:00:00,doc,59.57,agencia,FOLHA PAGAMENTO
TRX001359,CT-00327,2026-11-08 00:00:00,débitocartão,56.6,atm,IFOOD *IFOOD
TRX002056,CT-00521,2026-06-19 00:00:00,ted,1684.68,ib,SUPERMERCADO BOM PRECO
TRX000147,CT-00515,2026-03-24 19:53:00,compradébito,-22.52,agencia,TARIFA PACOTE SERVICOS
TRX001493,CT-00944,2025-12-09 11:33:00,boleto,775.49,app,POSTO SHELL BR
TRX000855,CT-00246,2025-11-27 00:00:00,ted,1188.28,agencia,FOLHA PAGAMENTO
TRX001879,CT-00074,2026-05-25 18:24:00,debitocartao,,app,AMAZON MKTPLACE
TRX000538,CT-00637,2026-04-19 00:00:00,boleto,415.32,app,
TRX000371,CT-00410,2026-07-04 07:09:00,saque,62.4,caixaeletronico,PIX QR CODE
TRX000775,CT-00415,2026-07-20 00:00:00,saque,5420.87,agencia,TARIFA PACOTE SERVICOS
TRX000105,CT-00451,2026-05-01 00:29:00,saque,221.73,caixaeletrônico,SUPERMERCADO BOM PRECO
TRX000823,CT-00802,2025-07-10 00:00:00,depósito,0.0,caixaeletrônico,
TRX001939,CT-00484,2026-07-28 00:00:00,depósito,154.79,app,PAG*MERCADOLIVRE
TRX001555,CT-00595,2026-07-02 00:00:00,depósito,229.66,caixaeletrônico,NETFLIX.COM
TRX000771,CT-00152,2025-12-31 00:00:00,boleto,224.91,caixaeletrônico,TARIFA PACOTE SERVICOS
TRX001444,CT-00262,2026-04-23 00:00:00,boleto,-1444.44,app,TARIFA PACOTE SERVICOS
TRX001611,CT-00961,2026-07-24 00:00:00,boleto,0.0,agencia,PIX QR CODE
TRX001998,CT-00488,2026-02-11 06:19:00,deposito,5390.84,caixaeletrônico,
TRX001676,CT-00955,2025-11-25 00:00:00,boleto,475.27,atm,UBER *TRIP
TRX001229,CT-00731,2025-09-16 03:00:00,saque,1945.66,atm,PAG*MERCADOLIVRE
TRX000327,CT-00126,2026-01-02 00:00:00,boleto,-948.06,agência,PAG*MERCADOLIVRE
TRX000224,CT-00615,2026-02-05 00:00:00,pix,278.82,caixaeletronico,FARMACIA SAO JOAO
TRX001064,CT-00082,2026-07-22 00:00:00,depósito,24.72,agencia,PAG*MERCADOLIVRE
TRX000174,CT-00334,2025-03-10 08:31:00,deposito,440.5,app,
TRX000569,CT-00117,2026-05-26 00:00:00,pix,45049.67,ib,SUPERMERCADO BOM PRECO
TRX000468,CT-00514,2026-01-15 00:00:00,pagto,67.5,caixaeletrônico,AMAZON MKTPLACE
TRX000397,CT-00221,2026-08-10 00:00:00,boleto,791.82,agencia,SUPERMERCADO BOM PRECO
TRX000172,CT-00881,2026-02-01 00:00:00,depósito,115.96,agencia,POSTO SHELL BR
TRX000973,CT-00539,2025-07-10 00:00:00,saque,1719.01,app,TARIFA PACOTE SERVICOS
TRX000556,CT-00144,2025-08-07 08:08:00,pix,,app,TRANSF ENTRE CONTAS
TRX002092,CT-00536,2026-06-16 06:58:00,boleto,12.26,agência,SUPERMERCADO BOM PRECO
TRX000640,CT-00146,2026-06-23 09:49:00,ted,118.01,agencia,FOLHA PAGAMENTO
TRX000857,CT-00141,2026-08-02 00:00:00,boleto,1099.44,,TRANSF ENTRE CONTAS
TRX001726,CT-00886,2026-05-29 00:00:00,saque,0.0,agencia,RENDIMENTO POUPANCA
TRX001081,CT-00989,2026-03-18 00:00:00,ted,243.91,caixaeletronico,PADARIA DO ZE
TRX001176,CT-00448,2025-08-22 07:34:00,saque,-123.49,agencia,PADARIA DO ZE
TRX000225,CT-00825,2026-05-19 00:00:00,deposito,255.94,app,PIX QR CODE
TRX001766,CT-00585,2025-12-27 00:00:00,boleto,1651.95,atm,POSTO SHELL BR
TRX001670,CT-00490,2025-07-09 00:00:00,deposito,109.54,ib,
TRX000323,CT-00785,2026-07-31 00:00:00,débitocartão,192.53,app,SUPERMERCADO BOM PRECO
TRX001902,CT-00461,2026-03-16 05:52:00,boleto,187.07,internetbanking,AMAZON MKTPLACE
TRX000732,CT-00645,2026-05-15 00:00:00,boleto,2684.85,agencia,FARMACIA SAO JOAO
TRX000836,CT-00324,2025-09-12 00:00:00,deposito,268.92,aplicativo,SUPERMERCADO BOM PRECO
TRX001181,CT-00283,2025-06-11 06:29:00,boleto,-259.22,atm,AMAZON MKTPLACE
TRX000263,CT-00657,2026-01-05 04:14:00,compradébito,292.29,atm,SUPERMERCADO BOM PRECO
TRX000364,CT-00107,2025-08-14 00:00:00,boleto,260.36,ib,PADARIA DO ZE
TRX000890,CT-00941,2026-08-03 00:00:00,débitocartão,144.09,caixaeletrônico,TRANSF ENTRE CONTAS
TRX000213,CT-00797,2026-05-26 00:00:00,saque,0.0,atm,TARIFA PACOTE SERVICOS
TRX002067,CT-00244,2026-06-19 00:00:00,depósito,1869.66,aplicativo,UBER *TRIP
TRX000677,CT-00801,2025-10-10 00:00:00,deposito,1396.47,app,UBER *TRIP
TRX000501,CT-00026,2026-04-25 20:17:00,saque,,ib,PIX QR CODE
TRX000657,CT-00061,2026-04-28 00:12:00,pix,151.01,ib,UBER *TRIP
TRX000034,CT-00833,2025-12-28 04:45:00,depósito,118.36,internetbanking,PADARIA DO ZE
TRX000203,CT-00342,2026-12-08 20:04:00,débitocartão,,aplicativo,TRANSF ENTRE CONTAS
TRX001977,CT-00178,2025-08-09 00:53:00,pagamento,1542.02,caixaeletronico,FOLHA PAGAMENTO
TRX000093,CT-00668,2026-01-24 20:17:00,pagamento,7957.23,app,UBER *TRIP
TRX000678,CT-00782,2025-12-31 00:00:00,depósito,0.0,app,RENDIMENTO POUPANCA
TRX001574,CT-00177,2025-09-25 00:00:00,doc,68935.3,app,AMAZON MKTPLACE
TRX000937,CT-00430,2026-05-17 00:00:00,pix,-1168.23,caixaeletronico,SUPERMERCADO BOM PRECO
TRX001890,CT-00716,2025-11-20 22:07:00,saque,-276.35,ib,PAG*MERCADOLIVRE
TRX001535,CT-00940,2026-04-06 18:50:00,saque,-18.03,,TRANSF ENTRE CONTAS
TRX000452,CT-00574,2025-04-11 10:51:00,boleto,43352.52,caixaeletronico,FOLHA PAGAMENTO
TRX000280,CT-00318,2025-10-30 00:00:00,pix,1974.31,caixaeletrônico,FARMACIA SAO JOAO
TRX000030,CT-00169,2026-06-22 00:00:00,deposito,17.85,agencia,PIX QR CODE
TRX001803,CT-00577,2025-04-09 00:00:00,pix,224.82,aplicativo,FARMACIA SAO JOAO
TRX000898,CT-00490,2025-12-27 20:40:00,doc,9329.1,caixaeletronico,RENDIMENTO POUPANCA
TRX000785,CT-00680,2025-11-11 12:39:00,boleto,,internetbanking,TARIFA PACOTE SERVICOS
TRX001606,CT-00074,2026-05-05 00:00:00,débitocartão,392.23,internetbanking,IFOOD *IFOOD
TRX000057,CT-00910,2026-01-25 00:00:00,saque,-1325.07,aplicativo,AMAZON MKTPLACE
TRX001240,CT-00103,2026-06-16 20:09:00,saque,86.4,caixaeletrônico,PIX QR CODE
TRX001214,CT-00024,2026-01-17 09:36:00,depósito,1142.23,agencia,RENDIMENTO POUPANCA
TRX002051,CT-00190,2025-10-07 00:00:00,compradébito,264.48,app,NETFLIX.COM
TRX001156,CT-00810,2025-08-10 00:00:00,ted,101.85,ib,SUPERMERCADO BOM PRECO
TRX001184,CT-00573,2026-07-02 00:00:00,pix,-184.68,caixaeletrônico,NETFLIX.COM
TRX000707,CT-00464,2025-09-27 00:00:00,ted,-91.25,agencia,TARIFA PACOTE SERVICOS
TRX000398,CT-00252,2025-03-10 00:00:00,deposito,1085.78,atm,RENDIMENTO POUPANCA
TRX000867,CT-00795,2025-12-24 00:00:00,pix,279.62,agencia,AMAZON MKTPLACE
TRX000056,CT-00633,2025-11-22 03:22:00,saque,1931.72,agencia,AMAZON MKTPLACE
TRX001598,CT-00256,2026-01-21 03:56:00,pagto,185.02,internetbanking,IFOOD *IFOOD
TRX000772,CT-00369,2026-07-26 03:40:00,boleto,-1536.68,aplicativo,NETFLIX.COM
TRX001667,CT-00599,2026-03-14 11:42:00,pix,1079.1,atm,IFOOD *IFOOD
TRX000387,CT-00688,2025-11-27 07:57:00,pix,1144.36,agencia,TARIFA PACOTE SERVICOS
TRX000440,CT-00015,2026-05-23 00:00:00,ted,109.03,app,PADARIA DO ZE
TRX000419,CT-00483,2026-07-22 01:04:00,ted,736.33,app,TARIFA PACOTE SERVICOS
TRX001576,CT-00716,2025-09-08 06:25:00,compradébito,-600.18,app,IFOOD *IFOOD
TRX001876,CT-00240,2026-07-21 00:00:00,ted,1605.14,internetbanking,NETFLIX.COM
TRX000853,CT-00869,2026-04-20 00:00:00,pagto,1333.42,atm,FOLHA PAGAMENTO
TRX001343,CT-00575,2025-11-28 07:44:00,debitocartao,116.57,caixaeletrônico,
TRX000264,CT-00263,2026-02-26 00:00:00,débitocartão,21.45,agencia,PIX QR CODE
TRX000905,CT-00806,2025-12-17 00:00:00,depósito,133.71,caixaeletronico,NETFLIX.COM
TRX001988,CT-00442,2026-02-02 00:00:00,ted,-43.1,agencia,FARMACIA SAO JOAO
TRX000694,CT-00567,2026-02-25 14:22:00,compradébito,33626.98,agencia,UBER *TRIP
TRX001097,CT-00539,2025-10-30 02:49:00,compradébito,275.67,caixaeletrônico,UBER *TRIP
TRX001463,CT-00145,2025-11-10 00:00:00,deposito,102.66,caixaeletronico,TARIFA PACOTE SERVICOS
TRX001139,CT-00400,2026-06-19 13:42:00,pagamento,11953.27,caixaeletronico,FARMACIA SAO JOAO
TRX000456,CT-00597,2026-12-01 00:00:00,pix,911.83,internetbanking,PAG*MERCADOLIVRE
TRX000089,CT-01028,2025-09-21 23:03:00,deposito,14145.11,internetbanking,POSTO SHELL BR
TRX002082,CT-00094,2026-04-26 09:26:00,boleto,-1915.9,,UBER *TRIP
TRX000483,CT-00391,2026-02-22 00:00:00,compradébito,238.76,ib,UBER *TRIP
TRX001315,CT-00459,2026-10-01 00:00:00,boleto,334.78,app,TARIFA PACOTE SERVICOS
TRX000948,CT-00660,2026-12-05 00:00:00,compradébito,275.0,atm,AMAZON MKTPLACE
TRX001609,CT-00869,2025-12-26 10:44:00,compradébito,280.45,caixaeletrônico,FARMACIA SAO JOAO
TRX001635,CT-00574,2025-08-14 00:40:00,boleto,45.96,atm,TRANSF ENTRE CONTAS
TRX001483,CT-00235,2026-03-28 19:16:00,pagamento,104.71,agência,NETFLIX.COM
TRX000712,CT-00512,2025-12-30 17:50:00,deposito,65.81,,UBER *TRIP
TRX000164,CT-00586,2026-03-11 00:00:00,boleto,-1415.12,app,IFOOD *IFOOD
TRX000462,CT-00599,2026-08-08 00:00:00,boleto,-760.74,agencia,UBER *TRIP
TRX001333,CT-00167,2026-02-25 00:00:00,pix,-24.91,agencia,PIX QR CODE
TRX000782,CT-00825,2025-09-30 00:00:00,ted,70.5,aplicativo,FOLHA PAGAMENTO
TRX000464,CT-00876,2025-12-14 00:00:00,débitocartão,57.68,caixaeletrônico,RENDIMENTO POUPANCA
TRX000754,CT-00895,2026-04-01 19:37:00,depósito,64.94,caixaeletronico,SUPERMERCADO BOM PRECO
TRX000756,CT-00582,2026-01-22 00:00:00,depósito,621.46,caixaeletrônico,TRANSF ENTRE CONTAS
TRX001474,CT-00217,2025-11-27 11:14:00,ted,29.72,agencia,TARIFA PACOTE SERVICOS
TRX002061,CT-00128,2025-11-13 00:00:00,ted,260.51,atm,PADARIA DO ZE
TRX001627,CT-00066,2025-10-15 00:00:00,pagamento,1974.49,aplicativo,PIX QR CODE
TRX001922,CT-00420,2025-01-12 00:00:00,boleto,156.89,atm,UBER *TRIP
TRX001361,CT-00545,2026-06-19 00:12:00,débitocartão,1996.1,app,PAG*MERCADOLIVRE
TRX001052,CT-00817,2026-03-03 00:00:00,pix,223.19,internetbanking,PAG*MERCADOLIVRE
TRX000470,CT-00163,2025-08-28 00:00:00,débitocartão,52.17,caixaeletronico,AMAZON MKTPLACE
TRX001410,CT-00643,2026-04-13 09:33:00,deposito,1639.66,ib,AMAZON MKTPLACE
TRX001534,CT-00031,2026-03-27 12:11:00,débitocartão,1678.13,app,POSTO SHELL BR
TRX002096,CT-00813,2026-03-29 00:00:00,debitocartao,-252.54,aplicativo,FARMACIA SAO JOAO
TRX000109,CT-00729,2025-09-10 00:00:00,depósito,48.65,internetbanking,SUPERMERCADO BOM PRECO
TRX001740,CT-00644,2026-04-25 21:12:00,pix,-969.02,,PAG*MERCADOLIVRE
TRX001963,CT-00164,2025-10-28 04:05:00,compradébito,200.91,caixaeletrônico,NETFLIX.COM
TRX000019,CT-00867,2025-12-07 00:54:00,deposito,9787.65,internetbanking,RENDIMENTO POUPANCA
TRX002011,CT-00203,2026-01-21 00:00:00,pagto,6.59,caixaeletrônico,UBER *TRIP
TRX001269,CT-00706,2025-10-11 03:53:00,doc,-239.6,caixaeletrônico,POSTO SHELL BR
TRX002003,CT-00600,2026-06-14 06:50:00,compradébito,-875.5,ib,PADARIA DO ZE
TRX001000,CT-00870,2026-03-17 00:00:00,boleto,131.38,app,
TRX001805,CT-00674,2026-04-29 17:13:00,pix,204.23,caixaeletrônico,AMAZON MKTPLACE
TRX001636,CT-00200,2025-06-08 00:00:00,depósito,909.76,atm,FARMACIA SAO JOAO
TRX001683,CT-00376,2026-12-03 14:25:00,boleto,-1055.17,agencia,FOLHA PAGAMENTO
TRX000373,CT-00833,2025-09-09 09:42:00,pix,164.74,caixaeletronico,PAG*MERCADOLIVRE
TRX001802,CT-00669,2025-11-13 00:00:00,deposito,4152.71,caixaeletronico,AMAZON MKTPLACE
TRX000629,CT-00425,2026-03-18 00:00:00,pagto,,agência,POSTO SHELL BR
TRX000126,CT-00312,2025-09-13 00:00:00,depósito,1150.97,app,IFOOD *IFOOD
TRX001722,CT-00913,2025-10-09 00:00:00,pagamento,-14187.46,aplicativo,TRANSF ENTRE CONTAS
TRX001300,CT-00501,2026-06-20 00:00:00,boleto,126.86,app,FARMACIA SAO JOAO
TRX000996,CT-00705,2026-06-13 00:00:00,saque,1438.01,internetbanking,
TRX000620,CT-00309,2025-10-15 00:00:00,depósito,0.0,internetbanking,RENDIMENTO POUPANCA
TRX001135,CT-00544,2025-04-08 14:35:00,boleto,76.09,internetbanking,PIX QR CODE
TRX001800,CT-00738,2025-05-10 03:26:00,pix,116.36,app,UBER *TRIP
TRX001812,CT-00623,2025-07-10 19:07:00,deposito,1994.51,ib,SUPERMERCADO BOM PRECO
TRX001344,CT-00672,2025-10-15 19:01:00,deposito,81.16,app,PAG*MERCADOLIVRE
TRX000458,CT-00469,2025-10-08 17:49:00,debitocartao,181.84,atm,AMAZON MKTPLACE
TRX002087,CT-00067,2025-11-19 00:00:00,ted,555.96,app,TRANSF ENTRE CONTAS
TRX000182,CT-00684,2026-01-28 21:14:00,debitocartao,103.1,agência,SUPERMERCADO BOM PRECO
TRX001334,CT-00801,2025-12-30 00:00:00,depósito,167.36,caixaeletronico,IFOOD *IFOOD
TRX000260,CT-00877,2025-12-30 13:14:00,saque,1557.05,agência,TARIFA PACOTE SERVICOS
TRX000904,CT-00241,2026-02-17 19:20:00,ted,10.26,,FOLHA PAGAMENTO
TRX001068,CT-00954,2026-06-13 07:43:00,doc,71932.95,aplicativo,FARMACIA SAO JOAO
TRX002009,CT-00745,2026-02-15 20:13:00,ted,8687.77,app,FARMACIA SAO JOAO
TRX000088,CT-00593,2026-05-17 13:40:00,ted,257.21,aplicativo,FOLHA PAGAMENTO
TRX001054,CT-00269,2026-08-13 23:04:00,boleto,-6.79,agencia,SUPERMERCADO BOM PRECO
TRX001201,CT-00020,2025-10-16 13:31:00,debitocartao,985.27,internetbanking,NETFLIX.COM
TRX001957,CT-00547,2026-07-31 22:44:00,débitocartão,885.43,app,UBER *TRIP
TRX001975,CT-00418,2026-06-01 17:18:00,saque,1580.7,caixaeletronico,SUPERMERCADO BOM PRECO
TRX000720,CT-00139,2026-11-08 05:04:00,ted,,internetbanking,PAG*MERCADOLIVRE
TRX000588,CT-00575,2026-03-22 00:00:00,boleto,705.6,aplicativo,FARMACIA SAO JOAO
TRX001309,CT-00144,2026-11-05 00:00:00,pagto,58878.35,aplicativo,TRANSF ENTRE CONTAS
TRX000811,CT-00524,2026-03-23 00:00:00,deposito,1251.14,agencia,TARIFA PACOTE SERVICOS
TRX000352,CT-00221,2025-12-09 09:18:00,pix,1462.25,ib,UBER *TRIP
TRX000769,CT-00344,2026-03-28 13:58:00,saque,1238.53,atm,UBER *TRIP
TRX001660,CT-00005,2026-07-20 00:00:00,deposito,249.09,app,NETFLIX.COM
TRX001545,CT-00263,2026-05-18 21:36:00,depósito,1749.67,caixaeletronico,PAG*MERCADOLIVRE
TRX000221,CT-00047,2026-05-22 00:00:00,ted,-11896.48,caixaeletronico,AMAZON MKTPLACE
TRX001459,CT-00636,2026-07-19 00:00:00,pagto,8855.12,app,NETFLIX.COM
TRX000851,CT-00003,2026-07-16 07:24:00,pix,307.7,agencia,NETFLIX.COM
TRX001035,CT-00570,2026-07-04 00:00:00,debitocartao,1886.2,internetbanking,PADARIA DO ZE
TRX000173,CT-00913,2026-03-25 00:00:00,ted,174.47,ib,PAG*MERCADOLIVRE
TRX000100,CT-00496,2026-06-03 00:00:00,ted,-67.81,agencia,RENDIMENTO POUPANCA
TRX001602,CT-00430,2025-12-11 05:14:00,pix,268.97,ib,POSTO SHELL BR
TRX001904,CT-00875,2026-05-23 00:00:00,pix,276.21,aplicativo,PAG*MERCADOLIVRE
TRX000499,CT-00153,2025-08-03 15:39:00,débitocartão,-937.78,agência,PAG*MERCADOLIVRE
TRX000443,CT-00472,2026-06-14 00:00:00,depósito,0.0,internetbanking,TARIFA PACOTE SERVICOS
TRX001605,CT-00309,2026-03-04 15:05:00,deposito,265.38,internetbanking,POSTO SHELL BR
TRX001589,CT-00808,2026-08-01 09:45:00,boleto,1548.82,agencia,PIX QR CODE
TRX000375,CT-01031,2026-07-09 00:00:00,ted,197.37,agencia,PIX QR CODE
TRX001779,CT-00930,2025-11-29 00:00:00,deposito,142.09,agencia,UBER *TRIP
TRX001853,CT-00067,2026-01-13 00:00:00,pix,229.54,ib,PADARIA DO ZE
TRX001061,CT-00480,2025-10-10 20:05:00,pix,161.72,internetbanking,RENDIMENTO POUPANCA
TRX000344,CT-00651,2026-06-19 16:29:00,débitocartão,165.87,caixaeletronico,FARMACIA SAO JOAO
TRX002077,CT-00419,2026-02-04 00:00:00,pagto,191.96,agência,SUPERMERCADO BOM PRECO
TRX000423,CT-00263,2025-03-09 23:32:00,boleto,129.99,agência,RENDIMENTO POUPANCA
TRX002002,CT-00191,2026-09-07 00:00:00,boleto,1364.87,app,UBER *TRIP
TRX002021,CT-01015,2025-10-09 00:28:00,deposito,40.08,app,NETFLIX.COM
TRX000288,CT-00222,2026-02-04 08:59:00,ted,8752.38,agencia,NETFLIX.COM
TRX002054,CT-00002,2026-02-03 00:00:00,doc,245.14,agência,TRANSF ENTRE CONTAS
TRX001625,CT-00465,2026-02-01 21:12:00,deposito,12931.01,caixaeletronico,UBER *TRIP
TRX001712,CT-00354,2026-12-05 15:06:00,boleto,89.88,caixaeletronico,POSTO SHELL BR
TRX000404,CT-00433,2026-08-15 00:00:00,boleto,55.14,atm,
TRX000408,CT-00459,2026-02-07 00:00:00,ted,-6365.02,,IFOOD *IFOOD
TRX001629,CT-00060,2025-10-09 14:57:00,doc,-181.47,agencia,SUPERMERCADO BOM PRECO
TRX000332,CT-00579,2026-03-28 00:00:00,ted,148.49,caixaeletronico,TARIFA PACOTE SERVICOS
TRX001440,CT-00467,2026-06-17 21:50:00,pix,-8419.72,atm,AMAZON MKTPLACE
TRX001063,CT-00811,2025-08-25 00:00:00,pix,245.08,app,TARIFA PACOTE SERVICOS
TRX001167,CT-00883,2026-07-29 00:00:00,pagto,-6923.9,agencia,AMAZON MKTPLACE
TRX001438,CT-00179,2025-12-27 03:03:00,compradébito,59.4,agência,FARMACIA SAO JOAO
TRX001171,CT-00475,2025-08-10 00:00:00,pix,265.5,agencia,RENDIMENTO POUPANCA
TRX000108,CT-00058,2026-02-14 00:00:00,deposito,138.7,app,FOLHA PAGAMENTO
TRX000471,CT-00066,2026-03-03 09:16:00,saque,-38.14,caixaeletronico,TARIFA PACOTE SERVICOS
TRX001262,CT-00131,2026-05-07 01:22:00,compradébito,205.39,aplicativo,FOLHA PAGAMENTO
TRX001923,CT-00918,2026-03-03 07:26:00,deposito,,atm,
TRX000520,CT-00691,2026-02-28 11:41:00,doc,262.36,caixaeletrônico,PAG*MERCADOLIVRE
TRX001738,CT-00682,2026-08-14 00:31:00,pix,-201.11,atm,RENDIMENTO POUPANCA
TRX001329,CT-00482,2026-12-05 00:00:00,débitocartão,-1597.25,internetbanking,PAG*MERCADOLIVRE
TRX001177,CT-00476,2026-01-24 00:00:00,boleto,10819.25,app,NETFLIX.COM
TRX001674,CT-00181,2026-02-28 00:00:00,depósito,6701.26,ib,AMAZON MKTPLACE
TRX000315,CT-00698,2025-04-08 00:00:00,pix,-60.3,internetbanking,AMAZON MKTPLACE
TRX001568,CT-00462,2025-10-10 03:06:00,boleto,-781.66,internetbanking,PAG*MERCADOLIVRE
TRX000674,CT-00398,2026-05-17 00:00:00,depósito,176.04,app,
TRX001774,CT-00238,2026-01-02 00:00:00,pagamento,-871.61,agência,IFOOD *IFOOD
TRX000369,CT-00172,2025-12-18 00:00:00,depósito,215.0,caixaeletronico,PAG*MERCADOLIVRE
TRX001519,CT-00534,2026-04-02 00:00:00,compradébito,93.98,app,FARMACIA SAO JOAO
TRX000959,CT-00348,2026-07-05 00:00:00,saque,70.98,caixaeletrônico,AMAZON MKTPLACE
TRX001846,CT-00525,2025-09-27 23:21:00,saque,-22.25,atm,TRANSF ENTRE CONTAS
TRX000094,CT-00116,2025-11-15 00:00:00,debitocartao,7192.91,app,FARMACIA SAO JOAO
TRX001877,CT-00700,2026-07-30 00:00:00,pix,265.08,internetbanking,PAG*MERCADOLIVRE
TRX001083,CT-00755,2025-11-09 03:58:00,compradébito,213.77,agencia,PADARIA DO ZE
TRX001632,CT-00298,2025-10-18 00:00:00,boleto,-169.49,app,UBER *TRIP
TRX000523,CT-00656,2025-12-26 03:51:00,boleto,-229.55,app,PAG*MERCADOLIVRE
TRX000692,CT-00474,2025-10-30 16:19:00,debitocartao,-88.75,atm,FARMACIA SAO JOAO
TRX000733,CT-00302,2026-01-24 16:40:00,depósito,69.72,app,FOLHA PAGAMENTO
TRX000115,CT-00472,2026-01-24 15:27:00,debitocartao,-1267.91,caixaeletrônico,POSTO SHELL BR
TRX001854,CT-00182,2025-09-11 00:00:00,pix,-227.15,agencia,SUPERMERCADO BOM PRECO
TRX001104,CT-00664,2025-11-27 01:44:00,ted,-228.45,app,NETFLIX.COM
TRX001115,CT-00358,2025-11-22 06:10:00,ted,1609.15,atm,TRANSF ENTRE CONTAS
TRX001296,CT-00886,2026-09-05 06:17:00,pagto,0.0,agencia,TARIFA PACOTE SERVICOS
TRX000577,CT-00531,2025-12-22 09:32:00,deposito,239.63,internetbanking,PAG*MERCADOLIVRE
TRX001783,CT-00997,2026-01-01 00:00:00,pix,-149.88,internetbanking,RENDIMENTO POUPANCA
TRX000918,CT-00669,2026-10-04 13:30:00,ted,3294.01,caixaeletronico,FARMACIA SAO JOAO
TRX001703,CT-00116,2026-01-03 19:32:00,doc,-220.49,caixaeletrônico,POSTO SHELL BR
TRX001357,CT-00348,2025-09-25 10:47:00,doc,237.35,app,TRANSF ENTRE CONTAS
TRX002008,CT-00255,2025-08-13 15:11:00,saque,145.02,app,AMAZON MKTPLACE
TRX000208,CT-00021,2026-03-02 06:09:00,depósito,52.89,internetbanking,POSTO SHELL BR
TRX001927,CT-00497,2025-12-16 16:38:00,boleto,173.56,caixaeletronico,PIX QR CODE
TRX000124,CT-00996,2025-09-10 00:00:00,ted,15.38,aplicativo,UBER *TRIP
TRX000570,CT-00716,2025-12-10 09:22:00,debitocartao,182.46,app,PIX QR CODE
TRX000528,CT-00458,2026-05-13 00:00:00,pagamento,120.27,agencia,PADARIA DO ZE
TRX001809,CT-00064,2025-09-05 05:15:00,deposito,17717.9,caixaeletrônico,SUPERMERCADO BOM PRECO
TRX000552,CT-00657,2026-08-07 21:33:00,pix,1545.36,agência,PIX QR CODE
TRX000561,CT-00348,2026-07-13 00:00:00,débitocartão,,app,UBER *TRIP
TRX001311,CT-00070,2026-02-23 00:00:00,depósito,88.52,app,IFOOD *IFOOD
TRX001120,CT-00671,2025-08-21 12:40:00,pagamento,44580.64,,FOLHA PAGAMENTO
TRX001748,CT-00747,2025-12-11 00:00:00,deposito,1450.05,agencia,RENDIMENTO POUPANCA
TRX000584,CT-00237,2026-02-08 01:58:00,pix,150.17,atm,UBER *TRIP
TRX000302,CT-00615,2026-03-31 00:00:00,saque,1581.6,internetbanking,PAG*MERCADOLIVRE
TRX001895,CT-00722,2025-12-28 00:00:00,débitocartão,-12.33,agencia,UBER *TRIP
TRX002076,CT-00593,2025-12-20 00:00:00,boleto,-1805.56,internetbanking,TRANSF ENTRE CONTAS
TRX000313,CT-00773,2026-01-10 00:00:00,pix,209.54,aplicativo,TARIFA PACOTE SERVICOS
TRX000962,CT-00834,2026-08-05 15:12:00,ted,-170.15,agencia,PADARIA DO ZE
TRX001931,CT-00603,2026-02-15 00:00:00,doc,-100.33,internetbanking,PADARIA DO ZE
TRX000008,CT-00517,2026-06-24 05:07:00,pix,-114.53,app,PADARIA DO ZE
TRX000025,CT-00289,2026-01-03 00:00:00,debitocartao,158.12,internetbanking,UBER *TRIP
TRX001371,CT-00312,2026-01-16 00:00:00,compradébito,,internetbanking,SUPERMERCADO BOM PRECO
TRX000439,CT-01005,2025-01-08 00:00:00,pagamento,40782.2,ib,SUPERMERCADO BOM PRECO
TRX000693,CT-00867,2025-09-24 00:00:00,ted,1135.67,ib,TARIFA PACOTE SERVICOS
TRX001599,CT-00210,2026-03-03 00:00:00,pagamento,269.4,app,TRANSF ENTRE CONTAS
TRX002095,CT-00648,2025-08-24 11:05:00,pix,-58.81,agencia,PIX QR CODE
TRX000063,CT-00222,2025-06-11 00:00:00,depósito,479.35,internetbanking,AMAZON MKTPLACE
TRX000489,CT-00920,2025-09-09 05:57:00,debitocartao,-2386.41,agencia,TRANSF ENTRE CONTAS
TRX001496,CT-00291,2026-08-08 15:25:00,débitocartão,78193.67,agência,PIX QR CODE
TRX000298,CT-00384,2026-10-01 00:00:00,pagamento,1470.08,app,PAG*MERCADOLIVRE
TRX000358,CT-00495,2025-02-11 00:00:00,depósito,3143.89,agencia,POSTO SHELL BR
TRX000248,CT-00829,2025-06-08 00:00:00,doc,-171.98,aplicativo,
TRX000900,CT-00490,2025-08-08 08:01:00,deposito,1992.54,,PADARIA DO ZE
TRX002094,CT-00531,2025-08-13 00:00:00,ted,1551.58,aplicativo,UBER *TRIP
TRX000117,CT-00424,2026-02-22 18:26:00,boleto,-55.79,,RENDIMENTO POUPANCA
TRX001395,CT-00813,2026-10-06 00:00:00,pagamento,10601.33,internetbanking,PIX QR CODE
TRX001274,CT-00063,2026-06-03 00:00:00,débitocartão,-270.02,internetbanking,
TRX001900,CT-00566,2025-08-12 22:58:00,debitocartao,128.72,internetbanking,RENDIMENTO POUPANCA
TRX001649,CT-00185,2025-08-03 00:00:00,saque,401.33,app,TRANSF ENTRE CONTAS
TRX001513,CT-00215,2025-08-20 20:20:00,saque,168.04,app,RENDIMENTO POUPANCA
TRX000527,CT-00576,2026-03-26 16:12:00,depósito,191.65,caixaeletronico,PAG*MERCADOLIVRE
TRX000601,CT-00340,2026-01-12 05:43:00,boleto,957.11,app,PAG*MERCADOLIVRE
TRX001983,CT-00675,2025-10-23 00:00:00,debitocartao,8112.13,app,FOLHA PAGAMENTO
TRX000292,CT-00403,2025-11-09 00:00:00,debitocartao,2883.48,app,PAG*MERCADOLIVRE
TRX001047,CT-00321,2025-11-15 22:36:00,depósito,226.5,,POSTO SHELL BR
TRX000271,CT-00442,2025-10-22 00:00:00,pix,203.33,,IFOOD *IFOOD
TRX000525,CT-00146,2026-02-12 00:00:00,saque,-14385.52,app,TARIFA PACOTE SERVICOS
TRX000312,CT-00737,2026-07-01 03:14:00,saque,12941.44,,UBER *TRIP
TRX000281,CT-00367,2025-02-12 00:00:00,boleto,253.0,agência,NETFLIX.COM
TRX000907,CT-00518,2026-09-01 07:14:00,pix,11706.05,app,RENDIMENTO POUPANCA
TRX001713,CT-00831,2026-05-21 00:00:00,ted,261.81,caixaeletrônico,
TRX001426,CT-00729,2026-04-23 00:00:00,boleto,6100.4,atm,PIX QR CODE
TRX000451,CT-00824,2025-06-10 14:51:00,pix,-1189.84,agência,IFOOD *IFOOD
TRX000267,CT-00945,2025-10-21 11:24:00,depósito,386.7,,
TRX001915,CT-00298,2025-11-11 02:14:00,ted,10717.45,,PADARIA DO ZE
TRX001758,CT-00640,2026-02-13 00:00:00,depósito,69.62,app,FOLHA PAGAMENTO
TRX002071,CT-00276,2026-01-17 14:38:00,ted,1194.25,app,FOLHA PAGAMENTO
TRX001866,CT-00676,2026-01-06 00:00:00,boleto,157.63,caixaeletrônico,FARMACIA SAO JOAO
TRX001070,CT-00959,2025-08-12 15:27:00,pagamento,-191.25,agencia,
TRX001218,CT-00399,2026-07-21 00:00:00,ted,111.37,,RENDIMENTO POUPANCA
TRX002000,CT-00495,2026-08-04 00:00:00,saque,-6397.77,app,PAG*MERCADOLIVRE
TRX000180,CT-00949,2025-09-28 13:05:00,ted,481.27,ib,RENDIMENTO POUPANCA
TRX000276,CT-00487,2026-07-19 08:45:00,pagto,1074.21,internetbanking,RENDIMENTO POUPANCA
TRX002089,CT-00252,2025-09-22 00:00:00,deposito,,caixaeletrônico,SUPERMERCADO BOM PRECO
TRX000205,CT-00465,2025-10-17 01:39:00,compradébito,-90.12,,TRANSF ENTRE CONTAS
TRX000336,CT-00282,2026-05-21 10:33:00,pix,240.58,atm,TRANSF ENTRE CONTAS
TRX000628,CT-00876,2025-10-13 00:00:00,pix,58170.0,aplicativo,TARIFA PACOTE SERVICOS
TRX000233,CT-00524,2026-01-29 17:15:00,pagto,1532.8,caixaeletrônico,TRANSF ENTRE CONTAS
TRX000384,CT-00941,2026-08-04 11:39:00,boleto,3429.74,caixaeletrônico,PADARIA DO ZE
TRX000110,CT-00665,2025-11-16 00:00:00,boleto,408.99,agencia,PAG*MERCADOLIVRE
TRX000695,CT-00302,2025-06-09 00:00:00,compradébito,274.32,agência,IFOOD *IFOOD
TRX001862,CT-00592,2026-03-19 08:11:00,debitocartao,63.71,internetbanking,PIX QR CODE
TRX001834,CT-00927,2026-04-04 18:05:00,depósito,13248.65,agencia,RENDIMENTO POUPANCA
TRX001913,CT-00016,2026-03-29 03:19:00,débitocartão,-212.33,atm,UBER *TRIP
TRX001642,CT-00062,2026-04-30 00:00:00,boleto,3006.72,atm,POSTO SHELL BR
TRX001416,CT-00271,2025-08-03 00:00:00,pagamento,42040.41,agencia,RENDIMENTO POUPANCA
TRX000449,CT-00430,2026-05-28 00:00:00,ted,65.76,app,SUPERMERCADO BOM PRECO
TRX000475,CT-00712,2026-02-03 00:00:00,pagamento,9160.8,internetbanking,TRANSF ENTRE CONTAS
TRX000901,CT-00785,2026-02-14 03:31:00,pix,14960.24,app,PAG*MERCADOLIVRE
TRX000299,CT-00185,2025-12-09 00:00:00,compradébito,,app,PAG*MERCADOLIVRE
TRX001478,CT-00289,2025-11-02 00:00:00,compradébito,10160.82,app,UBER *TRIP
TRX001565,CT-00176,2025-09-17 00:00:00,débitocartão,2341.23,agência,TRANSF ENTRE CONTAS
TRX001110,CT-00745,2025-10-10 15:09:00,boleto,662.02,internetbanking,AMAZON MKTPLACE
TRX001391,CT-00951,2026-11-08 00:06:00,deposito,3540.0,ib,FARMACIA SAO JOAO
TRX001940,CT-00202,2026-03-19 00:00:00,boleto,-294.1,atm,FOLHA PAGAMENTO
TRX000961,CT-00873,2025-09-10 00:59:00,ted,252.33,agência,RENDIMENTO POUPANCA
TRX000142,CT-00294,2026-01-03 00:00:00,pagamento,1917.5,caixaeletronico,SUPERMERCADO BOM PRECO
TRX000672,CT-00706,2026-06-20 00:00:00,boleto,251.04,agencia,TARIFA PACOTE SERVICOS
TRX000132,CT-00770,2025-04-09 00:00:00,boleto,999.0,,UBER *TRIP
TRX001253,CT-00359,2025-12-16 00:00:00,compradébito,-9430.04,agência,SUPERMERCADO BOM PRECO
TRX001685,CT-00957,2025-11-11 23:58:00,debitocartao,1074.57,app,IFOOD *IFOOD
TRX001992,CT-00950,2025-12-24 21:37:00,boleto,9202.37,internetbanking,TARIFA PACOTE SERVICOS
TRX000757,CT-00684,2026-08-08 00:00:00,ted,41.31,,NETFLIX.COM
TRX001590,CT-00042,2026-01-03 00:00:00,boleto,,caixaeletrônico,TRANSF ENTRE CONTAS
TRX002058,CT-00585,2026-07-18 00:00:00,saque,279.55,ib,TARIFA PACOTE SERVICOS
TRX001646,CT-00984,2025-10-26 00:00:00,saque,214.58,agência,PIX QR CODE
TRX000134,CT-00340,2026-02-24 07:51:00,boleto,-2620.53,internetbanking,FARMACIA SAO JOAO
TRX000645,CT-00673,2026-07-03 00:00:00,depósito,1534.27,internetbanking,RENDIMENTO POUPANCA
TRX000592,CT-00670,2026-06-01 17:13:00,débitocartão,-47351.6,agência,PADARIA DO ZE
TRX000125,CT-00448,2026-04-13 00:00:00,compradébito,7662.63,internetbanking,FOLHA PAGAMENTO
TRX000112,CT-00098,2026-01-18 00:00:00,pagamento,-154.26,app,IFOOD *IFOOD
TRX001768,CT-00582,2025-09-14 00:00:00,pix,55.9,app,
TRX000348,CT-00682,2026-10-08 07:36:00,deposito,238.73,aplicativo,SUPERMERCADO BOM PRECO
TRX000925,CT-00816,2026-09-05 00:00:00,pix,560.02,,NETFLIX.COM
TRX000411,CT-00861,2025-11-30 00:00:00,compradébito,281.83,app,POSTO SHELL BR
TRX001079,CT-00824,2026-06-23 21:00:00,compradébito,-11632.52,agência,
TRX001401,CT-00837,2026-03-02 03:16:00,boleto,24.86,agencia,AMAZON MKTPLACE
TRX000885,CT-00064,2026-02-14 00:00:00,debitocartao,11754.15,app,RENDIMENTO POUPANCA
TRX001841,CT-00507,2025-04-11 00:00:00,compradébito,7029.69,aplicativo,AMAZON MKTPLACE
TRX000648,CT-00638,2026-02-04 00:00:00,deposito,175.48,agência,PIX QR CODE
TRX000778,CT-00881,2026-02-02 00:00:00,boleto,-6066.95,caixaeletrônico,PAG*MERCADOLIVRE
TRX000304,CT-00865,2025-12-16 07:05:00,pagto,989.32,app,FARMACIA SAO JOAO
TRX000910,CT-00439,2026-09-02 00:00:00,pix,347.12,caixaeletronico,PIX QR CODE
TRX001447,CT-00558,2025-07-11 01:57:00,boleto,0.0,app,SUPERMERCADO BOM PRECO
TRX000420,CT-00032,2026-03-02 11:05:00,pix,286.95,app,TRANSF ENTRE CONTAS
TRX000418,CT-00164,2026-12-06 00:00:00,débitocartão,412.3,caixaeletronico,PAG*MERCADOLIVRE
TRX001819,CT-00334,2025-11-23 00:40:00,ted,-70295.16,ib,
TRX000928,CT-00074,2026-02-16 00:00:00,pix,276.83,ib,PAG*MERCADOLIVRE
TRX002063,CT-00377,2026-06-03 00:39:00,pix,32334.04,agência,FOLHA PAGAMENTO
TRX001524,CT-00041,2026-06-27 02:50:00,depósito,212.52,agência,FOLHA PAGAMENTO
TRX001080,CT-00028,2026-04-13 07:02:00,ted,-756.0,ib,AMAZON MKTPLACE
TRX001780,CT-00105,2025-04-08 00:00:00,débitocartão,13.6,internetbanking,UBER *TRIP
TRX001508,CT-00471,2025-12-23 22:05:00,debitocartao,1210.1,app,PAG*MERCADOLIVRE
TRX001308,CT-00258,2025-07-11 00:00:00,pagamento,-13393.16,agencia,PAG*MERCADOLIVRE
TRX002032,CT-00282,2025-11-26 00:00:00,ted,1230.21,app,UBER *TRIP
TRX000345,CT-00190,2026-05-03 20:51:00,compradébito,210.72,atm,TARIFA PACOTE SERVICOS
TRX000403,CT-00066,2025-11-08 00:00:00,boleto,0.0,agência,SUPERMERCADO BOM PRECO
TRX001557,CT-00083,2026-01-16 00:00:00,ted,1469.41,,NETFLIX.COM
TRX001133,CT-00382,2026-07-07 00:00:00,compradébito,13795.24,,TRANSF ENTRE CONTAS
TRX000951,CT-00756,2025-09-25 15:08:00,saque,239.26,app,AMAZON MKTPLACE
TRX001365,CT-00281,2026-07-02 00:00:00,pix,-34.43,caixaeletrônico,RENDIMENTO POUPANCA
TRX000924,CT-00740,2025-10-14 00:00:00,pagto,-1526.8,agencia,SUPERMERCADO BOM PRECO
TRX001989,CT-00612,2026-01-20 04:33:00,pix,300.42,atm,FARMACIA SAO JOAO
TRX000972,CT-00725,2025-08-09 11:17:00,pagto,71578.16,ib,UBER *TRIP
TRX002072,CT-00410,2025-09-29 00:00:00,boleto,95.34,internetbanking,IFOOD *IFOOD
TRX000731,CT-00595,2026-02-21 00:00:00,boleto,-1368.29,app,AMAZON MKTPLACE
TRX000960,CT-00332,2025-09-14 21:06:00,pagto,1509.88,ib,AMAZON MKTPLACE
TRX001956,CT-00407,2026-11-03 21:01:00,ted,904.88,app,UBER *TRIP
TRX000370,CT-00107,2026-05-02 12:35:00,doc,-83.61,app,AMAZON MKTPLACE
TRX000847,CT-00726,2025-10-09 00:00:00,boleto,201.58,,SUPERMERCADO BOM PRECO
TRX000725,CT-00772,2026-07-01 14:52:00,pagto,-742.12,agencia,NETFLIX.COM
TRX001435,CT-00694,2025-03-12 23:42:00,pix,88.53,caixaeletrônico,RENDIMENTO POUPANCA
TRX001099,CT-00297,2026-03-11 14:43:00,depósito,74010.75,agencia,PAG*MERCADOLIVRE
TRX001263,CT-00491,2026-02-24 00:00:00,debitocartao,297.08,internetbanking,AMAZON MKTPLACE
TRX000623,CT-00888,2026-02-04 05:24:00,saque,54.21,agencia,POSTO SHELL BR
TRX000716,CT-00596,2025-01-10 00:00:00,pagamento,152.54,ib,UBER *TRIP
TRX000537,CT-00064,2026-01-01 00:00:00,ted,262.62,agencia,AMAZON MKTPLACE
TRX000911,CT-00555,2026-11-05 11:55:00,depósito,,app,TRANSF ENTRE CONTAS
TRX000135,CT-00080,2026-02-18 15:50:00,débitocartão,3938.35,internetbanking,TARIFA PACOTE SERVICOS
TRX001134,CT-00010,2026-06-04 21:20:00,deposito,240.58,internetbanking,POSTO SHELL BR
TRX000500,CT-00593,2026-02-21 00:00:00,ted,-251.63,atm,POSTO SHELL BR
TRX000406,CT-00506,2026-03-13 10:02:00,ted,7.67,caixaeletrônico,PADARIA DO ZE
TRX000938,CT-00933,2026-04-27 00:00:00,ted,1155.24,atm,PIX QR CODE
TRX001380,CT-00228,2025-09-11 21:15:00,deposito,0.0,caixaeletronico,AMAZON MKTPLACE
TRX001814,CT-00957,2026-01-04 00:00:00,deposito,45355.9,caixaeletrônico,UBER *TRIP
TRX001140,CT-00151,2026-06-03 05:58:00,pagamento,1926.42,agencia,POSTO SHELL BR
TRX001043,CT-00923,2026-09-04 00:00:00,pagamento,863.17,internetbanking,FOLHA PAGAMENTO
TRX000311,CT-00211,2025-08-30 00:00:00,saque,1223.88,caixaeletronico,RENDIMENTO POUPANCA
TRX000061,CT-00895,2026-02-23 00:00:00,compradébito,132.18,atm,
TRX000724,CT-00022,2026-04-29 00:00:00,pagto,13355.65,agencia,PAG*MERCADOLIVRE
TRX001012,CT-00226,2026-05-03 00:00:00,deposito,11141.01,,PADARIA DO ZE
TRX001723,CT-00550,2026-02-13 00:00:00,boleto,3167.43,ib,FOLHA PAGAMENTO
TRX001593,CT-00433,2026-05-17 00:00:00,depósito,2895.16,caixaeletrônico,IFOOD *IFOOD
TRX001778,CT-00433,2026-09-05 00:00:00,boleto,1974.38,internetbanking,POSTO SHELL BR
TRX001918,CT-00177,2025-11-23 00:00:00,débitocartão,187.15,caixaeletronico,TARIFA PACOTE SERVICOS
TRX001966,CT-00978,2026-02-19 00:00:00,compradébito,461.68,agencia,PADARIA DO ZE
TRX001257,CT-00777,2025-04-12 00:00:00,pix,-263.05,app,PAG*MERCADOLIVRE
TRX000230,CT-00366,2025-09-14 00:00:00,saque,1004.76,app,TARIFA PACOTE SERVICOS
TRX001404,CT-00059,2025-10-08 15:50:00,saque,194.04,app,TARIFA PACOTE SERVICOS
TRX000627,CT-00267,2026-02-17 00:00:00,saque,5214.21,app,
TRX001772,CT-00253,2025-02-08 02:56:00,deposito,30.97,app,RENDIMENTO POUPANCA
TRX001965,CT-00896,2026-07-06 00:00:00,debitocartao,-1124.01,app,POSTO SHELL BR
TRX000282,CT-00291,2026-04-06 15:29:00,pix,69281.51,atm,FARMACIA SAO JOAO
TRX000981,CT-00058,2025-10-19 13:38:00,doc,129.62,app,FOLHA PAGAMENTO
TRX000295,CT-00339,2025-11-28 19:32:00,pix,-32.33,caixaeletrônico,AMAZON MKTPLACE
TRX000148,CT-00251,2026-03-17 00:00:00,boleto,-1586.62,aplicativo,FOLHA PAGAMENTO
TRX000087,CT-00615,2026-02-07 00:00:00,ted,-2294.84,app,PAG*MERCADOLIVRE
TRX001533,CT-00296,2025-12-08 02:22:00,boleto,742.29,app,RENDIMENTO POUPANCA
TRX000607,CT-00855,2025-08-31 00:00:00,saque,8894.7,app,RENDIMENTO POUPANCA
TRX000011,CT-00648,2026-06-27 00:00:00,pix,685.99,app,PIX QR CODE
TRX001182,CT-00859,2026-03-22 00:00:00,pagamento,106.5,aplicativo,TRANSF ENTRE CONTAS
TRX001461,CT-00054,2025-07-08 10:59:00,ted,199.78,app,TARIFA PACOTE SERVICOS
TRX001293,CT-00202,2025-09-10 11:09:00,ted,212.48,app,IFOOD *IFOOD
TRX001328,CT-00314,2026-04-24 03:41:00,pix,9650.57,caixaeletronico,
TRX000604,CT-00731,2026-03-20 00:00:00,ted,1846.96,caixaeletrônico,SUPERMERCADO BOM PRECO
TRX001243,CT-00870,2026-10-07 00:00:00,saque,-172.7,agencia,PADARIA DO ZE
TRX002024,CT-00281,2026-06-06 16:51:00,boleto,-766.67,agência,PIX QR CODE
TRX000353,CT-00504,2026-03-14 19:33:00,pagamento,-2039.68,caixaeletrônico,POSTO SHELL BR
TRX001601,CT-00501,2025-09-29 00:00:00,boleto,33759.36,caixaeletronico,
TRX000191,CT-00112,2025-04-08 08:04:00,boleto,116.98,caixaeletrônico,IFOOD *IFOOD
TRX001721,CT-00830,2026-01-18 10:24:00,deposito,22161.88,internetbanking,PADARIA DO ZE
TRX000297,CT-00243,2026-02-15 00:00:00,depósito,1087.29,agência,NETFLIX.COM
TRX000496,CT-00826,2026-03-20 00:00:00,pix,-11022.13,ib,IFOOD *IFOOD
TRX001716,CT-00967,2025-10-17 00:00:00,boleto,1581.2,,UBER *TRIP
TRX001285,CT-00400,2025-12-17 03:38:00,pagto,-287.7,agência,AMAZON MKTPLACE
TRX001784,CT-00467,2025-04-08 20:00:00,pix,200.74,caixaeletronico,NETFLIX.COM
TRX001378,CT-00298,2026-08-08 00:00:00,deposito,614.82,agencia,
TRX001885,CT-00474,2026-01-18 00:00:00,boleto,46.7,,FARMACIA SAO JOAO
TRX000800,CT-00177,2025-08-29 00:00:00,boleto,100.19,atm,RENDIMENTO POUPANCA
TRX002098,CT-00376,2026-05-26 01:35:00,pagto,1939.45,agencia,FOLHA PAGAMENTO
TRX000067,CT-00059,2026-03-18 09:26:00,ted,45926.94,app,UBER *TRIP
TRX000807,CT-00606,2026-04-25 00:00:00,debitocartao,0.0,agencia,IFOOD *IFOOD
TRX001544,CT-00841,2025-12-28 11:22:00,debitocartao,-55.89,agencia,PIX QR CODE
TRX001575,CT-00220,2026-02-05 23:56:00,pagto,-1939.0,internetbanking,PIX QR CODE
TRX001264,CT-00419,2025-09-15 00:00:00,deposito,508.28,internetbanking,FOLHA PAGAMENTO
TRX001480,CT-00848,2026-08-05 00:00:00,boleto,14.31,internetbanking,SUPERMERCADO BOM PRECO
TRX000792,CT-00062,2025-10-07 00:24:00,doc,,agencia,
TRX000506,CT-00729,2025-12-25 00:00:00,pagamento,128.68,aplicativo,PADARIA DO ZE
TRX001586,CT-00096,2025-08-10 00:00:00,saque,8828.04,app,RENDIMENTO POUPANCA
TRX001382,CT-00162,2026-07-31 21:48:00,pix,76.16,aplicativo,IFOOD *IFOOD
TRX000278,CT-00042,2026-04-22 00:00:00,pagamento,100.02,,PAG*MERCADOLIVRE
TRX001113,CT-00147,2026-06-05 16:44:00,doc,10573.87,internetbanking,TRANSF ENTRE CONTAS
TRX001029,CT-00501,2026-05-15 04:01:00,compradébito,14527.8,internetbanking,SUPERMERCADO BOM PRECO
TRX000563,CT-00612,2026-05-17 19:20:00,boleto,-267.92,agencia,AMAZON MKTPLACE
TRX001226,CT-00378,2025-05-10 08:35:00,debitocartao,-6998.37,internetbanking,NETFLIX.COM
TRX000903,CT-00549,2026-04-17 04:17:00,pagto,1011.93,app,PAG*MERCADOLIVRE
TRX001048,CT-00151,2025-12-27 00:00:00,doc,80.43,aplicativo,NETFLIX.COM
TRX001039,CT-00649,2026-06-08 00:05:00,deposito,91.56,app,NETFLIX.COM
TRX000442,CT-00292,2025-09-18 00:00:00,deposito,286.74,aplicativo,RENDIMENTO POUPANCA
TRX000461,CT-00171,2026-05-12 00:00:00,deposito,5367.58,app,SUPERMERCADO BOM PRECO
TRX001364,CT-00765,2025-07-10 00:00:00,pagamento,-123.06,internetbanking,IFOOD *IFOOD
TRX000165,CT-01016,2025-02-09 00:00:00,deposito,2169.25,internetbanking,SUPERMERCADO BOM PRECO
TRX000329,CT-00472,2026-08-15 12:34:00,pagamento,-1909.79,caixaeletrônico,POSTO SHELL BR
TRX000157,CT-00364,2026-05-19 00:00:00,compradébito,2107.75,agência,RENDIMENTO POUPANCA
TRX000127,CT-00617,2026-06-23 00:00:00,pagto,10414.98,app,PAG*MERCADOLIVRE
TRX000934,CT-00212,2026-07-17 13:44:00,pix,-71175.84,aplicativo,UBER *TRIP
TRX000284,CT-00070,2026-01-11 02:03:00,depósito,142.28,caixaeletronico,RENDIMENTO POUPANCA
TRX000277,CT-00948,2026-03-30 17:51:00,boleto,1539.12,internetbanking,POSTO SHELL BR
TRX001512,CT-00264,2026-04-24 00:00:00,deposito,,atm,PIX QR CODE
TRX000444,CT-00233,2026-02-06 08:10:00,boleto,182.62,,SUPERMERCADO BOM PRECO
TRX000131,CT-00032,2026-04-25 00:00:00,pagto,164.28,agencia,UBER *TRIP
TRX000887,CT-00100,2025-12-20 10:54:00,saque,210.05,aplicativo,PADARIA DO ZE
TRX000993,CT-00029,2025-09-20 06:20:00,pix,5855.06,agência,FOLHA PAGAMENTO
TRX000368,CT-01040,2025-02-10 06:05:00,boleto,3828.38,agencia,TRANSF ENTRE CONTAS
TRX001195,CT-00888,2025-08-12 02:20:00,debitocartao,1588.66,caixaeletronico,PIX QR CODE
TRX001505,CT-00073,2026-02-06 10:30:00,pix,291.97,internetbanking,NETFLIX.COM
TRX001303,CT-00455,2026-01-31 10:22:00,doc,-283.97,aplicativo,PAG*MERCADOLIVRE
TRX001858,CT-00752,2025-09-28 19:19:00,pagto,0.0,caixaeletronico,PIX QR CODE
TRX000322,CT-00986,2025-09-15 00:00:00,depósito,1087.13,ib,AMAZON MKTPLACE
TRX001711,CT-00784,2025-11-20 13:30:00,débitocartão,5179.08,atm,TARIFA PACOTE SERVICOS
TRX000390,CT-00152,2025-01-10 14:57:00,boleto,218.94,agência,PAG*MERCADOLIVRE
TRX001807,CT-00178,2025-09-08 17:50:00,pix,594.34,ib,FOLHA PAGAMENTO
TRX001546,CT-00271,2026-04-14 00:00:00,ted,254.13,agencia,UBER *TRIP
TRX001503,CT-00196,2026-11-01 00:00:00,debitocartao,291.66,internetbanking,PADARIA DO ZE
TRX000664,CT-00474,2026-03-18 01:25:00,saque,85.79,ib,AMAZON MKTPLACE
TRX001006,CT-00765,2026-11-05 00:00:00,compradébito,517.49,app,RENDIMENTO POUPANCA
TRX001775,CT-00857,2026-01-22 04:48:00,depósito,2109.8,internetbanking,FOLHA PAGAMENTO
TRX001111,CT-00251,2026-09-02 00:00:00,boleto,1569.26,agencia,FOLHA PAGAMENTO
TRX000742,CT-00257,2025-12-12 22:35:00,boleto,-1395.02,caixaeletrônico,FOLHA PAGAMENTO
TRX000135,CT-00080,2026-02-18 15:50:00,débitocartão,3938.35,internetbanking,TARIFA PACOTE SERVICOS
TRX000711,CT-00435,2026-01-06 20:49:00,doc,29.74,ib,SUPERMERCADO BOM PRECO
TRX001523,CT-00342,2026-03-05 00:00:00,compradébito,4887.67,app,UBER *TRIP
TRX000482,CT-00136,2026-02-18 14:18:00,pix,142.21,atm,PADARIA DO ZE
TRX001763,CT-00517,2026-05-19 00:00:00,doc,-45262.64,internetbanking,PADARIA DO ZE
TRX001771,CT-00008,2025-11-27 18:39:00,pix,1879.03,app,FARMACIA SAO JOAO
TRX000866,CT-00271,2026-05-18 00:00:00,depósito,9363.16,atm,FOLHA PAGAMENTO
TRX000317,CT-00700,2025-08-14 00:00:00,boleto,191.06,,UBER *TRIP
TRX000567,CT-00083,2026-04-27 00:29:00,boleto,212.03,app,FOLHA PAGAMENTO
TRX001889,CT-00399,2025-03-10 01:37:00,boleto,22.46,,FOLHA PAGAMENTO
TRX000826,CT-00920,2026-09-07 20:17:00,ted,-1854.79,caixaeletronico,AMAZON MKTPLACE
TRX001669,CT-00782,2026-03-28 00:00:00,pagto,583.71,caixaeletrônico,IFOOD *IFOOD
TRX000152,CT-00158,2026-03-16 00:00:00,deposito,125.46,agencia,IFOOD *IFOOD
TRX001109,CT-00503,2025-08-12 00:00:00,ted,87.0,caixaeletrônico,IFOOD *IFOOD
TRX001223,CT-00562,2025-08-18 02:55:00,ted,,,POSTO SHELL BR
TRX001718,CT-00097,2026-10-05 18:09:00,depósito,214.7,atm,UBER *TRIP
TRX000217,CT-00794,2025-11-17 02:03:00,pagamento,245.41,caixaeletronico,RENDIMENTO POUPANCA
TRX001273,CT-00788,2026-08-14 00:00:00,boleto,86.27,agência,NETFLIX.COM
TRX000161,CT-00710,2026-06-29 13:33:00,ted,13133.01,,UBER *TRIP
TRX000365,CT-00018,2026-02-17 00:00:00,pagto,111.9,aplicativo,PIX QR CODE
TRX001001,CT-00500,2026-03-19 00:00:00,deposito,96.48,caixaeletrônico,FOLHA PAGAMENTO
TRX000611,CT-00853,2026-12-01 10:08:00,boleto,184.03,,
TRX000783,CT-00196,2026-04-22 00:00:00,débitocartão,278.95,agencia,FOLHA PAGAMENTO
TRX000666,CT-00135,2026-12-01 20:32:00,boleto,43.79,agencia,PAG*MERCADOLIVRE
TRX001267,CT-00944,2026-04-27 11:52:00,pix,293.83,agencia,PIX QR CODE
