ID Cliente; Nome Completo ;CPF;Data Nasc.;E-mail;Telefone ;Cidade;UF ;Renda Mensal (R$);Segmento;Data Cadastro
CLT-0434;renato santos freitas;0808157129;05/06/1991;renato.freitas95@yahoo.com.br;(61) 91996-8593;VITÓRIA;ES ;2.518,46;Varejo;2024-03-01
CLT-0779;Renato Araújo   ;70411678815;1965-04-09;renato.araujo6@hotmail.com;(51) 97549-8540;Florianópolis;sc;5.019,88;private;13/09/2022
CLT-0418;Priscila Barbosa;68299687225;09/02/1971;priscila.barbosa58@outlook.com;62916259718;FORTALEZA;ce;48.776,35;Varejo;2023-12-10
CLT-0049;César Cardoso;7575844198;30/10/1997;cesar.cardoso25@hotmail.com;(61) 93399-5758;Salvador;BA;R$ 19297.83;PREMIUM;09/10/2016
CLT-0217;Igor Rodrigues Freitas;024.972.439-92;10-07-1984;igor.freitas90@gmail.com;+55 19 97297-7515;São Paulo;SP;R$ 2731.99;Private;2016-10-20
CLT-0078;Ana Santos;21510702966;23/11/1960;ana.santos83@gmail.com;(71) 93831-6799;Rio de Janeiro;rj;R$ 2.581,11;VAREJO;2021-04-11
CLT-0463;  diego rocha;227.595.002-60;26/11/1984;diego.rocha30@outlook.com;;Florianópolis;SC;7694.75;private;2020-10-27
CLT-0535;  Renato Oliveira;49680664051;18-jan-1999;renato.oliveira29@outlook.com;31 924923637;Manaus;am;7.050,30;Premium;2019-05-26
CLT-0578;Sofia Rodrigues;84025787036;18/11/1971;sofia.rodrigues32@outlook.com;(11) 97444-4874;Rio de Janeiro;RJ ;2.846,87;Varejo;25-09-2024
CLT-0336;Gustavo Santos;45273466661;1966-11-24;gustavo.santos76@gmail.com;61989317370;salvador;BA;R$ 56474.68;PREMIUM;10-06-2021
CLT-0811;ana freitas;580.619.499-91;1978-04-27;ana.freitas14@gmail.com;62 971221592;Vitoria;ES ;R$ 1.450,88;Private;2017-02-16
CLT-0579;Igor Rodrigues   ;945.237.597-95;25/10/2006;;(19) 94058-7429;SALVADOR;BA;1560.18;Varejo;26/08/2024
CLT-0792;Juliana Oliveira;011.962.272-38;1994-11-04;juliana.oliveira41@outlook.com;+55 51 93059-2621;Belém;pa;36410.86;Varejo;24-12-2024
CLT-0809;Carla Monteiro;212.156.038-71;1971-07-05;carla.monteiro82@hotmail.com;41964086084;Manaus;am;R$ 17.294,34;VAREJO;31/07/2024
CLT-0678;Paulo Cardoso Martins;680.635.853-01;26/12/1952;paulo.martins39@bol.com.br;+55 31 98197-9999;Florianópolis;SC ;12935.27;VAREJO;19-nov-2016
CLT-0135;  Lucas Souza;77671990384;1975-11-28;;(41) 91801-4028;Porto Alegre;RS;44319.36;VAREJO;28/10/2015
CLT-0470;  Olívia Costa Rocha;599.302.020-30;06-03-2005;olivia.rocha36@hotmail.com;(31) 94588-3149;são paulo;sp;2.908,51;varejo;21/01/23
CLT-0757;marcos rodrigues;3387885285;1950-08-19;marcos.rodrigues82@yahoo.com.br;85 927189947;Brasília;df;R$ 15.132,73;premium;07-abr-2020
CLT-0429;Bruno Rodrigues;929.501.437-48;1968-02-14;bruno.rodrigues42@gmail.com;;Florianópolis;SC;R$ 2.312,47;Varejo;18/03/2026
CLT-0333;Natália Ribeiro Costa;39220715116;21/04/98;natalia.costa7@outlook.com;+55 71 97677-7247;Curitiba;PR ;R$ 22.545,15;PREMIUM;13/09/2022
CLT-0719;Samuel Oliveira;69744203607;20-11-1982;samuel.oliveiragmail.com;(51) 99894-4090;Belém;PA ;3.253,70;Premium;2023-05-10
CLT-0630;eduarda campos;71859212684;30/06/1986;eduarda.campos88@yahoo.com.br;(41) 99158-2372;Goiânia;GO;13733,88;Varejo;27/12/2021
CLT-0011;Igor Oliveira;29946804436;1982-09-04;igor.oliveira65@outlook.com;61986188238;Manaus;am;R$ 4.967,82;varejo;12-08-2025
CLT-0326;Karina Nascimento;501.848.197-37;06/02/1985;karina.nascimento18@yahoo.com.br;(62) 98444-3517;Florianópolis;sc;R$ 26073.85;Varejo;28/08/22
CLT-0756;césar carvalho;01522133689;27/05/1977;CESAR.CARVALHO@HOTMAIL.COM;85942075461;Florianópolis;SC;14839.85;PRIVATE;30/07/2016
CLT-0080;Olívia Teixeira Barbosa;784.270.103-93;1973-11-29;olivia.barbosa95@outlook.com;61943003137;Rio de Janeiro;rj;R$ 3.626,93;Varejo;04/04/2022
CLT-0079;Marcos Ribeiro;598.564.205-93;23-06-1976;marcos.ribeiro68@hotmail.com;51919598728;BELO HORIZONTE;mg;17538.15;varejo;21-mar-2020
CLT-0267;GUSTAVO COSTA;501.980.382-87;21/10/54;gustavo.costagmail.com;+55 19 93535-5929;salvador;BA ;1420.32;PREMIUM;22-02-2015
CLT-0720;Nicolas Barbosa;70150196797;30/10/1999;nicolas.barbosa77@hotmail.com;+55 31 96740-2206;fortaleza;ce;R$ 8.905,73;Varejo;2018-06-21
CLT-0684;Samuel Lima;33891478524;23/04/78;samuel.limagmail.com;31910434079;Belém;PA;R$ 14.383,21;Varejo;24/04/2017
CLT-0281;Sofia Costa;2702164871;12-08-1970;sofia.costa37@outlook.com;(11) 93735-2196;Campinas;SP;59329,91;PREMIUM;15/09/23
CLT-0258;BRUNO OLIVEIRA LIMA;1591030021;27-04-1953;bruno.lima52@gmail.com;(41) 93788-2442;porto alegre;RS;R$ 35733.10;VAREJO;10-04-2023
CLT-0762;João Pereira;55950263560;1959-04-11;;(85) 96105-4545;SALVADOR;BA;R$ 2.149,65;Private;12/03/24
CLT-0021;Larissa Monteiro;68071545168;19/09/1965;larissa.monteiro12@yahoo.com.br;(85) 98569-7770;Goiânia;GO;16.041,60;Varejo;2026-03-07
CLT-0515;Wesley Rocha;351.588.070-53;13/01/1952;WESLEY.ROCHA@HOTMAIL.COM;+55 62 92991-2996;Belém;PA;42410.96;PRIVATE;15/10/2016
CLT-0558;Olívia Carvalho Gomes;853.626.890-47;1966-05-25;olivia.gomes55@outlook.com;+55 62 95361-2035;campinas;SP ;R$ 3051.49;varejo;2015-01-27
CLT-0790;Marcos Almeida;486.741.637-12;23/02/1999;;81 964546655;Curitiba;pr;11.064,03;varejo;13/10/2025
CLT-0784;Igor Ferreira Gomes   ;9900479412;11/11/1950;igor.gomes92@gmail.com;+55 71 91133-2414;Porto Alegre;RS ;7.555,30;VAREJO;21/07/2017
CLT-0681;BRUNO RODRIGUES;990.009.406-56;1975-03-31;bruno.rodrigues57@outlook.com;41957595315;Fortaleza;CE;3.897,20;Premium;2022-06-25
CLT-0548;Igor Dias Ribeiro;886.406.756-02;11/10/1976;igor.ribeiro83@outlook.com;+55 62 92692-3814;Curitiba;PR;R$ 13.871,02;VAREJO;28/09/16
CLT-0155;bruno lima monteiro;317.970.623-97;15/05/1959;bruno.monteiro26@outlook.com;;Belém;PA;R$ 29.484,73;Premium;08/11/2017
CLT-0540;Érico Santos Nascimento;041.691.053-02;25/05/50;erico.nascimento96@gmail.com;71 988036975;vitória;ES;14934.65;Varejo;2023-09-15
CLT-0167;Natália Dias;75480157164;14-03-1969;natalia.dias49@yahoo.com.br;+55 19 98273-4700;BRASÍLIA;DF;R$ 1.771,40;Varejo;06/08/2024
CLT-0788;Mariana Freitas;23370071580;1952-10-12;mariana.freitas3@gmail.com;+55 21 95494-1795;Belém;PA;R$ 43.887,84;VAREJO;04/02/2019
CLT-0527;Otávio Freitas;986.546.22021;02/04/2001;otavio.freitas42@hotmail.com;62 990553431;PORTO ALEGRE;RS;1.912,93;Varejo;17/05/2022
CLT-0650;Marcos Araújo;4290695222;2000-05-06;marcos.araujo3@gmail.com;41929501256;Manaus;AM;20527,71;Premium;22-04-2015
CLT-0469;Renato Oliveira;93186928972;14/05/1999;renato.oliveira89@gmail.com;;Curitiba;PR ;R$ 16.505,96;Private;10/09/2025
CLT-0417;Thiago Cardoso;94842495988;2000-01-08;thiago.cardoso3@hotmail.com;+55 51 96681-8403;Fortaleza;CE;7.633,64;Premium;2015-10-21
CLT-0188;WESLEY SOUZA;213.760.375-48;11/10/2004;wesley.souza21@outlook.com;+55 62 97799-6908;FLORIANÓPOLIS;SC;R$ 6.928,84;Premium;16-06-2024
CLT-0354;isabela martins silva;459.908.027-11;01/06/2004;isabela.silva93@yahoo.com.br;31 948502505;Porto Alegre;rs;R$ 15755.94;PREMIUM;02/08/2022
CLT-0456;Thiago Ribeiro Pereira;898.260.418-09;12/02/2005;;21985526918;Goiânia;GO;R$ 19.319,22;varejo;2017-08-22
CLT-0656;Rafaela Barbosa Souza;876.209.906-93;19-04-1987;rafaela.souza55@hotmail.com;;Belo Horizonte;MG;2.974,31;Varejo;2016-08-27
CLT-0168;Lucas Silva;539.613.674-99;19-12-1982;lucas.silvagmail.com;19975576834;Rio de Janeiro;RJ;5302.81;varejo;27-jan-2024
CLT-0517;César Cardoso;25511643690;22-08-1950;cesar.cardoso38@yahoo.com.br;(41) 98725-8965;Curitiba;PR;N/A;Varejo;17-jun-2024
CLT-0040;Carla Araújo;054.868.740-34;20-12-1961;carla.araujo81@hotmail.com;(19) 96438-5476;Goiânia;GO ;17.314,28;varejo;21-12-2023
CLT-0319;Yasmin Ferreira;360.776.336-91;19/05/1979;yasmin.ferreira99@outlook.com;(47) 99462-2993;Brasília;DF;R$ 24.924,40;varejo;20-12-2025
CLT-0312;Vera Rodrigues Cardoso;05137171731;27/06/1970;vera.cardoso17@bol.com.br;+55 81 95914-1157;Florianópolis;sc;50467,22;Varejo;02-07-2017
CLT-0099;Tatiane Rocha Araújo;846.081.062-00;31-08-1999;tatiane.araujo70@outlook.com;(31) 95695-5105;Manaus;AM ;R$ 43.312,25;premium;14/08/2021
CLT-0574;Carla Dias;580.558.115-74;10-04-1992;carla.dias69@bol.com.br;+55 71 96992-5077;Rio de Janeiro;RJ;R$ 2.063,65;Premium;08/12/2023
CLT-0044;IGOR MONTEIRO;424.981.829-92;1961-07-30;igor.monteiro91@hotmail.com;47 965311674;Vitória;es;;varejo;2020-12-08
CLT-0393;renato monteiro;344.389.982-78;21-ago-1969;RENATO.MONTEIRO@HOTMAIL.COM;(61) 97876-6591;Curitiba;PR;R$ 3.196,41;varejo;07-06-2017
CLT-0632;Igor Carvalho Ferreira;697.648.784-96;07/09/1964;igor.ferreira41@outlook.com;47 957187022;São Paulo;SP ;sem info;Premium;05/02/2018
CLT-0340;Yasmin Santos;70713984822;17/11/1968;yasmin.santos26@gmail.com;21920677716;FLORIANÓPOLIS;sc;N/A;Premium;20/03/2022
CLT-0652;Priscila Rocha;73664853207;1999-04-02;priscila.rocha26@outlook.com;(11) 99321-5763;Rio de Janeiro;RJ;57073.16;premium;29-02-2024
CLT-0467;Paulo Silva Nascimento;75988759212;2007-09-13;paulo.nascimento20@gmail.com;71961063744;Manaus;AM;R$ 1.494,45;VAREJO;2020-05-22
CLT-0245;Samuel  Oliveira;21568182096;25/07/71;samuel.oliveira40@gmail.com;(11) 95753-3641;Curitiba;PR;19.504,87;PREMIUM;03-fev-2017
CLT-0292;wesley carvalho moreira;488.319.213-42;30/03/1998;wesley.moreira25@outlook.com;+55 85 97274-6409;curitiba;PR;13113,99;Premium;21-mar-2021
CLT-0577;SAMUEL CARDOSO;9707745447;1998-03-10;SAMUEL.CARDOSO@HOTMAIL.COM;(19) 93254-4222;RECIFE;PE ;5314.75;Varejo;27/06/2021
CLT-0332;Yasmin Souza;087.805.72151;11/01/1998;yasmin.souza29@yahoo.com.br;51914519041;campinas;SP;37514.84;varejo;28-dez-2017
CLT-0174;IGOR RIBEIRO;59416516231;2000-03-23;igor.ribeiro85@bol.com.br;(21) 99551-9605;Vitória;ES;1687,17;varejo;2020-05-04
CLT-0455;Tatiane Silva;48268999626;03-03-1970;tatiane.silva99@bol.com.br;85948359846;Porto Alegre;RS;5.852,57;Varejo;2017-08-27
CLT-0572;Wesley Ribeiro;53137956100;1990-03-30;wesley.ribeiro84@outlook.com;19937782200;Goiânia;GO;R$ 57575.06;VAREJO;23/05/2016
CLT-0738;Marcos  Ribeiro   ;51325179044;1977-04-03;marcos.ribeiro36@gmail.com;71 910225503;Vitória;es;1735,61;varejo;2023-09-01
CLT-0252;Kevin Ribeiro;600.025.89552;15-jun-1981;kevin.ribeiro65@outlook.com;+55 41 97412-4156;Vitória;ES;56.106,92;Premium;27-02-2016
CLT-0139;Carla Freitas Almeida   ;82307681040;1997-02-09;carla.almeida25@outlook.com;21 964608649;Vitória;es;R$ 6.795,98;Premium;03/01/2022
CLT-0659;César Oliveira;915.737.671-05;1984-12-21;cesar.oliveira11@gmail.com;81989841016;Belém;pa;R$ 2.908,54;Varejo;25/10/2016
CLT-0813;Érico  Monteiro;951.657.121-18;02-07-1994;erico.monteiro9@hotmail.com;21 998802341;GOIÂNIA;GO;7050.47;private;15/12/17
CLT-0113;Samuel Ferreira;9476973577;1981-03-05;samuel.ferreira14@bol.com.br;+55 51 92106-7269;Brasília;DF ;R$ 19364.19;premium;27-02-2020
CLT-0609;ISABELA RODRIGUES SANTOS;348.433.913-32;1968-06-18;isabela.santos23@gmail.com;(21) 94517-3593;Vitória;es;2.119,36;Premium;11-07-2022
CLT-0568;Priscila Carvalho Araújo   ;546.623.236-06;1972-12-14;priscila.araujo90@outlook.com;(47) 99666-7680;Salvador;BA;R$ 24.754,26;Private;2023-05-13
CLT-0564;CÉSAR CARDOSO;17816780664;2005-05-07;cesar.cardoso30@bol.com.br;(61) 99645-1848;Recife;PE;3307.42;premium;31/08/20
CLT-0635;Isabela Costa Silva;67960828967;1967-12-26;isabela.silva65@outlook.com;(62) 94388-7245;Florianópolis;SC;R$ 7.176,98;VAREJO;2020-09-05
CLT-0005;  Renato Ferreira Teixeira;973.763.116-56;27/02/70;renato.teixeira5@outlook.com;11926121993;Brasília;df;R$ 4.571,02;premium;14/06/2017
CLT-0464;Tatiane Santos;100.649.340-39;20/04/1989;tatiane.santos71@gmail.com;31915144514;Belém;PA;3.347,65;PRIVATE;17/05/2021
CLT-0543;Sofia Pereira Martins;632.713.538-67;08/03/1991;sofia.martins58@hotmail.com;47 930544569;Rio de Janeiro;RJ ;37.947,80;Varejo;21-04-2026
CLT-0765;Mariana Costa Pereira;247.609.606-47;1964-12-09;mariana.pereira22@yahoo.com.br;61938986927;Salvador;BA;30.347,45;VAREJO;2025-06-12
CLT-0644;Nicolas Oliveira;240.002.086-01;22-01-1952;nicolas.oliveira67@hotmail.com;+55 11 96236-2409;Goiânia;go;5.924,27;Private;31/07/2022
CLT-0304;VINÍCIUS RIBEIRO BARBOSA;9736424809;1984-04-06;vinicius.barbosa56@gmail.com;(51) 91082-7671;Belo Horizonte;MG;6069.03;Premium;29/11/2017
CLT-0664;Carla Pereira;11761421524;14/09/1975;carla.pereira9@outlook.com;(71) 99714-7905;rio de janeiro;RJ;R$ 5259.42;Premium;2020-11-15
CLT-0774;Isabela Campos;46389012484;2004-10-04;;41979126725;Curitiba;PR;R$ 2022.25;PRIVATE;26-jul-2016
CLT-0662;Vera Silva;716.348.508-95;16/02/1984;vera.silva6@gmail.com;(11) 99668-7083;Manaus;am;R$ 2.077,89;private;2016-10-21
CLT-0636;Renato Araújo   ;01154617580;27/02/1952;renato.araujo80@outlook.com;(85) 99348-1585;Porto Alegre;rs;2979.92;premium;16/05/2016
CLT-0749;Gustavo Barbosa;939.579.551-92;1966-01-08;gustavo.barbosa23@bol.com.br;(19) 92398-2204;fortaleza;CE;58055.52;PREMIUM;13-out-2023
CLT-0150;gustavo pereira;72006425690;02/10/04;GUSTAVO.PEREIRA@HOTMAIL.COM;81988338144;Fortaleza;ce;8418.33;Premium;2016-07-28
CLT-0771;Carla Rocha Araújo   ;08518466898;26-02-1995;carla.araujo27@hotmail.com;(47) 94643-3718;Curitiba;PR ;1.868,56;Varejo;29/03/2024
CLT-0230;Vera Ribeiro;51113129014;1972-05-07;vera.ribeiro55@bol.com.br;;Manaus;AM ;R$ 3.371,69;Private;2026-03-02
CLT-0185;Nicolas Lima;79334960501;28-05-1952;nicolas.lima39@yahoo.com.br;(71) 99121-5764;São Paulo;sp;56.096,61;Private;2026-07-07
CLT-0474;Olívia Almeida;031.158.760-54;1973-08-27;olivia.almeida59@hotmail.com;62973965400;MANAUS;AM;6500.20;Varejo;2024-01-02
CLT-0604;Isabela Costa Rocha;017.791.524-46;06/12/1974;isabela.rochagmail.com;(47) 93690-4461;Salvador;ba;42149,07;VAREJO;2016-05-28
CLT-0234;Natália Pereira Ferreira;23126043260;25/06/1988;natalia.ferreira55@hotmail.com;11972317673;Porto Alegre;RS;7022.23;varejo;10/03/2020
CLT-0043;Priscila Gomes Gomes;78291146786;03-09-1978;priscila.gomes66@hotmail.com;+55 21 93053-6194;Manaus;AM;1.567,00;VAREJO;23/09/2022
CLT-0580;Tatiane Rocha;81896558344;25/03/1994;tatiane.rocha96@bol.com.br;+55 71 93570-3750;Vitória;ES ;3417.82;Varejo;08/05/2018
CLT-0058;Marcos Campos;006.231.203-87;31/02/1985;marcos.campos63@hotmail.com;(19) 98916-8993;Goiânia;GO ;3.317,18;Premium;23/03/2024
CLT-0190;Vinícius Oliveira Santos;89434681054;22/12/1980;vinicius.santos70@outlook.com;(11) 93043-8352;Campinas;SP;5802.52;varejo;01/03/2025
CLT-0599;Gabriela Freitas Pereira;799.384.44045;1951-03-11;gabriela.pereira81@gmail.com;(21) 92250-6101;Curitiba;PR;13279,74;Varejo;2016-02-26
CLT-0368;Natália Ferreira;243.588.537-98;01-05-2003;natalia.ferreira43@bol.com.br;+55 51 95047-4370;Porto Alegre;RS ;4753.35;premium;26/07/2022
CLT-0032;Bruno Oliveira Campos;679.764.381-56;2000-10-22;bruno.campos42@bol.com.br;+55 47 98972-9633;SALVADOR;ba;R$ 2.611,69;Premium;12-nov-2023
CLT-0248;Kevin Carvalho;147.082.723-59;1981-04-21;kevin.carvalho51@yahoo.com.br;71 920226922;Vitória;ES;R$ 59857.53;VAREJO;15/10/2019
CLT-0716;Fátima Teixeira;37006448854;21-06-1952;fatima.teixeira17@hotmail.com;(61) 95020-2747;RECIFE;PE;12.701,45;Varejo;22/03/2015
CLT-0090;Rafaela Campos Cardoso;717.099.917-38;1976-05-10;rafaela.cardosogmail.com;(85) 95888-7768;Belo Horizonte;mg;11685,02;VAREJO;30-jan-2018
CLT-0357;Sofia Campos;53765769277;16/12/1967;sofia.campos7@hotmail.com;+55 19 95071-2272;Manaus;am;11027,99;varejo;2015-09-13
CLT-0306;João Moreira;163.319.422-68;26-08-1952;joao.moreira37@bol.com.br;71 955696233;Salvador;BA;41503.71;premium;2022-02-16
CLT-0492;Mariana Rodrigues;02453012398;09-09-1969;mariana.rodrigues47@gmail.com;(31) 94850-1475;BELÉM;PA;17310.87;Premium;15/12/2017
CLT-0510;  César Santos Monteiro;784.171.594-97;03/03/2005;CESAR.MONTEIRO@HOTMAIL.COM;47943281600;Brasília;DF ;4.882,65;Varejo;06/09/2015
CLT-0562;Bruno Campos;86706632016;1985-11-13;bruno.campos74@hotmail.com;(19) 91242-8775;vitória;ES;30494,47;PREMIUM;23-12-2018
CLT-0768;larissa carvalho nascimento;46105110900;04/08/1993;larissa.nascimento29@yahoo.com.br;(21) 99132-6932;Brasília;DF;R$ 43.884,10;PREMIUM;08/05/2023
CLT-0466;Thiago Dias   ;54262417842;1977-07-09;thiago.dias21@outlook.com;19 934484585;Curitiba;PR ;R$ 2.021,80;varejo;19/02/2017
CLT-0643;ana silva;35719214967;06-08-1987;ana.silva60@outlook.com;;Recife;pe;R$ 19022.17;Varejo;09/09/23
CLT-0367;OTÁVIO GOMES;547.876.989-99;27/09/2003;otavio.gomes19@gmail.com;62990226610;Florianópolis;sc;13574.09;Varejo;30/05/2016
CLT-0396;  Mariana Pereira;354.621.276-02;1974-09-11;mariana.pereira26@hotmail.com;(19) 97887-2778;Rio de Janeiro;RJ;R$ 1.949,00;varejo;22/08/2016
CLT-0063;Yasmin Moreira;39828073741;14-12-1976;yasmin.moreira89@yahoo.com.br;+55 71 99180-3280;Vitória;es;R$ 31.212,01;varejo;16-06-2018
CLT-0128;Renato Almeida;559.042.597-92;22/02/93;renato.almeida10@outlook.com;(41) 94271-7124;manaus;am;23583.79;Varejo;03/12/2016
CLT-0419;Bruno Rocha Araújo;286.796.325-94;28/01/1983;bruno.araujo5@gmail.com;31 997275411;Goiânia;go;18797,20;Premium;26/12/19
CLT-0589;Nicolas Carvalho;47998460586;1961-07-21;nicolas.carvalho9@yahoo.com.br;47 973374158;Rio de Janeiro;rj;8.924,42;Varejo;31/01/15
CLT-0363;Gabriela Carvalho;82749680491;2006-08-21;gabriela.carvalho91@yahoo.com.br;(81) 95806-3666;BRASÍLIA;df;1776.42;Private;27/07/2024
CLT-0028;Juliana Carvalho;90053293183;29-06-1969;juliana.carvalho46@gmail.com;41 963833417;PORTO ALEGRE;RS ;53.921,33;Varejo;21/03/21
CLT-0138;Larissa Santos;512.405.682-99;1992-12-25;larissa.santos53@gmail.com;(51) 96152-1518;Curitiba;PR ;R$ 3.137,23;VAREJO;30/04/2020
CLT-0529;Felipe  Cardoso   ;181.519.854-58;1998-09-29;felipe.cardoso76@bol.com.br;(51) 93458-1297;Florianópolis;SC ;R$ 4.486,03;Private;09/04/2015
CLT-0344;JOÃO ALMEIDA;962.887.431-27;19/03/1968;joao.almeida44@hotmail.com;71987467215;Salvador;BA ;3956.75;Varejo;16/02/23
CLT-0276;Bruno Lima;268.040.85095;01/04/60;bruno.limagmail.com;47945471448;Manaus;AM;35303,53;Varejo;25/09/24
CLT-0478;Samuel Santos Nascimento;722.142.573-16;23/11/1966;samuel.nascimento57@bol.com.br;47 930224565;Recife;PE;1.438,34;varejo;2016-12-12
CLT-0669;GABRIELA CARVALHO;360.186.399-45;07-09-1980;gabriela.carvalho9@outlook.com;(62) 95123-6215;belo horizonte;MG ;R$ 3.130,56;premium;18-11-2019
CLT-0031;renato cardoso;15851493689;2002-08-13;renato.cardoso93@gmail.com;(11) 95381-1474;Salvador;BA;6201.85;Varejo;06/12/21
CLT-0506;Priscila Teixeira;30275000305;28-11-1999;priscila.teixeira71@hotmail.com;+55 71 92668-6830;Rio de Janeiro;RJ;-;Varejo;09/09/2023
CLT-0627;Karina  Souza;693.706.325-03;16/09/1989;karina.souzagmail.com;31991931739;recife;PE;7674.25;varejo;14/01/2023
CLT-0777;Priscila Monteiro;712.320.36686;03/10/1965;;81988739931;Campinas;SP ;4.591,43;Premium;31/07/2022
CLT-0531;Débora Nascimento;816.125.590-46;27/05/1970;debora.nascimento2@outlook.com;(81) 93832-4589;Salvador;BA;6.288,90;Varejo;12/07/2015
CLT-0760;Thiago Pereira Costa;26532735514;18/02/1994;thiago.costa25@yahoo.com.br;(47) 91878-4086;São Paulo;SP;R$ 2.579,61;Premium;2021-01-03
CLT-0380;Paulo Moreira;200.720.245-59;13/09/1975;PAULO.MOREIRA@HOTMAIL.COM;(51) 96409-2637;Recife;pe;1.481,08;private;2015-11-20
CLT-0170;Lucas Cardoso;806.479.695-45;1952-12-12;lucas.cardoso50@yahoo.com.br;31 970036715;Recife;PE;42.151,36;varejo;27/08/2022
CLT-0154;LUCAS MOREIRA DIAS;88373403127;05/12/1996;lucas.dias39@outlook.com;(11) 91885-6966;curitiba;PR ;2.221,33;premium;2022-07-01
CLT-0104;Érico Silva Cardoso   ;2223943129;17/12/98;erico.cardoso71@gmail.com;(85) 98557-2198;Brasilia;DF;R$ 33.754,07;private;15/03/2017
CLT-0250;Yasmin Souza;296.353.390-55;22/10/94;yasmin.souza17@yahoo.com.br;+55 85 93043-9177;Belém;pa;6.102,70;Varejo;15/03/2024
CLT-0308;natália almeida;327.819.523-71;12/07/1999;natalia.almeida26@outlook.com;;Belém;PA;43104,09;VAREJO;30-07-2016
CLT-0048;Larissa Rodrigues;13075626368;21/07/03;larissa.rodrigues22@bol.com.br;62920203262;Campinas;SP;6.288,81;varejo;2025-09-23
CLT-0009;  RENATO DIAS;0533158692;22-ago-1989;renato.dias70@gmail.com;(31) 97755-1406;Goiânia;go;R$ 9777.13;varejo;26-03-2024
CLT-0242;Paulo Barbosa;05872105524;27-05-1962;paulo.barbosa75@yahoo.com.br;(85) 97898-4973;Recife;PE ;R$ 2.459,28;Varejo;02/02/2018
CLT-0693;Érico Ferreira Gomes;08488686562;27/03/1991;erico.gomes53@yahoo.com.br;19 997624040;Manaus;AM ;R$ 3.753,33;Premium;11-09-2018
CLT-0744;Henrique Barbosa Costa;55703934271;29-ago-1978;henrique.costa48@outlook.com;71934726932;GOIÂNIA;go;41404.59;varejo;24/03/2016
CLT-0689;Diego Freitas;756.269.962-08;20/07/1951;diego.freitas95@gmail.com;(47) 92414-1063;Recife;PE;4.136,28;PREMIUM;2018-02-13
CLT-0088;Karina Rodrigues;072.290.349-44;19/11/1980;karina.rodrigues28@hotmail.com;(61) 98520-5128;Fortaleza;CE ;R$ 2.724,24;premium;2023-11-28
CLT-0616;João Monteiro;548.420.353-16;1953-06-20;joao.monteiro5@gmail.com;19 925758957;São Paulo;sp;R$ 6210.00;varejo;27/03/2017
CLT-0183;Carla Monteiro;438.649.081-08;1958-05-04;carla.monteiro81@bol.com.br;21986125151;campinas;SP;8.950,20;Varejo;17/04/2026
CLT-0324;CÉSAR FREITAS;18268323035;29-08-1958;cesar.freitas30@yahoo.com.br;(47) 99692-9602;Florianópolis;SC;16.552,34;Varejo;2020-03-02
CLT-0173;Otávio Pereira;23246651364;1951-09-02;otavio.pereira69@bol.com.br;(51) 94868-7649;Fortaleza;ce;R$ 3.176,10;Varejo;15/08/2015
CLT-0070;Débora Oliveira;701.277.063-24;15/12/06;debora.oliveira37@outlook.com;(51) 92529-6905;Vitória;ES;2.504,08;VAREJO;17/09/2018
CLT-0277;Renato Barbosa;413.845.960-94;1959-10-19;renato.barbosa93@bol.com.br;19912023036;Florianópolis;SC;4670.45;Varejo;06-12-2020
CLT-0428;marcos dias martins;048.797.888-97;12/04/1997;marcos.martins4@gmail.com;62970989426;Salvador;BA;R$ 1.596,38;Varejo;05/11/23
CLT-0083;  césar pereira;015.336.884-44;28/08/1956;cesar.pereira44@bol.com.br;(47) 99043-3516;Salvador;BA;;Premium;09-08-2021
CLT-0447;Ana Dias;16011241158;26/10/1954;ana.dias98@yahoo.com.br;(85) 97361-1982;Campinas;sp;R$ 38957.94;Varejo;03/05/2015
CLT-0065;Felipe Souza;512.382.82586;27/04/1987;felipe.souza45@yahoo.com.br;+55 71 94022-4053;São Paulo;SP ;1.514,77;Premium;28-08-2015
CLT-0364;Fátima  Freitas Campos;990.775.608-58;1967-11-12;fatima.campos44@bol.com.br;(51) 98148-7918;Belo Horizonte;MG;R$ 3.160,18;Varejo;2023-01-08
CLT-0193;Carla Ribeiro Lima;19966365807;1960-12-22;carla.lima93@bol.com.br;+55 31 91406-6060;Vitória;ES;R$ 50.467,15;VAREJO;28/11/2016
CLT-0672;Vera Gomes;398.913.705-42;28/08/1950;vera.gomes85@gmail.com;;Curitiba;PR ;R$ 11.287,57;Varejo;2016-09-15
CLT-0286;Henrique Freitas Freitas;79630448360;02/10/1998;HENRIQUE.FREITAS@HOTMAIL.COM;19962037737;Goiânia;GO ;4.935,08;Premium;10/12/2023
CLT-0776;EDUARDA ALMEIDA;565.418.028-82;01/09/1961;eduarda.almeida7@yahoo.com.br;31995739852;Rio de Janeiro;RJ;18.584,05;Varejo;02-02-2022
CLT-0723;Olívia Rodrigues Cardoso;242.662.25492;22/01/1964;olivia.cardoso7@gmail.com;+55 47 94783-1869;Brasília;DF;R$ 8.113,81;Varejo;07/01/21
CLT-0177;Mariana Nascimento;295.431.65266;11/12/85;mariana.nascimento84@hotmail.com;;Florianópolis;SC;32775.97;Premium;17/02/20
CLT-0694;Nicolas Santos Ribeiro;374.495.975-21;1997-04-10;nicolas.ribeiro55@yahoo.com.br;21 988246281;BELÉM;PA;44432.47;varejo;2022-05-25
CLT-0675;Renato Nascimento;917.650.471-88;19/08/1964;renato.nascimento62@gmail.com;(47) 96574-5488;São Paulo;SP ;54.944,98;Varejo;19/03/2025
CLT-0163;Lucas Cardoso;244.714.627-30;10/03/1987;lucas.cardoso63@gmail.com;+55 21 96927-8872;Recife;PE ;39764,02;varejo;04-set-2025
CLT-0520;  Fátima Rodrigues;33647704130;1959-06-25;fatima.rodrigues65@bol.com.br;21967194162;Recife;PE;10466.56;Private;26-mai-2024
CLT-0279;Gabriela Oliveira Monteiro;574.902.504-29;1998-06-27;gabriela.monteiro88@yahoo.com.br;61 993689326;Vitória;ES ;11397.01;Varejo;27/10/2019
CLT-0484;GUSTAVO CARVALHO;075.988.978-65;2005-08-26;GUSTAVO.CARVALHO22@YAHOO.COM.BR;(41) 96058-4326;Curitiba;PR;R$ 5.677,43;VAREJO;29/07/2023
CLT-0152;César Santos;903.202.041-79;1953-04-28;cesar.santos87@bol.com.br;+55 21 92870-9145;Vitória;ES;6107.06;Varejo;31-05-2016
CLT-0356;Olívia Teixeira;23945354614;1968-09-26;olivia.teixeira51@hotmail.com;(19) 99385-7646;Sao Paulo;SP;R$ 15.532,16;Varejo;10-09-2023
CLT-0585;césar rodrigues;43322622777;18/07/1957;cesar.rodrigues89@bol.com.br;+55 21 97785-9294;Fortaleza;CE ;sem info;Premium;05/01/24
CLT-0343;Mariana Almeida;32657327599;1954-07-26;mariana.almeida4@hotmail.com;(11) 92590-2070;Fortaleza;CE;;PREMIUM;08/06/22
CLT-0691;Rafaela  Carvalho;01655623887;20/10/92;rafaela.carvalho33@gmail.com;81972406694;Recife;PE ;R$ 33219.28;Private;30/04/2020
CLT-0425;VERA COSTA NASCIMENTO;768.172.257-75;30-dez-1961;;(85) 95352-8927;Belo Horizonte;MG;R$ 26.406,03;Varejo;25/09/2015
CLT-0345;Marcos Rocha;159.709.962-54;13/10/1951;marcos.rocha39@yahoo.com.br;85913849021;Campinas;SP;R$ 3.999,37;Private;10-05-2020
CLT-0539;tatiane almeida freitas;70675169139;28/04/51;tatiane.freitas51@bol.com.br;61933272465;Fortaleza;CE;15229.58;Premium;13/02/24
CLT-0377;Juliana Barbosa;657.422.319-64;02/03/1952;juliana.barbosa75@gmail.com;(51) 91198-3178;Brasilia;DF ;3.243,77;Private;13-05-2024
CLT-0205;Natália Barbosa;03337363466;08/01/65;natalia.barbosa48@bol.com.br;(61) 95170-2388;Rio de Janeiro;RJ;R$ 30.733,42;premium;2024-12-20
CLT-0753;Eduarda  Silva;628.092.411-50;03/09/1972;eduarda.silva38@outlook.com;(47) 97683-7810;Sao Paulo;SP ;23799.35;VAREJO;18/05/2019
CLT-0677;Sofia Campos;5669375402;24-05-1973;sofia.campos56@bol.com.br;71 921818727;Recife;PE ;19.716,86;Premium;06/10/18
CLT-0289;Felipe Ferreira Ribeiro;637.579.145-21;10/09/2001;felipe.ribeiro3@yahoo.com.br;(81) 95095-2374;Fortaleza;CE ;48583.15;varejo;2025-08-15
CLT-0358;Vinícius Carvalho   ;31072011379;01/01/1950;vinicius.carvalho55@outlook.com;+55 11 98859-2036;VITÓRIA;ES ;R$ 1.467,42;Varejo;17/06/2016
CLT-0754;Karina Costa Rocha   ;539.501.115-25;1983-06-02;karina.rocha59@yahoo.com.br;+55 31 98585-8296;vitória;ES ;19.054,81;Varejo;2018-12-22
CLT-0161;João Silva;028.140.693-75;23/09/1978;joao.silva97@bol.com.br;(19) 94197-9625;Fortaleza;CE;R$ 16742.53;PREMIUM;26/03/2021
CLT-0460;Sofia Gomes;716.198.273-48;26/03/95;sofia.gomes60@yahoo.com.br;(62) 92158-1581;Porto Alegre;RS;R$ 6.078,88;Varejo;21-11-2022
CLT-0006;  Lucas Rodrigues;36026064746;07-11-1987;lucas.rodrigues13@gmail.com;(85) 98973-3536;Curitiba;pr;R$ 5.932,65;Varejo;2016-04-24
CLT-0023;Vinícius Teixeira;605.766.27028;18/05/1975;vinicius.teixeira98@bol.com.br;21982132633;Florianópolis;SC;7.697,84;Varejo;2018-03-26
CLT-0200;Gabriela Silva;9717911006;1955-08-22;gabriela.silva14@yahoo.com.br;(31) 92015-8240;curitiba;PR ;5033.61;PRIVATE;07/09/2024
CLT-0366;Fátima Cardoso;346.060.560-35;1965-06-20;fatima.cardoso98@gmail.com;+55 41 93086-8853;Fortaleza;CE;26589.31;Premium;2024-02-13
CLT-0073;Rafaela Almeida Santos;832.856.914-63;19/07/1956;rafaela.santos99@yahoo.com.br;+55 71 92900-8428;goiânia;GO;R$ 5.310,25;Varejo;09/12/2018
CLT-0148;Fátima Rocha;73938525800;07/04/1990;fatima.rocha56@bol.com.br;+55 21 99605-2702;Vitória;ES ;3.319,69;VAREJO;09/05/2021
CLT-0476;Ana Carvalho;326.145.430-79;1971-06-28;ANA.CARVALHO@HOTMAIL.COM;;Vitória;ES;17763.65;PREMIUM;29/05/2015
CLT-0674;Mariana Rodrigues Ribeiro;086.542.43826;18/12/83;mariana.ribeiro31@outlook.com;(85) 96402-6628;vitória;ES;R$ 49.503,11;VAREJO;17-08-2022
CLT-0695;Priscila Dias   ;64534965515;1974-08-19;priscila.dias50@hotmail.com;21976078218;Belo Horizonte;MG;2.242,79;PREMIUM;07/03/15
CLT-0761;Thiago Ferreira;594.761.21893;1952-12-29;thiago.ferreira20@gmail.com;+55 19 93416-8825;Rio de Janeiro;RJ ;11017.72;varejo;27-04-2015
CLT-0685;Natália Lima;5183025853;09-abr-1970;natalia.lima53@yahoo.com.br;61997572286;Belém;pa;R$ 7401.79;Varejo;2023-03-07
CLT-0153;henrique rocha;021.962.071-00;02/02/1979;henrique.rocha43@gmail.com;+55 19 95648-7819;Recife;PE;4135.57;varejo;2025-09-04
CLT-0582;Paulo Teixeira;71918986646;1968-10-07;paulo.teixeira47@hotmail.com;(71) 93016-4851;Belo Horizonte;MG;R$ 59.500,56;Varejo;06/02/2026
CLT-0263;Thiago Silva;84745705458;05/07/92;thiago.silva30@bol.com.br;(47) 98935-2847;Florianópolis;SC ;17.303,08;VAREJO;19/06/2015
CLT-0068;Natália Souza;74517133959;27/04/1999;natalia.souza98@yahoo.com.br;31 943854390;Campinas;SP;7.953,99;varejo;2021-04-21
CLT-0295;Diego Teixeira;216.107.05184;04/02/2006;diego.teixeira61@bol.com.br;47 912736450;Manaus;AM ;3671,87;Premium;05/02/22
CLT-0647;Isabela Rocha;288.363.688-50;1977-09-02;;;BELO HORIZONTE;MG;R$ 2.902,64;Varejo;25/07/2018
CLT-0147;Paulo Lima Pereira;50410276747;26-01-1990;paulo.pereira20@yahoo.com.br;+55 85 94828-7222;Belém;pa;5.358,27;VAREJO;21/11/2020
CLT-0201;Helena Ferreira Moreira;09193928456;1976-06-16;helena.moreira80@bol.com.br;31 949833255;GOIÂNIA;GO;R$ 16.109,31;Varejo;2021-12-28
CLT-0351;Yasmin Dias;000.000.000-00;02/01/56;yasmin.dias2@outlook.com;+55 62 94824-6120;São Paulo;SP;R$ 2689.32;Varejo;05-09-2025
CLT-0051;Vera Souza Martins;549.329.668-51;21/12/1975;vera.martins65@yahoo.com.br;;Recife;pe;sem info;Premium;2020-04-13
CLT-0778;Larissa Carvalho Cardoso;573.562.327-70;10/08/1952;;+55 61 99695-6840;Belo Horizonte;MG;17.886,55;PREMIUM;13/05/16
CLT-0035;Felipe Moreira;518.203.778-89;19/11/1956;;51 973477697;São Paulo;SP ;6072.46;Private;04-03-2016
CLT-0056;olívia gomes   ;304.699.013-98;15/08/1971;olivia.gomes68@hotmail.com;(61) 95967-1251;Belo Horizonte;MG;R$ 23.162,82;Premium;19-08-2017
CLT-0064;Larissa Teixeira;96561014388;2003-08-24;larissa.teixeira47@bol.com.br;41983037129;Florianópolis;SC;9312.43;VAREJO;23/03/2026
CLT-0807;Vinícius Gomes;909.371.645-81;31/01/1987;vinicius.gomes61@bol.com.br;81950455454;Curitiba;pr;R$ 23654.63;premium;24/09/2021
CLT-0797;Eduarda Gomes;885.237.748-77;1960-09-12;eduarda.gomes65@hotmail.com;85929823408;campinas;SP;R$ 12.358,89;Premium;15/02/2017
CLT-0269;TATIANE CARVALHO SOUZA;588.358.681-22;17-08-1991;TATIANE.SOUZA85@BOL.COM.BR;(61) 98528-3294;Porto Alegre;RS;25572.14;varejo;17/10/21
CLT-0403;Fátima Gomes;2790504043;25/02/1992;fatima.gomes3@hotmail.com;(61) 94183-9621;Belém;PA;R$ 5.157,67;Premium;27/09/2017
CLT-0335;Lucas Carvalho;298.217.39295;30/06/01;;;belém;PA ;19496.38;Private;20/06/2016
CLT-0568;Priscila Carvalho Araújo   ;546.623.236-06;1972-12-14;priscila.araujo90@outlook.com;(47) 99666-7680;Salvador;BA;R$ 24.754,26;Private;2023-05-13
CLT-0069;Sofia Rodrigues;367.294.667-11;16-12-1975;sofia.rodrigues53@gmail.com;;Belo Horizonte;MG ;R$ 7.401,71;Varejo;21/01/15
CLT-0110;Larissa Freitas;43009818063;03/08/1970;LARISSA.FREITAS@HOTMAIL.COM;61927463535;Salvador;BA;10.790,15;Varejo;10/11/20
CLT-0735;Natália Moreira;40567712515;10-09-1963;natalia.moreira20@yahoo.com.br;51 926759463;Porto Alegre;RS;R$ 6.343,26;Varejo;15/05/26
CLT-0072;Fátima Araújo;364.037.613-79;23/11/02;fatima.araujo77@bol.com.br;(11) 96916-6185;rio de janeiro;RJ;8321,89;VAREJO;09/06/2024
CLT-0120;Wesley Dias;080.214.427-03;07/05/1996;wesley.dias24@hotmail.com;41966017885;Rio de Janeiro;rj;30885.37;Varejo;2023-05-01
CLT-0704;Olívia Araújo   ;96714803007;02/03/1969;olivia.araujo40@hotmail.com;+55 61 98159-6976;Brasilia;DF;R$ 4.893,90;VAREJO;2015-07-26
CLT-0532;Lucas Almeida Costa;534.460.42276;11/02/91;lucas.costagmail.com;(51) 97272-1412;Belo Horizonte;mg;R$ 1.364,60;Varejo;22/04/2020
CLT-0229;Gabriela Barbosa Ferreira;02562588967;07/07/1974;gabriela.ferreira40@bol.com.br;+55 19 99414-3547;GOIÂNIA;GO ;R$ 14.347,52;VAREJO;30/12/2020
CLT-0052;ÉRICO DIAS FERREIRA;2795687833;04/04/2002;erico.ferreira91@outlook.com;(81) 99653-6927;Porto Alegre;RS ;6.374,20;Varejo;20-05-2016
CLT-0053;Yasmin Monteiro;039.106.51801;1964-10-05;yasmin.monteiro8@yahoo.com.br;51 976983948;Belém;pa;14766.93;Premium;05/06/2024
CLT-0383;  Felipe Lima;550.178.332-58;21/04/1987;felipe.lima64@outlook.com;85 942228126;florianópolis;SC ;13014.44;premium;2015-11-19
CLT-0149;Vera Rocha;447.174.654-21;07/02/1955;vera.rochagmail.com;(71) 96450-1984;SÃO PAULO;SP;5191,81;PREMIUM;2018-12-28
CLT-0441;Kevin  Teixeira Rocha;421.702.851-62;26/11/79;kevin.rocha54@outlook.com;(47) 94983-7662;Porto Alegre;rs;48.814,20;Varejo;2015-01-03
CLT-0596;WESLEY MONTEIRO;708.477.954-17;26/05/1990;wesley.monteiro8@gmail.com;;Curitiba;PR;19741,93;PREMIUM;22-11-2015
CLT-0717;Otávio Silva;2039221317;05/11/1962;otavio.silva4@yahoo.com.br;;Salvador;BA ;R$ 41201.36;Varejo;2017-12-15
CLT-0702;Gabriela Rodrigues Barbosa;595.083.745-60;02/11/1989;gabriela.barbosa64@bol.com.br;(47) 97361-2651;Manaus;AM ;17.846,18;Varejo;2015-09-13
CLT-0059;Natália Dias;334.101.666-87;16/07/1951;natalia.dias25@bol.com.br;31 923549189;Brasília;DF ;11207.90;Private;2022-06-06
CLT-0298;Tatiane Almeida;559.690.515-02;14/02/1981;tatiane.almeida27@outlook.com;;Campinas;SP;R$ 4.673,81;Varejo;2025-06-21
CLT-0431;vinícius freitas;22946209355;07-11-1990;;+55 21 91020-4516;BRASÍLIA;df;2.528,45;Varejo;29/09/2022
CLT-0105;isabela rocha;36452577754;15/01/1982;isabela.rocha79@outlook.com;19 923435597;Campinas;SP ;R$ 52.307,99;Varejo;29/05/2019
CLT-0037;wesley costa;38347359774;1980-03-19;wesley.costa93@yahoo.com.br;71 936554271;Vitória;ES;R$ 16.635,03;premium;10/08/2020
CLT-0680;Samuel Araújo;759.443.485-29;17/01/1977;samuel.araujo51@yahoo.com.br;62 985315157;Curitiba;PR;56069,15;Premium;2020-05-20
CLT-0189;  Kevin Monteiro;0290846684;21/09/1986;;+55 51 99647-3406;Belo Horizonte;MG;7.746,39;Varejo;08/08/19
CLT-0522;Renato Lima Costa;326.118.900-34;1974-11-09;renato.costa23@outlook.com;(62) 97250-4524;Goiânia;go;sem info;varejo;2025-01-23
CLT-0624;Yasmin Araújo;452.898.606-10;1999-07-28;yasmin.araujo36@hotmail.com;41 948268411;São Paulo;SP ;44.109,71;Varejo;21/12/2015
CLT-0192;ISABELA LIMA;408.215.454-47;18/05/1995;ISABELA.LIMA61@GMAIL.COM;;Recife;pe;R$ 58.072,87;Varejo;11/05/2021
CLT-0402;Otávio  Teixeira;706.462.554-02;01/05/1965;otavio.teixeira97@hotmail.com;19970466569;Recife;PE ;R$ 14.339,85;Private;20-abr-2019
CLT-0008;Débora Oliveira Ferreira;824.493.534-87;27/03/98;debora.ferreira84@bol.com.br;11 925127939;Campinas;SP;R$ 7.176,97;varejo;25-06-2022
CLT-0541;  RENATO OLIVEIRA OLIVEIRA;738.551.281-77;25/09/1970;renato.oliveira64@yahoo.com.br;41970969155;Recife;pe;R$ 52.810,52;Premium;27/10/2020
CLT-0066;  Samuel Freitas Dias;91557924991;19/11/1984;samuel.dias24@outlook.com;(41) 96003-2916;belém;PA;11148.24;VAREJO;16/06/2026
CLT-0260;fátima almeida lima;798.363.14624;1969-01-23;fatima.lima98@outlook.com;21 934138552;Rio de Janeiro;RJ;6448.80;Varejo;24/05/2020
CLT-0623;Tatiane Lima;78037891213;1973-07-25;;;Brasília;DF;R$ 1487.01;VAREJO;2024-01-11
CLT-0770;Érico Oliveira;60855717490;1953-07-13;erico.oliveira57@yahoo.com.br;47974059457;Manaus;AM ;R$ 51.334,71;Varejo;2015-10-13
CLT-0581;Helena Souza Ribeiro;850.153.017-31;20-07-1986;helena.ribeiro82@hotmail.com;61979341884;Campinas;SP ;12.873,26;Premium;21/05/2016
CLT-0112;Gustavo Moreira   ;83920530214;24/06/1984;gustavo.moreira64@yahoo.com.br;71976424281;SALVADOR;BA;7327.55;VAREJO;16/07/16
CLT-0567;Ana Campos Campos;284.976.039-67;28/10/96;ana.campos48@hotmail.com;51949697151;Belo Horizonte;MG ;3583,55;Varejo;30/11/2021
CLT-0820;fátima costa;48882372544;08/11/2000;fatima.costa56@hotmail.com;(61) 94319-6356;GOIÂNIA;GO;13681,66;Premium;2019-03-09
CLT-0181;Tatiane Pereira Pereira;04165915201;03-02-1961;tatiane.pereira1@bol.com.br;+55 81 98439-5412;Rio de Janeiro;rj;;premium;28/02/2025
CLT-0487;Gustavo Araújo;9393449743;17/11/04;gustavo.araujo38@hotmail.com;51 912819615;Campinas;SP ;1976,26;varejo;04/11/2018
CLT-0713;Carla Teixeira;59476111079;06/11/1997;carla.teixeira45@yahoo.com.br;+55 81 96931-5750;São Paulo;SP ;39.345,95;varejo;2022-08-28
CLT-0639;karina barbosa;302.853.272-76;1975-04-30;karina.barbosa9@outlook.com;19946365178;Campinas;sp;4704.58;varejo;16/05/2016
CLT-0108;Vera Dias;809.202.42869;1982-07-01;vera.dias62@hotmail.com;(62) 95644-2404;curitiba;pr;6412.67;Varejo;28/07/25
CLT-0432;Samuel Almeida Ribeiro;061.592.738-74;1958-09-20;samuel.ribeiro17@hotmail.com;11982592398;Manaus;AM;4667,11;varejo;2015-07-03
CLT-0114;César Oliveira Cardoso;95211179080;17/08/1973;cesar.cardoso96@hotmail.com;61990665501;Recife;PE;R$ 4398.50;varejo;19/06/2026
CLT-0244;Felipe Monteiro Barbosa;563.411.159-50;24/05/1970;felipe.barbosa24@bol.com.br;+55 21 92070-4471;Vitoria;ES ;39096.65;Premium;07/12/2021
CLT-0679;Marcos Carvalho Araújo   ;689.633.181-23;1976-05-16;marcos.araujo19@gmail.com;+55 71 92454-8811;Campinas;SP;10587.58;VAREJO;2016-01-27
CLT-0142;Sofia Costa;615.396.695-83;2004-03-24;sofia.costagmail.com;+55 62 98972-2873;Belo Horizonte;MG ;5.574,39;varejo;10-03-2017
CLT-0022;Isabela Gomes;274.846.773-78;10/04/1999;isabela.gomes21@outlook.com;47 993273236;FLORIANÓPOLIS;SC ;R$ 2.511,85;Varejo;22/04/2024
CLT-0288;bruno freitas;411.186.008-92;1953-03-28;bruno.freitas30@hotmail.com;71 941836114;Brasília;DF;35.114,27;VAREJO;11/07/2015
CLT-0156;Kevin Carvalho;7740633569;1959-12-20;kevin.carvalho79@hotmail.com;;CAMPINAS;sp;R$ 36.467,85;Premium;22-07-2025
CLT-0800;Larissa Teixeira;645.257.33090;1994-09-18;larissa.teixeira20@gmail.com;(51) 91642-7243;Fortaleza;CE ;R$ 7.887,36;Varejo;20/07/2026
CLT-0709;César Rocha Souza;07421531936;19-11-2007;cesar.souzagmail.com;61 938157578;Manaus;AM;R$ 6.013,94;Varejo;2017-07-15
CLT-0127;igor ribeiro;067.998.136-46;19/03/1981;igor.ribeiro82@yahoo.com.br;81918079980;São Paulo;SP ;R$ 11.831,80;Varejo;2026-04-03
CLT-0062;TATIANE RIBEIRO;715.437.993-71;09/02/1951;tatiane.ribeiro22@yahoo.com.br;71 964437224;Florianópolis;SC;R$ 4.710,14;Varejo;2022-07-05
CLT-0096;Karina Monteiro Lima   ;717.751.701-66;1963-05-04;karina.lima36@gmail.com;+55 21 95990-9328;Curitiba;PR;2415.24;varejo;26-mar-2025
CLT-0514;Vera Carvalho;68112303885;10-05-2007;vera.carvalho34@outlook.com;+55 21 92342-5026;Porto Alegre;rs;R$ 28244.43;Premium;15/10/2016
CLT-0207;GUSTAVO TEIXEIRA;153.663.778-05;25/03/86;gustavo.teixeira30@hotmail.com;51 911589188;Porto Alegre;RS ;43480,15;Premium;15/08/2022
CLT-0687;Karina Souza;14613315553;20-dez-1977;karina.souza7@bol.com.br;(61) 94661-1638;Curitiba;pr;32575,79;Private;28/08/2021
CLT-0274;Larissa Santos;31903689003;27/07/1999;LARISSA.SANTOS@HOTMAIL.COM;(31) 98185-3958;Vitória;ES;R$ 18.842,62;Varejo;23-jun-2020
CLT-0499;vinícius gomes freitas   ;646.419.623-42;08/07/1973;vinicius.freitas65@yahoo.com.br;(71) 93372-3933;CAMPINAS;SP ;R$ 10.934,62;premium;2021-11-08
CLT-0111;Nicolas Ribeiro;213.865.89026;28/08/1985;nicolas.ribeiro74@outlook.com;;Recife;PE ;3.003,23;Premium;08/06/2016
CLT-0273;Isabela Almeida;918.724.010-78;01/05/1955;isabela.almeida10@bol.com.br;(81) 95971-4731;Recife;PE ;R$ 3.289,51;PRIVATE;2019-05-27
CLT-0518;Felipe Barbosa Rodrigues;510.388.027-30;1980-10-13;felipe.rodrigues80@yahoo.com.br;;Goiânia;GO;18.699,72;Varejo;19/04/2017
CLT-0192;isabela lima;408.215.454-47;18/05/1995;isabela.lima61@gmail.com;;Recife;pe;R$ 58.072,87;Varejo;11/05/2021
CLT-0477;otávio araújo;87447017320;1994-06-21;OTAVIO.ARAUJO@HOTMAIL.COM;;Goiânia;GO;9.877,02;Premium;2017-12-17
CLT-0732;Renato Almeida;164.560.59563;04/07/2004;renato.almeida49@bol.com.br;;Porto Alegre;RS ;12470.89;premium;2019-09-13
CLT-0818;  João Martins;205.353.131-84;1980-07-09;joao.martins67@bol.com.br;+55 61 94767-5721;porto alegre;rs;R$ 8.750,23;Private;05-11-2017
CLT-0017;Débora  Rodrigues;436.349.578-85;11-01-1969;debora.rodrigues11@hotmail.com;(61) 96764-8434;Vitória;ES;R$ 47.624,37;Varejo;15-09-2017
CLT-0600;Priscila Carvalho Souza;445.684.467-94;08-05-1970;priscila.souza96@gmail.com;;MANAUS;am;2582,11;Premium;2016-06-27
CLT-0144;Renato Araújo Souza;56242201027;15-fev-1983;renato.souza41@yahoo.com.br;+55 31 92387-3248;Belo Horizonte;MG;5.458,36;Varejo;24/03/25
CLT-0385;Diego Lima;701.242.446-26;07/11/2003;diego.lima50@bol.com.br;;Vitória;ES ;20568.45;VAREJO;15/07/2016
CLT-0530;Yasmin Barbosa Teixeira;818.223.879-40;01/12/74;yasmin.teixeira56@yahoo.com.br;31915519697;Curitiba;pr;1626,19;PREMIUM;22/02/2026
CLT-0708;Carla Gomes   ;496.741.991-60;20/03/63;carla.gomes74@hotmail.com;41 913347339;Belo Horizonte;MG;R$ 16.055,44;premium;29-set-2015
CLT-0454;Yasmin Gomes;459.671.50066;1967-06-30;;(71) 95401-2507;Florianópolis;sc;R$ 7975.63;varejo;25/10/23
CLT-0648;MARIANA CARVALHO;598.125.597-77;15/02/2001;mariana.carvalho83@bol.com.br;(47) 99126-7228;Recife;PE;19.609,47;Varejo;20/03/19
CLT-0327;Kevin Ribeiro;601.444.856-45;15/02/1960;kevin.ribeiro14@gmail.com;(81) 94977-9109;São Paulo;SP ;34.501,98;premium;17/12/2020
CLT-0117;Débora Martins;25355449647;15/07/75;debora.martins81@hotmail.com;62995358377;campinas;sp;R$ 36.872,66;Premium;09/07/2015
CLT-0162;  Yasmin Moreira Moreira;767.426.629-91;03/11/1957;yasmin.moreira92@yahoo.com.br;;Rio de Janeiro;RJ;34.054,20;Premium;06/06/2023
CLT-0204;Nicolas Gomes;55963099384;12/05/2031;nicolas.gomes80@yahoo.com.br;11 955883071;Belo Horizonte;MG;R$ 3794.20;Varejo;19/12/2025
CLT-0340;Yasmin Santos;70713984822;17/11/1968;yasmin.santos26@gmail.com;21920677716;FLORIANÓPOLIS;sc;N/A;Premium;20/03/2022
CLT-0658;Rafaela Costa;34369531029;06/02/1972;rafaela.costagmail.com;(19) 92756-6254;Florianópolis;SC;R$ 8.291,39;Varejo;28/07/17
CLT-0287;Carla Gomes;55810835832;27/06/1980;CARLA.GOMES@HOTMAIL.COM;62 947575754;São Paulo;sp;R$ 3430.16;Premium;2022-06-08
CLT-0798;LARISSA TEIXEIRA TEIXEIRA;682.100.370-90;26-05-1999;larissa.teixeira56@outlook.com;81995221995;Florianópolis;SC;14.591,77;Varejo;08/05/24
CLT-0427;Érico Dias;430.954.497-91;1979-03-02;erico.dias35@yahoo.com.br;(47) 98189-1044;brasília;df;R$ 49.746,40;varejo;26/07/2016
CLT-0254;Samuel Oliveira;361.706.171-36;23/08/1954;samuel.oliveira77@gmail.com;(81) 93639-3945;Florianópolis;SC ;R$ 23711.09;premium;15/09/2015
CLT-0328;Vera Teixeira;05779806603;20/04/2000;vera.teixeira83@gmail.com;;Florianópolis;SC;34428,03;PREMIUM;29-03-2025
CLT-0721;JOÃO TEIXEIRA;163.971.492-07;09/05/70;joao.teixeira44@bol.com.br;;Manaus;am;R$ 12.124,05;private;28-06-2025
CLT-0408;Érico Carvalho Dias   ;26999699648;17-02-2005;erico.dias91@gmail.com;62 984742468;Curitiba;PR ;R$ 20.630,93;PRIVATE;2023-03-19
CLT-0654;Helena Costa   ;127.943.379-53;10-09-1955;helena.costa1@outlook.com;(21) 92829-3330;GOIÂNIA;GO;10.219,90;Varejo;28/08/2015
CLT-0316;érico carvalho;488.402.155-73;1998-04-04;erico.carvalho53@hotmail.com;(81) 96934-6456;São Paulo;SP ;R$ 42473.46;VAREJO;22/10/2020
CLT-0067;Lucas Lima;68876767721;15-12-1987;lucas.lima18@hotmail.com;(41) 95785-1535;campinas;SP;1.992,08;Varejo;09-10-2018
CLT-0620;João Barbosa;686.240.87100;18-nov-1990;joao.barbosa61@gmail.com;+55 71 97703-9871;Belo Horizonte;MG;18308.26;Varejo;2017-04-01
CLT-0164;yasmin carvalho dias;28554451895;14/04/1973;yasmin.dias46@gmail.com;85 956107111;VITÓRIA;ES;5.883,26;PREMIUM;28/08/2018
CLT-0130;FÁTIMA MONTEIRO;2055543840;27/09/70;fatima.monteiro65@yahoo.com.br;(11) 95590-4695;São Paulo;SP;8477,03;Varejo;29/01/2018
CLT-0323;yasmin ribeiro;977.539.673-79;1961-10-25;yasmin.ribeiro81@gmail.com;;Fortaleza;CE ;R$ 7.907,89;Varejo;07/03/2019
CLT-0789;Priscila Freitas;58258545513;16/04/1980;priscila.freitas84@hotmail.com;;Curitiba;PR;R$ 53629.18;Varejo;14-09-2018
CLT-0123;Tatiane Cardoso;86209593518;26/02/2000;tatiane.cardoso77@bol.com.br;+55 19 99151-3525;São Paulo;SP;R$ 13.392,61;VAREJO;23/03/2022
CLT-0637;Fátima Monteiro;01685647177;24/05/1986;FATIMA.MONTEIRO@HOTMAIL.COM;47 916093535;Porto Alegre;RS ;2433.11;VAREJO;2017-04-21
CLT-0179;Yasmin Dias Barbosa;64652809242;10/09/57;yasmin.barbosa13@bol.com.br;81931612468;Belem;PA;1.429,26;Varejo;07/03/2018
CLT-0041;Marcos Dias;796.275.705-96;05-out-1966;marcos.diasgmail.com;11922297655;Belém;PA ;2625,40;Varejo;03-ago-2018
CLT-0660;diego silva;58676030409;06-07-1978;diego.silva72@yahoo.com.br;+55 51 97686-8524;CURITIBA;PR ;R$ 10.556,56;Premium;2016-07-17
CLT-0334;Gustavo Almeida Ferreira;800.564.09951;10/08/1972;GUSTAVO.FERREIRA@HOTMAIL.COM;47991623978;Porto Alegre;RS;R$ 8730.81;Varejo;05/03/17
CLT-0325;Karina Nascimento;677.524.014-84;26-12-1958;karina.nascimento79@yahoo.com.br;47 920941970;brasília;df;R$ 19.508,68;Varejo;14-10-2025
CLT-0299;Sofia Dias;969.028.24983;2003-04-03;sofia.dias87@yahoo.com.br;31 931286458;FLORIANÓPOLIS;SC;R$ 1.960,38;VAREJO;10/01/2017
CLT-0814;Lucas Martins Araújo;891.096.19680;19/02/2005;lucas.araujo8@yahoo.com.br;(61) 93675-2459;Manaus;am;17488.55;Premium;14-11-2019
CLT-0391;Thiago Souza Rocha;106.153.722-15;1972-09-10;;19995015506;Rio de Janeiro;rj;R$ 1.458,84;VAREJO;10/04/2018
CLT-0198;Kevin Araújo   ;04793036149;12/03/1961;kevin.araujo46@hotmail.com;+55 41 93875-2070;Vitória;ES;6260.49;private;09/11/2017
CLT-0570;Otávio Rodrigues;762.914.304-91;20/05/1954;otavio.rodrigues98@bol.com.br;41994639121;Curitiba;pr;R$ 1486.20;Varejo;17/07/2025
CLT-0405;Vera Monteiro Silva;520.149.118-94;27/03/1987;vera.silva37@bol.com.br;41975049681;São Paulo;SP ;6761,50;VAREJO;15-02-2018
CLT-0266;Thiago Costa;5857567667;07/12/1978;thiago.costagmail.com;+55 71 92448-3303;Campinas;SP;R$ 35.038,64;Varejo;2020-06-10
CLT-0401;Vera Moreira Cardoso;880.442.877-38;04-10-1954;vera.cardoso68@hotmail.com;41996562051;Brasília;DF;R$ 57.125,54;Varejo;20/06/2016
CLT-0136;Lucas Pereira Rocha;814.721.458-68;15/09/1979;lucas.rocha59@bol.com.br;;São Paulo;SP ;32.912,87;PREMIUM;2021-06-10
CLT-0439;Priscila Monteiro;883.978.570-82;05/01/1952;priscila.monteiro70@yahoo.com.br;85917677861;BELÉM;PA;50.313,31;private;06-02-2017
CLT-0698;Débora Martins;39567844607;02-09-1957;debora.martins87@yahoo.com.br;(11) 98872-6626;Salvador;ba;7436.38;Varejo;2017-03-30
CLT-0180;Samuel Campos;70320320742;1994-10-15;samuel.campos67@outlook.com;81916688233;SALVADOR;ba;4242.43;varejo;2025-11-18
CLT-0379;João Cardoso Ferreira;715.066.626-70;31/01/2003;joao.ferreira13@bol.com.br;51 948618971;Manaus;AM;12.798,21;Varejo;2023-11-21
CLT-0337;Felipe Gomes;6882850317;15-11-1966;;(21) 94335-9114;MANAUS;AM;1361.52;PREMIUM;08/05/2015
CLT-0561;  Gustavo Lima;19087886538;1952-06-05;gustavo.lima16@bol.com.br;11 973448712;Campinas;sp;36.412,50;PRIVATE;02/08/2019
CLT-0559;Yasmin Lima;476.143.788-44;22/02/2006;yasmin.lima78@gmail.com;62971462349;Curitiba;PR ;3.137,50;Varejo;18/11/22
CLT-0804;Kevin Moreira Moreira;102.506.668-60;2007-01-11;kevin.moreira11@outlook.com;51990977841;Belo Horizonte;mg;34965,24;private;11/08/2024
CLT-0819;Thiago Rodrigues;377.982.402-11;1963-03-07;thiago.rodrigues83@gmail.com;41925194555;manaus;AM;R$ 57049.52;Varejo;2016-10-23
CLT-0592;Priscila Moreira;797.245.284-13;1954-05-09;priscila.moreiragmail.com;85912155895;São Paulo;SP ;R$ 1.892,05;Premium;04/08/2019
CLT-0449;Isabela Souza;23112327489;16-10-1977;isabela.souza35@gmail.com;81923908385;Porto Alegre;rs;11053.58;Premium;17/08/2019
CLT-0087;Juliana Almeida;30307053457;1966-11-11;juliana.almeidagmail.com;21915004963;Recife;PE;3.041,28;varejo;25-dez-2018
CLT-0027;fátima nascimento   ;04711382675;11-06-2002;fatima.nascimento79@hotmail.com;85 978663531;Fortaleza;CE ;48043.09;Varejo;2025-12-22
CLT-0255;Otávio  Campos Rodrigues   ;244.731.584-77;31/01/05;otavio.rodrigues20@hotmail.com;(41) 95097-3833;Salvador;BA;4016,55;VAREJO;21-abr-2021
CLT-0794;César Dias;756.275.280-01;05/03/01;cesar.dias33@outlook.com;(62) 92095-8320;Manaus;AM;R$ 2.648,72;PRIVATE;2021-05-20
CLT-0141;Débora Gomes;77332945625;17/04/05;debora.gomes98@yahoo.com.br;(81) 98987-1495;Campinas;SP;R$ 2.549,14;VAREJO;2025-09-26
CLT-0603;  Nicolas Dias;265.099.621-83;2000-06-17;nicolas.dias93@hotmail.com;21971857807;São Paulo;SP ;R$ 4798.77;Premium;13/01/2015
CLT-0433;Gabriela Martins;67975649157;23-08-1997;;61970945670;belo horizonte;MG ;R$ 2.842,64;premium;09/07/2020
CLT-0109;João Teixeira;62912799088;27/11/2003;joao.teixeira59@bol.com.br;19 931359835;Belo Horizonte;MG;4534,16;varejo;2024-09-04
CLT-0151;Sofia Cardoso;063.461.571-73;15/11/1960;sofia.cardoso12@outlook.com;62949079015;São Paulo;SP;8965.48;Premium;2021-11-25
CLT-0786;mariana souza;36670417103;27/02/64;mariana.souzagmail.com;21 928869293;Goiânia;GO ;4.944,20;varejo;20/10/2015
CLT-0246;Natália Monteiro;91297102481;1964-06-13;natalia.monteiro38@outlook.com;(31) 95843-3645;Curitiba;pr;48.510,50;varejo;04/12/2022
CLT-0194;  Otávio Almeida;5690705626;27/02/2001;otavio.almeida3@outlook.com;;Campinas;SP;55.506,23;Varejo;26/05/2021
CLT-0257;César Almeida;655.330.770-46;1950-12-24;cesar.almeida68@hotmail.com;(47) 96355-7272;salvador;BA ;;VAREJO;08/02/15
CLT-0178;Gustavo Moreira;34476263934;20/06/1954;GUSTAVO.MOREIRA@HOTMAIL.COM;(31) 97693-3391;fortaleza;ce;R$ 38148.31;VAREJO;2020-04-13
CLT-0103;  KEVIN DIAS;80919015814;18/02/1952;kevin.dias74@hotmail.com;21956128170;Rio de Janeiro;rj;13413,51;VAREJO;2015-09-10
CLT-0243;GABRIELA  ROCHA TEIXEIRA;8476570412;13/05/1952;gabriela.teixeira11@hotmail.com;(31) 99245-3627;Manaus;AM;6061,32;Varejo;2025-03-10
CLT-0489;Vinícius Rodrigues   ;565.896.35957;1953-11-07;vinicius.rodrigues7@gmail.com;;BELO HORIZONTE;MG;R$ 1.611,16;varejo;2023-02-01
CLT-0553;Vinícius Freitas;02578464085;01-09-1950;vinicius.freitas27@hotmail.com;(61) 99639-9690;Brasília;df;2966.62;VAREJO;08-nov-2018
CLT-0459;  Priscila Freitas;152.610.537-09;10/12/1984;priscila.freitas90@gmail.com;+55 81 92161-8048;Belo Horizonte;MG;44416.74;Premium;07-fev-2015
CLT-0666;HENRIQUE MONTEIRO ALMEIDA;49979905221;05/07/1961;henrique.almeida52@gmail.com;;Rio de Janeiro;rj;16.125,74;Premium;2017-02-16
CLT-0018;Nicolas Campos;842.710.947-77;09-mar-1967;NICOLAS.CAMPOS@HOTMAIL.COM;51 988272869;SALVADOR;ba;4.523,67;varejo;2016-08-29
CLT-0033;Yasmin Souza Silva;96641605297;13/12/68;yasmin.silva72@outlook.com;(21) 98155-2734;SÃO PAULO;SP ;1.458,57;PREMIUM;06/10/2016
CLT-0692;ISABELA COSTA;99038035148;21-mai-1987;isabela.costa49@gmail.com;;Recife;PE;46.616,37;Private;28/11/2021
CLT-0282;Henrique Martins;72298120995;1976-04-27;;61981853895;salvador;ba;36.354,99;Premium;04/03/2017
CLT-0352;Isabela Martins;18779417634;10/06/1967;isabela.martins32@yahoo.com.br;(11) 98761-5040;Brasília;DF ;-;PREMIUM;2025-10-28
CLT-0048;Larissa Rodrigues;13075626368;21/07/03;larissa.rodrigues22@bol.com.br;62920203262;Campinas;SP;6.288,81;varejo;2025-09-23
CLT-0275;Priscila Almeida Lima;105.697.413-28;24-12-1960;priscila.lima39@outlook.com;+55 41 93011-7101;Belo Horizonte;MG;15843.73;Varejo;21-out-2015
CLT-0353;Yasmin Moreira;04432400615;26/06/93;yasmin.moreira38@gmail.com;+55 31 98318-7259;Florianópolis;SC ;31.298,25;varejo;17/01/2022
CLT-0283;yasmin barbosa;773.244.913-42;1975-08-05;yasmin.barbosa27@yahoo.com.br;+55 85 93766-1448;Fortaleza;CE;N/A;Varejo;2015-02-24
CLT-0378;  Carla Rodrigues Campos;49885582984;23-11-1968;carla.campos87@yahoo.com.br;41947061364;belém;PA ;R$ 17.740,28;premium;31/05/2026
CLT-0209;diego araújo;672.994.938-74;16-out-1990;DIEGO.ARAUJO@HOTMAIL.COM;+55 81 92048-7541;Curitiba;PR;R$ 5.652,13;Varejo;18/05/22
CLT-0175;Fátima Campos;34257540900;04-06-2002;fatima.campos53@outlook.com;41951447302;Florianópolis;SC ;R$ 3198.38;Varejo;20/02/23
CLT-0472;Priscila Rodrigues Oliveira;670.636.219-86;15/09/1960;priscila.oliveira16@yahoo.com.br;47957015173;Belo Horizonte;mg;sem info;Private;13-out-2023
CLT-0640;IGOR SOUZA;382.777.711-84;24/11/1976;;;Belo Horizonte;MG ;R$ 3.315,41;PREMIUM;18/05/2016
CLT-0301;bruno ferreira;615.626.244-67;12-ago-2002;;71939413679;BRASÍLIA;DF;29.202,94;Varejo;2017-05-21
CLT-0003;Igor Teixeira;784.801.845-14;2002-06-12;;62 953159201;Belo Horizonte;MG ;1.541,23;VAREJO;21/05/17
CLT-0812;Helena Cardoso;196.129.332-13;17/09/2001;helena.cardoso83@outlook.com;(31) 91689-5344;Manaus;am;R$ 18.208,28;varejo;2019-10-13
CLT-0795;Henrique Ribeiro;1294576130;31-01-1978;henrique.ribeiro63@gmail.com;(47) 95943-5617;Salvador;ba;R$ 2811.07;varejo;20/06/2021
CLT-0550;KARINA TEIXEIRA;759.659.992-01;11-mai-1985;karina.teixeira83@hotmail.com;71942452232;Belo Horizonte;mg;R$ 1.569,39;VAREJO;03/05/2023
CLT-0810;Samuel Carvalho Ribeiro;86819004158;05/01/1969;samuel.ribeiro24@hotmail.com;61931469909;Porto Alegre;RS;29509.59;premium;30/12/2023
CLT-0799;Carla Lima;296.507.445-65;1964-09-25;carla.lima35@bol.com.br;(71) 96905-5524;Manaus;am;16.342,93;varejo;2018-08-05
CLT-0545;Lucas Lima Almeida;76917162042;1971-08-23;lucas.almeida91@hotmail.com;21 957345394;Rio de Janeiro;RJ;1.685,97;premium;21/03/2020
CLT-0634;Débora Lima;23372094516;27-09-1975;debora.lima84@gmail.com;(81) 91192-7478;Vitória;ES;2309.70;Varejo;25-02-2018
CLT-0239;  Marcos Campos Pereira;09166010023;20/03/1991;marcos.pereira51@bol.com.br;;FORTALEZA;ce;R$ 38.200,97;Varejo;04/08/22
CLT-0481;Larissa Almeida;258.922.256-06;11/02/86;larissa.almeida89@hotmail.com;+55 61 94458-7088;Florianópolis;SC ;R$ 1611.60;Premium;07-06-2020
CLT-0375;Priscila Campos;195.419.666-45;1999-05-16;priscila.campos92@yahoo.com.br;11 945318135;Brasília;DF;40126.10;Varejo;02/02/25
CLT-0348;  Thiago Santos Carvalho;326.949.684-36;26/04/2004;thiago.carvalho19@bol.com.br;+55 41 99692-1114;Curitiba;PR;R$ 4352.06;Varejo;23/08/2020
CLT-0696;Henrique Barbosa Almeida;276.680.98460;27-06-1981;henrique.almeida20@hotmail.com;(85) 91550-5498;São Paulo;sp;R$ 4.150,63;VAREJO;2021-09-23
CLT-0258;BRUNO OLIVEIRA LIMA;1591030021;27-04-1953;bruno.lima52@gmail.com;(41) 93788-2442;porto alegre;RS;R$ 35733.10;VAREJO;10-04-2023
CLT-0602;Fátima Lima Dias;50221816981;25/02/52;fatima.dias70@outlook.com;21 947345912;Campinas;SP;2730.66;Varejo;2023-09-03
CLT-0060;  Nicolas Dias;61429396856;12/08/1970;nicolas.dias70@bol.com.br;+55 62 92284-9204;Vitória;ES;R$ 4.307,10;VAREJO;2017-03-11
CLT-0547;Samuel Barbosa;025.998.519-39;1972-10-08;samuel.barbosa56@hotmail.com;31990813952;Recife;pe;R$ 42.512,87;Premium;23-08-2017
CLT-0653;Paulo Campos;007.342.939-07;25/12/76;paulo.campos40@outlook.com;(81) 93324-6156;Campinas;SP ;16648.77;Varejo;2022-09-30
CLT-0240;Juliana Pereira;366.254.36172;30/06/2000;juliana.pereira3@gmail.com;+55 51 96854-2249;Rio de Janeiro;RJ;R$ 4.835,32;Varejo;25/11/16
CLT-0251;lucas carvalho;11096179817;04-03-1960;lucas.carvalho89@yahoo.com.br;(19) 95749-7891;Vitória;ES ;2695.04;private;19/07/2023
CLT-0394;Thiago Almeida;68011923603;1974-05-25;thiago.almeida80@hotmail.com;+55 62 92189-2681;Manaus;AM ;R$ 4961.22;Varejo;23-11-2024
CLT-0494;Thiago Dias Martins;110.187.803-58;16/12/63;thiago.martins95@hotmail.com;47918192211;Vitória;es;R$ 3.383,74;Premium;14/11/2025
CLT-0591;Eduarda Ribeiro;860.835.70170;1982-01-24;eduarda.ribeiro9@bol.com.br;(11) 95887-5387;vitória;ES;R$ 5.625,39;Varejo;22/03/2024
CLT-0495;Wesley Moreira Rodrigues;22054221626;2003-09-03;wesley.rodrigues64@gmail.com;;São Paulo;sp;13906.76;VAREJO;2015-01-13
CLT-0228;ISABELA CAMPOS;359.892.625-66;1974-11-20;isabela.campos11@outlook.com;21954253041;Campinas;SP ;9718.93;PRIVATE;15/02/2024
CLT-0350;Fátima Ribeiro;724.530.762-48;30/09/1962;fatima.ribeiro47@gmail.com;47991778091;Belém;pa;7178,32;Varejo;06-dez-2025
CLT-0415;Eduarda Silva;97363831828;30/09/1966;eduarda.silva14@hotmail.com;+55 11 96545-4750;Fortaleza;ce;13.038,41;Premium;2015-07-07
CLT-0722;PRISCILA FERREIRA DIAS;43435497872;09/09/61;priscila.dias61@yahoo.com.br;61988072807;Campinas;SP;51.576,15;VAREJO;23/11/2021
CLT-0331;  Olívia Carvalho;969.645.465-53;05/01/1972;;62 932036270;Vitória;es;R$ 7270.69;varejo;15-07-2020
CLT-0575;Tatiane Silva;03966203858;1954-07-16;tatiane.silva70@outlook.com;51913448287;Fortaleza;CE;sem info;varejo;20/03/2022
CLT-0341;Fátima Silva;7379457727;13/07/1950;fatima.silva73@bol.com.br;;Belo Horizonte;mg;57488,44;VAREJO;04-04-2023
CLT-0054;Felipe Rocha;686.337.524-31;1983-09-14;felipe.rocha51@bol.com.br;(47) 91256-4943;Belém;PA;R$ 18.017,86;VAREJO;2015-10-03
CLT-0801;César Dias Cardoso;276.334.228-56;10/11/85;cesar.cardosogmail.com;(85) 94782-8624;goiânia;GO;35977.62;Premium;2019-11-30
CLT-0668;Karina Souza;037.295.458-58;1966-11-30;karina.souza10@yahoo.com.br;(41) 99981-3026;Recife;PE ;2650,62;VAREJO;2019-11-20
CLT-0588;Gabriela Pereira Dias;127.622.398-47;22-12-2002;gabriela.diasgmail.com;19936476587;belo horizonte;mg;15.391,01;Varejo;2026-04-21
CLT-0742;Thiago Ribeiro;530.049.99266;25/12/1979;thiago.ribeiro53@outlook.com;+55 71 92829-8825;Rio de Janeiro;RJ ;2.122,86;PREMIUM;30-abr-2017
CLT-0082;Eduarda Ferreira;067.626.765-86;1979-09-17;eduarda.ferreira94@outlook.com;47946953664;Rio de Janeiro;rj;10994.49;PREMIUM;01/10/2015
CLT-0699;Eduarda Costa;97477656590;23/03/1983;eduarda.costa27@gmail.com;+55 51 95314-4444;Rio de Janeiro;RJ ;R$ 4.740,17;VAREJO;2024-09-08
CLT-0290;Marcos Rodrigues   ;778.811.616-20;16-04-1955;marcos.rodrigues1@outlook.com;31 942338169;Vitória;es;R$ 17.536,35;Private;2024-07-06
CLT-0291;Renato Ribeiro;58947735228;1962-07-20;renato.ribeiro67@outlook.com;(61) 97820-3936;Goiânia;GO;R$ 5.172,34;premium;15/02/2015
CLT-0445;HENRIQUE OLIVEIRA LIMA   ;559.067.000-99;08/02/1972;henrique.lima99@bol.com.br;(85) 95099-3931;Goiânia;GO ;R$ 4432.14;VAREJO;2023-05-31
CLT-0409;Bruno Freitas Monteiro;98069087261;1963-03-08;bruno.monteiro25@gmail.com;+55 11 98241-3849;Goiânia;go;R$ 7.011,51;Premium;2020-02-12
CLT-0261;otávio carvalho;436.294.897-86;22/09/1992;otavio.carvalho56@bol.com.br;(41) 92819-4597;fortaleza;CE;21965,38;Premium;20/12/2020
CLT-0607;OTÁVIO ARAÚJO MONTEIRO;10781871096;14/02/1988;otavio.monteiro40@hotmail.com;51 931116417;Fortaleza;CE;30006,83;Varejo;2024-02-13
CLT-0586;Nicolas Cardoso;740.675.826-76;1950-04-24;nicolas.cardoso39@hotmail.com;(11) 98040-3619;Manaus;AM;R$ 17.889,10;Premium;30/01/2024
CLT-0089;Gabriela Lima Oliveira;074.466.609-93;15-05-2000;gabriela.oliveira84@outlook.com;;São Paulo;SP ;22270.99;PREMIUM;18/05/2026
CLT-0440;FELIPE GOMES;97040953141;2000-07-19;felipe.gomes87@bol.com.br;61979981721;Belo Horizonte;MG;4.244,07;VAREJO;25/07/2020
CLT-0457;  Marcos Gomes;297.589.170-45;18/05/1962;marcos.gomes83@bol.com.br;85966785811;Fortaleza;CE;3913,56;Varejo;07/01/2016
CLT-0157;GABRIELA CARVALHO;907.726.257-01;1992-12-30;gabriela.carvalho46@outlook.com;85915355859;BRASÍLIA;DF;R$ 7.995,28;premium;24-08-2019
CLT-0222;Rafaela Rocha;686.334.141-11;1969-10-09;rafaela.rocha12@outlook.com;(41) 92902-7025;Salvador;BA ;R$ 17.196,05;VAREJO;2023-07-12
CLT-0435;Felipe Santos;576.694.703-18;19/10/1979;felipe.santos52@hotmail.com;(19) 94282-7595;CURITIBA;pr;8209,16;Varejo;09/11/24
CLT-0686;Sofia Monteiro Gomes;923.831.934-89;02/11/80;sofia.gomes71@yahoo.com.br;;MANAUS;AM ;R$ 2.026,64;Varejo;16/10/20
CLT-0755;Paulo Silva Rodrigues;93554592055;1974-10-17;paulo.rodrigues91@bol.com.br;(81) 99125-2446;CURITIBA;PR;R$ 13.181,20;Premium;27-jan-2025
CLT-0390;  Sofia Dias Souza;639.638.452-69;1957-05-11;sofia.souza22@bol.com.br;+55 51 95080-3042;porto alegre;rs;R$ 5.335,60;Varejo;28/02/2026
CLT-0163;LUCAS CARDOSO;244.714.627-30;10/03/1987;LUCAS.CARDOSO63@GMAIL.COM;+55 21 96927-8872;Recife;PE ;39764,02;varejo;04-set-2025
CLT-0785;NATÁLIA DIAS;02913813014;03/07/1973;natalia.dias60@yahoo.com.br;;Porto Alegre;rs;R$ 3.892,33;Varejo;2016-07-29
CLT-0024;Rafaela Martins;611.724.005-04;1992-02-14;rafaela.martins41@yahoo.com.br;+55 41 99702-7751;Goiânia;GO;8821.05;PRIVATE;24/10/2018
CLT-0061;Juliana Lima Ferreira;655.110.475-41;13/04/1979;juliana.ferreira11@bol.com.br;(81) 99395-7685;VITÓRIA;ES;R$ 30.718,88;PREMIUM;2017-02-01
CLT-0482;Diego Rodrigues Barbosa;13626084639;1971-12-13;diego.barbosa41@hotmail.com;61973262036;Goiânia;GO;R$ 17.266,04;varejo;05/09/2025
CLT-0346;Carla Rodrigues;46558665254;1980-04-12;carla.rodrigues80@gmail.com;;Porto Alegre;RS;R$ 56.181,39;VAREJO;23/02/22
CLT-0490;Olívia Cardoso Cardoso;04379686800;30/07/85;olivia.cardoso21@hotmail.com;+55 19 96141-3307;Curitiba;PR ;R$ 11.720,33;VAREJO;15/02/2016
CLT-0661;paulo cardoso rocha   ;825.320.831-68;07-08-1998;PAULO.ROCHA@HOTMAIL.COM;71 946417804;manaus;AM;R$ 5.188,84;Varejo;2016-12-05
CLT-0093;NICOLAS DIAS;39348356420;27/09/63;nicolas.dias90@hotmail.com;(62) 98875-6416;Rio de Janeiro;RJ;;Varejo;23-06-2017
CLT-0733;Débora Monteiro;61548720124;31/01/1962;debora.monteiro62@yahoo.com.br;61957526521;BELO HORIZONTE;MG;35141.13;varejo;03/09/2022
CLT-0555;Ana Silva;740.039.101-93;17-04-2003;ana.silva52@gmail.com;(85) 93910-3203;PORTO ALEGRE;rs;12112,29;Varejo;06/02/2017
CLT-0710;  Natália Carvalho;1065735174;19/05/1999;natalia.carvalho30@hotmail.com;(41) 96655-3000;Manaus;AM;R$ 10.769,48;varejo;29/10/2016
CLT-0342;Kevin Ribeiro;6283333939;1953-10-26;kevin.ribeiro52@yahoo.com.br;(71) 97140-6028;Recife;pe;R$ 58.094,97;Varejo;2017-06-09
CLT-0237;Juliana Freitas;443.448.123-08;06/11/1964;;(31) 95550-3178;Recife;PE;57145.09;VAREJO;01-ago-2020
CLT-0453;HENRIQUE  SANTOS SOUZA;814.356.140-38;11/11/2001;henrique.souza50@yahoo.com.br;41 923939361;Brasília;DF;40316.93;Premium;2021-03-13
CLT-0773;Larissa Campos;67698897988;1959-04-21;larissa.campos11@yahoo.com.br;51955676396;Campinas;SP;5011,77;premium;12-ago-2021
CLT-0767;Eduarda Dias;28535416019;22-jan-1968;eduarda.dias48@gmail.com;85952871323;Manaus;AM;;premium;27/07/2025
CLT-0750;Débora Barbosa;82924828732;26/04/1963;debora.barbosa94@hotmail.com;(81) 99547-9597;FORTALEZA;CE;R$ 21.718,45;Private;24/11/2024
CLT-0196;Sofia Ribeiro;94200749465;30/04/1977;sofia.ribeiro22@hotmail.com;(85) 95609-1745;Brasília;df;2.482,58;premium;26/07/2016
CLT-0521;Débora Rodrigues   ;007.941.93245;15/12/1961;debora.rodrigues30@gmail.com;+55 85 92233-1974;Belo Horizonte;MG;2644.67;Varejo;10/12/2021
CLT-0339;Lucas Cardoso;73280771130;20/12/1955;lucas.cardoso69@outlook.com;62921044960;RIO DE JANEIRO;RJ;6.065,49;Private;2018-03-15
CLT-0272;Juliana Ribeiro;512.418.938-98;1956-01-10;JULIANA.RIBEIRO@HOTMAIL.COM;;Salvador;ba;R$ 14486.46;Private;03/09/2015
CLT-0511;  Otávio Moreira Pereira;251.521.74653;17-06-1957;otavio.pereira23@bol.com.br;(81) 99386-1819;Rio de Janeiro;RJ;1.450,30;Varejo;29/05/2017
CLT-0247;Larissa Rodrigues;55168740903;1973-02-21;larissa.rodrigues47@outlook.com;31927255762;Belo Horizonte;MG;19.005,68;VAREJO;20/08/2016
CLT-0176;Fátima Silva;177.656.124-81;1989-09-09;fatima.silva31@outlook.com;+55 85 96353-8426;goiânia;go;45254.11;Premium;2019-02-14
CLT-0754;Karina Costa Rocha   ;539.501.115-25;1983-06-02;karina.rocha59@yahoo.com.br;+55 31 98585-8296;vitória;ES ;19.054,81;Varejo;2018-12-22
CLT-0293;Karina Silva;813.866.675-48;11/10/1968;karina.silva1@outlook.com;;Manaus;AM;52289,38;Premium;16-03-2018
CLT-0731;LARISSA PEREIRA;735.640.783-08;10-02-1984;;47 982659526;Recife;pe;16.078,75;VAREJO;30/04/2023
CLT-0338;Ana Ferreira;434.606.664-37;22/01/1976;ana.ferreira52@gmail.com;+55 62 97479-1684;Recife;PE;30.327,41;PREMIUM;01/01/2020
CLT-0480;FELIPE MONTEIRO;0107126158;1988-04-17;felipe.monteiro66@hotmail.com;;curitiba;PR;5.740,25;Premium;01/10/24
CLT-0322;Helena Cardoso   ;932.382.231-16;1991-09-01;helena.cardoso33@hotmail.com;(41) 94706-5106;RIO DE JANEIRO;RJ;2010.33;VAREJO;16-05-2022
CLT-0430;Nicolas Pereira Souza;201.907.258-73;2006-10-25;nicolas.souza18@gmail.com;(62) 94507-1606;rio de janeiro;RJ;R$ 24.637,36;Varejo;13/07/2023
CLT-0160;  Larissa Araújo;592.745.23805;07/05/1970;larissa.araujo22@bol.com.br;81998453663;porto alegre;RS ;R$ 6.703,15;Varejo;2015-07-24
CLT-0010;Carla Lima Ferreira;850.142.940-19;08-12-1973;carla.ferreira29@gmail.com;(61) 98149-9379;Vitória;es;11343,24;Varejo;07/04/2019
CLT-0311;Érico Barbosa;79083350615;13/12/1996;erico.barbosa2@gmail.com;;Campinas;SP ;R$ 2.053,21;Premium;24/07/2020
CLT-0758;Sofia Silva;10769262654;04/08/1954;sofia.silva94@outlook.com;+55 81 96810-2787;Fortaleza;ce;-;Premium;05/08/2020
CLT-0236;Thiago Nascimento;85571617688;06/09/1953;thiago.nascimento39@yahoo.com.br;(51) 93112-5745;rio de janeiro;RJ;4.409,00;VAREJO;08-04-2019
CLT-0423;César Monteiro Martins;91165020002;29/01/1975;cesar.martins55@outlook.com;;Florianópolis;SC;R$ 4.927,97;Varejo;06-08-2017
CLT-0497;João Silva;630.295.596-36;2000-11-21;joao.silva84@outlook.com;31 976943823;florianópolis;SC ;2559.95;varejo;13/01/2019
CLT-0422;João Dias Nascimento;270.452.388-85;09/02/54;joao.nascimento23@yahoo.com.br;(61) 98014-7817;Recife;PE ;R$ 47.843,15;VAREJO;2026-05-11
CLT-0465;césar moreira;90069680186;1969-11-11;cesar.moreira88@bol.com.br;11949588847;Brasília;DF;21330.31;PRIVATE;23-10-2017
CLT-0540;Érico Santos Nascimento;041.691.053-02;25/05/50;erico.nascimento96@gmail.com;71 988036975;vitória;ES;14934.65;Varejo;2023-09-15
CLT-0398;Otávio Pereira;206.732.318-29;1954-09-28;otavio.pereira10@hotmail.com;+55 19 99957-2313;Recife;pe;R$ 14.300,91;Varejo;2018-09-10
CLT-0523;Carla Moreira;001.732.590-07;1953-02-25;carla.moreiragmail.com;(41) 91567-8396;BELO HORIZONTE;mg;R$ 14.524,42;VAREJO;2019-07-31
CLT-0583;ANA ARAÚJO;67333297323;26/01/99;ana.araujo61@gmail.com;(51) 95244-1654;Goiânia;GO;4.599,62;VAREJO;28/12/2017
CLT-0549;Priscila Teixeira Santos;50193545036;16-05-1971;priscila.santos23@gmail.com;+55 85 95666-4410;Florianópolis;SC ;8806.83;private;04/07/2020
CLT-0050;renato dias rodrigues;82677345401;13/03/1969;renato.rodrigues68@hotmail.com;62916113868;Fortaleza;CE;2703,48;Premium;25-out-2015
CLT-0202;thiago cardoso;331.537.79599;1977-12-02;;(71) 96384-3658;Brasília;DF ;2590,17;Varejo;2015-12-12
CLT-0269;  Tatiane Carvalho Souza;588.358.681-22;17-08-1991;tatiane.souza85@bol.com.br;(61) 98528-3294;Porto Alegre;RS;25572.14;varejo;17/10/21
CLT-0752;Yasmin Santos Costa   ;92809166316;18-12-1950;yasmin.costa88@hotmail.com;+55 47 97316-8720;SÃO PAULO;SP;R$ 6.378,85;varejo;30/07/2020
CLT-0526;Igor Cardoso;008.844.740-83;1965-04-26;igor.cardoso33@yahoo.com.br;21927941532;Brasília;DF;40547.81;Varejo;06/12/2017
CLT-0002;Olívia Freitas Gomes;32764835030;2001-10-18;olivia.gomes47@hotmail.com;(21) 94456-6155;Porto Alegre;RS ;2.114,40;Premium;16/04/2025
CLT-0045;Priscila Gomes;562.588.153-71;06/09/1994;priscila.gomes89@gmail.com;;Florianópolis;SC;5370,30;VAREJO;18/05/2024
CLT-0663;érico ribeiro;86263956126;14/04/1973;erico.ribeiro59@yahoo.com.br;;Florianópolis;SC ;2.396,74;PREMIUM;02/02/2026
CLT-0805;Olívia Monteiro;959.403.895-54;1950-02-01;olivia.monteiro73@yahoo.com.br;(19) 97029-4250;Brasília;DF;R$ 42.910,44;VAREJO;01/01/2026
CLT-0300;Gustavo Pereira;178.637.673-16;26-02-1991;gustavo.pereira27@yahoo.com.br;31 975516359;florianópolis;SC ;16216,56;Varejo;2024-07-10
CLT-0524;Henrique Silva Rodrigues;60234422521;12/10/1956;henrique.rodrigues64@gmail.com;;Recife;PE;R$ 2.552,85;Varejo;05/11/2016
CLT-0039;  Paulo Ribeiro;621.851.888-88;14/04/54;paulo.ribeiro69@gmail.com;(11) 97338-7116;Porto Alegre;RS;;Premium;25/09/2022
CLT-0524;HENRIQUE SILVA RODRIGUES;60234422521;12/10/1956;HENRIQUE.RODRIGUES64@GMAIL.COM;;Recife;PE;R$ 2.552,85;Varejo;05/11/2016
CLT-0817;VERA CARVALHO;670.165.627-74;13/08/1961;vera.carvalho56@gmail.com;(61) 99146-3164;são paulo;SP;30802.73;PREMIUM;23/04/2018
CLT-0536;BRUNO SOUZA;031.978.999-01;04/03/1972;bruno.souza31@yahoo.com.br;;PORTO ALEGRE;rs;1.613,01;Private;14/08/2017
CLT-0256;Nicolas Campos;849.649.856-01;11/11/1964;nicolas.campos78@yahoo.com.br;(31) 96861-5019;Rio de Janeiro;RJ ;2244.49;varejo;06/05/2023
CLT-0129;ana martins   ;698.042.043-94;1975-10-23;ana.martins27@bol.com.br;+55 11 92091-7367;Sao Paulo;sp;4663.96;PREMIUM;29/01/23
CLT-0676;Otávio  Ribeiro;103.847.156-75;07-11-1983;otavio.ribeiro59@gmail.com;11965492254;Porto Alegre;RS;13.198,76;premium;2015-06-13
CLT-0102;Wesley Moreira Ferreira;704.358.112-88;17/04/1960;wesley.ferreira50@outlook.com;19 944927950;Vitória;ES;R$ 18.936,03;Varejo;2024-10-05
CLT-0384;Bruno Ribeiro Teixeira;394.640.830-37;04/05/1998;bruno.teixeira78@bol.com.br;11922465483;Manaus;AM ;15090,72;premium;07/05/2024
CLT-0597;Thiago Oliveira;207.612.396-12;1981-08-24;thiago.oliveira92@yahoo.com.br;+55 19 91456-6467;Manaus;AM;30.542,98;Varejo;28/03/2017
CLT-0145;Lucas Carvalho;751.971.284-78;30/11/05;lucas.carvalho74@yahoo.com.br;+55 21 95017-8740;Manaus;AM;14020.75;Varejo;2016-10-01
CLT-0507;Priscila Rocha;36510344442;27/04/89;priscila.rocha93@gmail.com;+55 71 98929-5493;Brasília;df;R$ 2737.98;VAREJO;28-12-2023
CLT-0001;Olívia Costa;026.542.351-16;21-12-1971;;+55 47 95333-1711;GOIÂNIA;GO ;27.953,51;VAREJO;28/06/2023
CLT-0496;Vinícius Carvalho;19537749266;31/05/1976;vinicius.carvalho43@gmail.com;(47) 96186-7784;vitória;ES ;R$ 54.407,26;PREMIUM;2026-03-03
CLT-0782;Thiago Rocha;171.485.418-39;06/07/1991;thiago.rocha48@gmail.com;(61) 93146-7012;Salvador;BA ;R$ 47533.16;VAREJO;01/03/25
CLT-0590;Priscila Santos Teixeira;865.557.512-47;24/01/1968;PRISCILA.TEIXEIRA@HOTMAIL.COM;11973319581;Vitória;es;47.375,35;Private;22-04-2024
CLT-0688;Wesley Campos;299.126.994-52;04/04/1954;wesley.campos91@yahoo.com.br;21926871375;Fortaleza;CE;R$ 1.822,24;PREMIUM;30-jul-2023
CLT-0712;Paulo Carvalho;31730332496;26-09-1968;paulo.carvalho86@yahoo.com.br;81 964619189;Curitiba;PR ;R$ 32.406,56;PREMIUM;19/08/2022
CLT-0313;WESLEY FREITAS;847.127.058-77;02/11/2002;wesley.freitas65@yahoo.com.br;;Fortaleza;ce;7.781,46;VAREJO;05/02/2019
CLT-0115;Otávio Ribeiro;42843479552;10/11/1954;otavio.ribeiro16@bol.com.br;62 970996981;Curitiba;pr;R$ 2.312,16;VAREJO;2019-01-13
CLT-0775;  Isabela Dias;27433037271;1962-03-18;isabela.dias85@yahoo.com.br;31956575886;Recife;PE;4635,45;Varejo;20/05/2024
CLT-0077;Eduarda Almeida Costa;490.352.135-68;09/04/1979;eduarda.costa53@gmail.com;31 915097625;Vitória;ES;10.491,63;Premium;08/08/2020
CLT-0608;eduarda  araújo rodrigues   ;52241142066;19/05/1988;eduarda.rodrigues7@hotmail.com;+55 21 95195-6238;Goiânia;go;12.022,89;Private;06/06/2015
CLT-0613;  marcos almeida lima;49312146394;1991-06-10;marcos.lima99@gmail.com;31 962975554;Recife;pe;3374.57;Varejo;09/09/2018
CLT-0029;henrique rocha;89178390847;27/08/1965;;+55 81 97580-7984;Belo Horizonte;MG ;1.883,81;varejo;12/12/2024
CLT-0373;Olívia Oliveira Dias;642.813.190-92;1953-04-04;olivia.diasgmail.com;(71) 93751-4870;Vitória;es;R$ 11517.83;Premium;23/09/2016
CLT-0118;EDUARDA LIMA CARDOSO;228.200.55778;1968-11-22;EDUARDA.CARDOSO@HOTMAIL.COM;+55 31 99835-3900;Curitiba;PR;3.879,40;Varejo;2024-10-03
CLT-0416;HENRIQUE CARVALHO;521.650.587-14;19/02/1986;henrique.carvalho19@gmail.com;(21) 99566-3854;Manaus;AM;3.510,13;VAREJO;2022-05-05
CLT-0502;Eduarda Almeida Costa;187.506.776-10;1999-07-15;eduarda.costa13@bol.com.br;+55 61 93736-1102;FORTALEZA;CE;R$ 55908.46;PREMIUM;02/04/17
CLT-0014;Débora Gomes Freitas;2980699016;25/08/2001;debora.freitas78@hotmail.com;(51) 97211-6363;Vitória;ES;R$ 35.554,29;premium;03/07/2023
CLT-0206;Wesley Martins;111.508.353-54;16-12-1995;wesley.martins23@yahoo.com.br;+55 19 95496-4123;Curitiba;PR;R$ 1814.34;premium;09/11/2020
CLT-0197;Natália Martins Rocha;70026876811;04/12/99;natalia.rocha85@outlook.com;19982933022;Recife;pe;5569,10;Premium;11/01/2023
CLT-0711;Sofia Martins Araújo;703.056.870-94;04/07/1963;;62972581078;Belém;PA;R$ 38151.83;Private;2020-09-06
CLT-0504;Ana  Freitas;67080897474;2006-05-14;ana.freitas61@hotmail.com;(47) 95656-7645;Curitiba;PR;R$ 2982.63;PREMIUM;05-05-2019
CLT-0743;João Rodrigues;6871413493;1988-05-11;joao.rodrigues45@bol.com.br;;Curitiba;PR ;4.983,06;PREMIUM;12/03/2023
CLT-0184;Vinícius Martins Teixeira;61027769749;1966-05-07;vinicius.teixeira24@hotmail.com;(62) 97471-5958;Manaus;am;R$ 1.707,19;Varejo;13/04/2019
CLT-0305;Yasmin Ferreira Oliveira;77382646091;1958-09-19;yasmin.oliveira77@outlook.com;+55 61 92361-4400;Fortaleza;CE ;14.691,89;Varejo;26/10/2021
CLT-0025;Rafaela Carvalho Rodrigues;671.369.59440;1994-08-25;rafaela.rodrigues10@yahoo.com.br;;Campinas;sp;11589.85;Varejo;02-06-2021
CLT-0781;Paulo Campos;153.374.356-70;1960-07-11;paulo.campos55@bol.com.br;81 937149380;Curitiba;PR;R$ 2.674,02;VAREJO;24/02/22
CLT-0355;Priscila Santos;370.033.228-55;1985-12-08;priscila.santos58@hotmail.com;71 913159359;Salvador;BA;1.553,55;varejo;2024-04-22
CLT-0075;Carla Cardoso;061.744.518-70;21/01/1966;carla.cardoso41@outlook.com;51949748600;Salvador;ba;R$ 3117.19;varejo;20-05-2019
CLT-0783;Gustavo Nascimento;769.473.08824;31/08/1956;gustavo.nascimento48@yahoo.com.br;(62) 96937-4964;Florianópolis;sc;R$ 1949.87;PREMIUM;12-10-2018
CLT-0498;Natália Silva;221.215.481-58;2005-12-08;natalia.silva98@gmail.com;;RECIFE;PE ;R$ 6.082,53;VAREJO;11/03/2015
CLT-0092;Tatiane Carvalho Campos;23098215064;1964-12-25;tatiane.campos63@outlook.com;+55 47 91785-2771;Recife;PE ;;VAREJO;2024-05-07
CLT-0594;Tatiane Cardoso;295.868.419-62;09-04-1992;tatiane.cardosogmail.com;+55 31 98034-1510;Manaus;AM;6.820,16;Varejo;14-06-2023
CLT-0611;Érico Ferreira;66535389629;24/02/1964;erico.ferreira48@hotmail.com;(41) 93524-5745;Rio de Janeiro;RJ;R$ 26370.16;premium;2023-09-16
CLT-0808;JULIANA FREITAS;477.198.883-74;29/05/1998;juliana.freitas74@gmail.com;11976079324;Fortaleza;ce;R$ 5.250,46;varejo;29/11/2015
CLT-0436;JOÃO OLIVEIRA;11079771400;10/03/1989;;41 999102113;Vitória;ES;12.977,65;Premium;2021-01-17
CLT-0370;Priscila Rodrigues Costa;99485320895;06/09/1953;priscila.costa73@gmail.com;+55 71 94328-9875;Salvador;BA;R$ 31086.95;Varejo;2017-01-16
CLT-0215;YASMIN PEREIRA   ;74233629344;13-out-1996;yasmin.pereira19@hotmail.com;(41) 95454-8883;Manaus;AM;R$ 4281.54;Varejo;07/12/2023
CLT-0375;Priscila Campos;195.419.666-45;1999-05-16;priscila.campos92@yahoo.com.br;11 945318135;Brasília;DF;40126.10;Varejo;02/02/25
CLT-0500;Marcos Monteiro Teixeira;31800366602;20/09/1997;marcos.teixeira20@yahoo.com.br;61942223642;São Paulo;SP ;R$ 2.593,88;Premium;19/11/2023
CLT-0715;Nicolas Teixeira;896.220.682-43;01/09/1953;nicolas.teixeira96@yahoo.com.br;(41) 91850-3344;Fortaleza;CE;7.033,96;Private;26/02/2020
CLT-0505;Kevin Monteiro Nascimento;860.521.026-27;1960-02-05;KEVIN.NASCIMENTO@HOTMAIL.COM;85 920021296;Florianópolis;SC ;R$ 14.404,45;VAREJO;31/08/2020
CLT-0533;DÉBORA CARDOSO RIBEIRO;656.224.197-68;25/09/77;debora.ribeiro13@hotmail.com;51958078754;Fortaleza;ce;R$ 3.117,31;varejo;2018-07-31
CLT-0438;  Sofia Souza;821.160.20418;17-04-2002;sofia.souza22@yahoo.com.br;+55 41 97051-9404;Curitiba;PR ;3165,87;varejo;22/01/25
CLT-0764;Eduarda Cardoso Nascimento;07122600822;1964-09-04;eduarda.nascimento10@bol.com.br;81955833979;São Paulo;SP;R$ 1.646,61;Varejo;2021-06-01
CLT-0410;  Otávio Costa;26958264186;21/11/1971;otavio.costa1@outlook.com;(19) 92192-4549;Curitiba;PR ;25.698,25;Varejo;21/07/2024
CLT-0501;Otávio Ferreira Cardoso;763.328.389-63;1979-04-22;otavio.cardoso79@hotmail.com;62923649284;RIO DE JANEIRO;RJ;R$ 22.385,65;Varejo;11/01/2024
CLT-0182;Diego Campos Oliveira;21476492515;1968-12-18;diego.oliveira99@yahoo.com.br;+55 71 98805-5398;Manaus;am;9.955,29;premium;23-06-2024
CLT-0665;Priscila Teixeira   ;159.229.127-06;01/11/1983;priscila.teixeira30@gmail.com;(21) 91715-5329;Vitoria;ES ;5935.78;Varejo;2018-04-04
CLT-0345;Marcos Rocha;159.709.962-54;13/10/1951;marcos.rocha39@yahoo.com.br;85913849021;Campinas;SP;R$ 3.999,37;Private;10-05-2020
CLT-0404;Gabriela Dias;06011987561;1958-01-30;gabriela.dias26@hotmail.com;(71) 99592-1137;Curitiba;PR;R$ 28.671,29;premium;06-ago-2015
CLT-0199;Bruno  Dias;580.304.687-50;19/03/1967;bruno.dias87@gmail.com;;Campinas;SP ;3.178,49;Premium;01/09/16
CLT-0420;Yasmin Pereira Cardoso;51381865507;09-jul-1980;yasmin.cardoso50@hotmail.com;+55 85 96314-1256;Curitiba;PR;4273.36;VAREJO;11-06-2021
CLT-0214;bruno moreira;75245086403;14/11/1970;bruno.moreiragmail.com;(41) 94372-9836;Manaus;AM;R$ 1602.62;VAREJO;27-07-2020
CLT-0107;Otávio Araújo   ;91846386557;20/07/68;OTAVIO.ARAUJO@HOTMAIL.COM;11992223276;Porto Alegre;RS;R$ 6.351,05;Varejo;2026-07-17
CLT-0625;OLÍVIA RIBEIRO;725.084.232-42;1958-05-14;olivia.ribeiro3@bol.com.br;11954872310;salvador;BA;R$ 44.551,22;Varejo;25-06-2017
CLT-0705;Larissa Teixeira;42526119789;16/04/1971;larissa.teixeira50@yahoo.com.br;;Vitória;ES;3966.59;Premium;15-fev-2025
CLT-0253;Gustavo Martins;92098196027;02-08-1965;gustavo.martins51@outlook.com;(31) 94927-4633;Campinas;SP;3.142,14;VAREJO;02-07-2020
CLT-0076;Priscila  Araújo Nascimento;41038657191;1963-07-05;priscila.nascimento95@outlook.com;71922262020;Brasília;df;R$ 1528.69;Private;23/04/2020
CLT-0618;Igor Almeida   ;54013153506;1976-06-05;igor.almeida79@gmail.com;(19) 94039-7365;Brasília;DF;5.205,28;Varejo;22/09/2022
CLT-0265;TATIANE SILVA CARVALHO;821.423.691-43;29/03/77;tatiane.carvalho56@outlook.com;41973287923;Brasília;df;R$ 11017.20;Premium;10/11/20
CLT-0382;César Dias;510.046.277-65;06-05-1975;cesar.dias86@bol.com.br;;fortaleza;CE;2904.64;Varejo;16/02/2019
CLT-0566;Lucas  Nascimento;808.203.91702;2000-09-07;lucas.nascimento88@gmail.com;(19) 95334-5597;Brasília;DF ;R$ 24.407,15;Varejo;2023-07-23
CLT-0371;Helena Ferreira Ferreira;167.726.960-84;1993-08-16;HELENA.FERREIRA@HOTMAIL.COM;71995846608;Campinas;SP ;43.988,65;Varejo;13-09-2023
CLT-0359;Ana Teixeira Santos;096.873.045-19;19-10-1988;ana.santos26@outlook.com;+55 85 93685-7115;RECIFE;PE;29.392,74;premium;08/04/2018
CLT-0347;Eduarda  Costa Teixeira;191.023.121-10;1959-08-09;;41918192301;BELÉM;pa;26249.75;Premium;2019-04-28
CLT-0657;Carla Dias;888.048.514-20;1980-02-09;carla.dias91@yahoo.com.br;41975655878;Fortaleza;CE ;6545,14;Varejo;2018-03-31
CLT-0086;Tatiane Cardoso Araújo;3074505444;1959-06-24;tatiane.araujo23@outlook.com;;belo horizonte;MG;36.068,80;Premium;13/03/2022
CLT-0791;Samuel Rodrigues Oliveira;118.926.055-54;09/06/1950;samuel.oliveira49@gmail.com;51938747524;Rio de Janeiro;RJ ;R$ 1.459,92;premium;12-05-2026
CLT-0542;Fátima Silva Costa;871.564.783-70;2003-09-13;fatima.costa36@yahoo.com.br;(51) 94739-9684;Vitória;ES;R$ 3.000,96;Varejo;02/12/2024
CLT-0707;Otávio Ferreira Almeida   ;709.067.618-37;16-11-1964;otavio.almeida22@bol.com.br;61910428916;Rio de Janeiro;rj;40.326,33;Private;2016-06-22
CLT-0386;Eduarda Freitas;263.840.911-22;1971-06-29;eduarda.freitas65@bol.com.br;62997624181;Belo Horizonte;MG;R$ 2323.65;Varejo;18/11/2022
CLT-0231;Ana Dias Ribeiro;2850676251;18/05/1986;ana.ribeiro68@bol.com.br;(85) 92931-5752;Goiânia;GO;R$ 5.518,93;Varejo;12/10/2019
CLT-0573;João Dias;748.904.760-78;14/01/1954;joao.dias62@hotmail.com;;Rio de Janeiro;rj;11579,24;Premium;2025-07-20
CLT-0315;ISABELA CARVALHO;74113257970;22/09/1981;isabela.carvalho48@gmail.com;(62) 98979-5093;RECIFE;PE;7059.14;PREMIUM;31/05/2023
CLT-0020;Thiago Rocha;46488771906;1973-09-25;thiago.rocha19@gmail.com;;FORTALEZA;ce;15140,53;Varejo;19-jun-2015
CLT-0486;  Yasmin Dias Ferreira;353.059.702-55;1952-12-18;yasmin.ferreira73@yahoo.com.br;81977754381;Sao Paulo;SP ;R$ 13.296,55;VAREJO;03/10/16
CLT-0091;Felipe  Lima Martins;66760083505;1962-11-07;felipe.martins98@hotmail.com;(11) 91067-5076;Salvador;BA;4212,96;PREMIUM;31/12/2021
CLT-0815;Gabriela Dias;449.506.095-80;04/08/1974;gabriela.dias70@gmail.com;81952976578;São Paulo;SP;5.748,03;VAREJO;2019-12-11
CLT-0816;Vera Rodrigues Oliveira;91953016472;2001-04-09;vera.oliveira84@yahoo.com.br;+55 21 98690-5808;Goiânia;GO ;18.175,66;VAREJO;2022-03-07
CLT-0241;Igor Costa Rocha;252.677.119-64;04/08/1997;igor.rocha64@outlook.com;31939797308;campinas;SP;3.352,34;premium;2025-10-17
CLT-0399;BRUNO FREITAS   ;50902556184;13/01/1951;bruno.freitas82@bol.com.br;+55 21 99941-3423;Vitória;ES;52.214,93;Premium;10/09/2025
CLT-0740;Olívia Pereira;654.612.53606;09/07/1951;olivia.pereira45@yahoo.com.br;;RIO DE JANEIRO;RJ;3.336,01;Varejo;26/09/21
CLT-0122;Karina Rodrigues;00528127358;09-05-1951;karina.rodrigues89@bol.com.br;+55 81 94161-1349;Curitiba;PR ;10.984,67;private;08/01/2018
CLT-0645;Mariana Ferreira Martins;104.802.835-41;11/12/85;mariana.martins26@gmail.com;+55 47 93944-1828;vitória;ES;R$ 3.761,96;Varejo;20-11-2020
CLT-0629;Fátima Nascimento;911.776.665-05;1957-06-07;fatima.nascimento57@outlook.com;(71) 92096-3048;curitiba;pr;17.388,46;Private;09-12-2016
CLT-0706;Nicolas Pereira;73805203881;27/05/1983;NICOLAS.PEREIRA@HOTMAIL.COM;62980269404;Goiânia;GO;R$ 18.200,02;Varejo;08/04/21
CLT-0101;KARINA  TEIXEIRA;832.818.268-86;02/09/1961;karina.teixeira77@gmail.com;41964376424;Recife;PE ;R$ 18.117,68;VAREJO;26-ago-2025
CLT-0360;Gustavo Araújo;7820582958;2002-01-20;gustavo.araujo70@yahoo.com.br;41 974932339;Goiânia;go;15225,82;PRIVATE;2026-03-31
CLT-0444;Samuel Oliveira;98748694155;11-set-1958;samuel.oliveira24@yahoo.com.br;(19) 91807-2812;Fortaleza;ce;R$ 7.762,33;PREMIUM;19/01/2019
CLT-0317;  Helena Ribeiro;95119181828;10/09/1960;helena.ribeiro66@outlook.com;81 941272197;Manaus;am;8.385,01;Premium;2021-03-18
CLT-0621;karina almeida;35999400410;1986-07-28;karina.almeida71@hotmail.com;81928974738;brasília;DF;41442.00;Varejo;03/08/17
CLT-0116;Paulo Cardoso;890.612.034-71;21/03/1974;paulo.cardoso23@yahoo.com.br;61969035222;Campinas;SP;18.192,68;Premium;16/11/22
CLT-0094;Eduarda Campos;00225579415;28/11/1995;eduarda.campos7@gmail.com;(71) 97557-8479;Goiânia;GO;18.226,98;Varejo;22-09-2025
CLT-0576;Igor Dias;70898709201;1975-05-06;igor.dias25@bol.com.br;(85) 95622-4643;Manaus;AM;R$ 3.468,00;premium;04-04-2018
CLT-0593;Natália Silva;44203158925;1976-11-02;;11 986784132;Florianópolis;SC;R$ 21.806,30;VAREJO;06/02/2020
CLT-0748;Igor Freitas;155.590.62787;11/04/1972;igor.freitasgmail.com;(61) 92605-3489;Porto Alegre;RS ;3022.94;Varejo;02-out-2023
CLT-0534;Helena Souza;21564952549;11/04/1953;helena.souza41@outlook.com;+55 71 95528-5637;Goiania;GO;R$ 36.771,05;varejo;10/10/2017
CLT-0349;Igor Oliveira Rocha   ;575.757.475-83;24/04/1994;igor.rochagmail.com;62967817713;BELO HORIZONTE;MG;2.593,90;VAREJO;2024-01-17
CLT-0626;Gabriela Martins;32959452315;11/11/03;gabriela.martins64@bol.com.br;(31) 99607-7338;Salvador;BA;R$ 3.079,78;VAREJO;2018-02-19
CLT-0683;Juliana Ribeiro;90525659950;1992-03-14;;+55 51 93688-4812;Rio de Janeiro;RJ ;N/A;Varejo;2019-03-04
CLT-0259;Vinícius Oliveira Rodrigues;883.977.457-31;19/04/1973;vinicius.rodrigues18@bol.com.br;+55 21 96783-4971;Brasília;DF;50121.39;PREMIUM;2019-08-14
CLT-0208;  Vinícius Martins;863.715.974-12;1998-03-26;vinicius.martins43@bol.com.br;(11) 99005-1439;Recife;PE;R$ 54.677,79;Varejo;28/08/2023
CLT-0187;   Helena Lima;1837455084;20/01/59;helena.lima46@hotmail.com;;curitiba;PR;14.041,75;VAREJO;02-abr-2025
CLT-0097;César Cardoso;102.726.149-33;09/10/90;CESAR.CARDOSO@HOTMAIL.COM;+55 41 98488-4122;Salvador;ba;R$ 12.261,67;Varejo;18/04/2024
CLT-0238;Vera Araújo;891.649.837-35;1981-03-04;vera.araujo38@outlook.com;(71) 93550-8308;Curitiba;PR;8124.90;varejo;08/04/2023
CLT-0766;Juliana Silva;809.282.616-41;07/04/1951;juliana.silva7@yahoo.com.br;+55 41 99072-2221;Fortaleza;CE ;R$ 7571.97;Varejo;30/09/2015
CLT-0557;Mariana Dias Souza;63494290461;27/05/75;mariana.souza59@hotmail.com;(21) 99382-8231;RIO DE JANEIRO;RJ ;R$ 34.480,49;PREMIUM;2026-02-02
CLT-0280;Felipe Oliveira;943.535.375-13;10-mar-1984;felipe.oliveira69@gmail.com;71969292305;CAMPINAS;sp;38.893,17;Varejo;2023-02-15
CLT-0034;karina oliveira;779.979.955-27;1979-11-18;karina.oliveira83@hotmail.com;51955001920;Porto Alegre;rs;R$ 1.819,79;VAREJO;2025-05-10
CLT-0008;DÉBORA OLIVEIRA FERREIRA;824.493.534-87;27/03/98;DEBORA.FERREIRA84@BOL.COM.BR;11 925127939;Campinas;SP;R$ 7.176,97;varejo;25-06-2022
CLT-0411;Otávio Martins;273.008.69661;27/01/1967;otavio.martins70@hotmail.com;(71) 99255-4310;Vitória;es;1829.32;premium;06-07-2022
CLT-0655;Igor Rocha Barbosa;609.193.511-74;26/07/1966;igor.barbosa64@hotmail.com;+55 19 94603-8434;vitória;ES ;R$ 16122.76;Private;16/05/2024
CLT-0038;Karina Rodrigues Carvalho;051.522.047-27;14/04/1996;karina.carvalho58@outlook.com;(21) 91311-5193;Fortaleza;CE;R$ 34.958,46;Private;29/06/2024
CLT-0171;Débora Santos;864.079.056-96;16/12/1986;debora.santosgmail.com;81926394373;Recife;PE ;33.044,67;Premium;13/08/2022
CLT-0584;Fátima Moreira;914.016.933-28;15/04/1991;fatima.moreira91@hotmail.com;+55 51 99104-2156;florianópolis;SC;5.907,13;Varejo;16-03-2015
CLT-0442;Priscila Barbosa;14131935923;09/11/1973;priscila.barbosa62@hotmail.com;41 987847678;Campinas;sp;R$ 43.030,01;varejo;29/07/2020
CLT-0601;Marcos Monteiro;302.915.854-23;13/08/1969;marcos.monteiro21@bol.com.br;71971082130;Belo Horizonte;MG;29340.86;PRIVATE;2020-09-14
CLT-0802;Carla Ferreira;433.331.883-84;1959-02-25;carla.ferreiragmail.com;+55 21 93095-6899;belo horizonte;mg;2495,08;Varejo;14/04/2015
CLT-0256;Nicolas Campos;849.649.856-01;11/11/1964;nicolas.campos78@yahoo.com.br;(31) 96861-5019;Rio de Janeiro;RJ ;2244.49;varejo;06/05/2023
CLT-0012;Natália Rocha;936.763.201-63;18-jun-1975;natalia.rocha26@hotmail.com;+55 85 98611-1822;Florianópolis;SC;R$ 1353.74;varejo;2017-09-21
CLT-0203;Larissa Campos Freitas;50033423425;29/08/1970;larissa.freitas1@outlook.com;41 913523884;BELÉM;pa;R$ 25696.08;VAREJO;21-06-2015
CLT-0736;Igor Santos;769.584.442-02;11-fev-1986;igor.santos38@outlook.com;62934445113;São Paulo;SP;6263,95;Varejo;17-04-2019
CLT-0614;Isabela  Campos Teixeira;497.196.706-83;27/05/1968;isabela.teixeira74@outlook.com;;Manaus;AM;R$ 24.393,49;Premium;06-11-2022
CLT-0806;João Campos;48749391660;1951-05-30;joao.campos22@outlook.com;11911705953;são paulo;SP;6.455,65;VAREJO;07-07-2015
CLT-0633;Fátima Cardoso;9344212914;1979-05-03;fatima.cardoso97@yahoo.com.br;11 940483414;Recife;PE;R$ 10.151,88;PREMIUM;2026-01-25
CLT-0437;Vera Monteiro Santos;66984166123;30-mai-1978;vera.santos51@bol.com.br;(81) 98862-5360;Salvador;BA;22604,75;VAREJO;2022-03-25
CLT-0137;Wesley Teixeira;605.583.034-41;1961-08-21;wesley.teixeira38@hotmail.com;+55 61 91100-2865;Vitória;ES ;R$ 3.607,94;premium;27-08-2015
CLT-0451;NATÁLIA GOMES;93781053912;16-jul-1992;natalia.gomes86@outlook.com;+55 85 95185-9828;Manaus;AM;17910,22;Premium;18-jul-2024
CLT-0268;ana costa;97916202232;1956-01-10;ana.costa57@yahoo.com.br;(41) 98801-8871;Campinas;SP;4048.15;Premium;21/01/2026
CLT-0670;Gustavo Monteiro   ;921.773.516-68;20/08/03;gustavo.monteiro40@outlook.com;;Campinas;SP;3.240,24;VAREJO;2025-09-22
CLT-0787;Karina Silva;25723163160;1968-06-23;karina.silva64@gmail.com;(19) 99254-2258;VITÓRIA;es;R$ 33797.70;VAREJO;25/03/2016
CLT-0745;Ana Santos;498.121.300-88;23-10-1954;ana.santosgmail.com;85 959637151;Campinas;SP;53843.52;Varejo;2024-01-30
CLT-0551;Vera Freitas;2647528646;09/05/1966;vera.freitas13@bol.com.br;11979752973;Rio de Janeiro;RJ;29163.20;VAREJO;05/08/2015
CLT-0426;Renato Ferreira;2052229993;22-abr-1984;renato.ferreira61@hotmail.com;+55 62 97997-6356;CAMPINAS;SP;6.593,67;PRIVATE;19/10/2021
CLT-0516;Isabela Nascimento;373.615.873-66;1977-07-30;isabela.nascimento42@bol.com.br;+55 41 96712-9350;Vitória;ES;16.606,15;Varejo;02/07/2020
CLT-0218;Rafaela Dias;64027011686;18-04-1988;rafaela.dias94@gmail.com;(31) 93890-7138;Curitiba;pr;R$ 17.570,41;premium;29/11/2025
CLT-0747;Paulo Ribeiro;28267126937;2004-07-04;paulo.ribeiro36@gmail.com;;Rio de Janeiro;RJ;R$ 4.163,04;premium;18-04-2024
CLT-0646;paulo freitas   ;47053110583;10-12-1957;paulo.freitasgmail.com;;Goiânia;GO;13149.07;premium;20/04/2026
CLT-0697;Otávio Barbosa Barbosa;627.205.364-99;1969-08-30;otavio.barbosa3@outlook.com;31996956718;Rio de Janeiro;RJ ;44602.17;Varejo;11-06-2018
CLT-0552;KARINA DIAS SOUZA;7797247925;19/04/1978;karina.souza35@hotmail.com;(21) 99220-9933;campinas;SP ;4128,08;Premium;17-03-2022
CLT-0186;SOFIA MARTINS CARDOSO;39597246657;22-10-1970;sofia.cardoso83@outlook.com;+55 47 94394-5627;Campinas;SP;R$ 49.048,37;Varejo;30/10/2025
CLT-0124;MARCOS ALMEIDA SOUZA;170.586.509-48;23/08/1961;marcos.souza76@outlook.com;;Brasília;DF;R$ 4.493,25;premium;2020-03-07
CLT-0159;lucas gomes oliveira;04310385695;24-11-1966;lucas.oliveira67@gmail.com;81996869986;Salvador;BA;R$ 14.497,22;VAREJO;16/12/17
CLT-0563;Priscila Pereira;942.039.831-35;01-nov-2000;priscila.pereira30@yahoo.com.br;(47) 91315-2850;Brasília;DF;19064.66;Premium;2024-05-21
CLT-0166;Carla  Rocha Monteiro;249.552.893-89;12-06-1993;carla.monteiro2@gmail.com;+55 11 99664-4555;FLORIANÓPOLIS;SC;R$ 7640.44;Premium;08/11/18
CLT-0143;Vera Souza;78469973354;30/03/56;vera.souzagmail.com;;Belo Horizonte;MG;1.778,75;PREMIUM;2026-06-13
CLT-0387;Natália Freitas;300.730.950-55;17-04-1959;natalia.freitas9@hotmail.com;(61) 98593-2396;Vitória;ES;R$ 42.298,31;VAREJO;2017-08-12
CLT-0461;Eduarda Carvalho;67398344883;08-jun-1966;eduarda.carvalho98@hotmail.com;;Goiânia;go;13048.12;Private;2021-09-06
CLT-0780;Rafaela Campos;623.945.994-26;1996-03-12;rafaela.campos89@hotmail.com;(11) 96292-4380;São Paulo;SP ;R$ 38.609,80;VAREJO;22/01/2016
CLT-0013;Wesley Campos;143.455.812-23;15/09/1989;wesley.campos58@outlook.com;41920527797;Florianópolis;SC ;51.106,99;Premium;29/04/2024
CLT-0412;  Samuel Oliveira Gomes;053.440.777-94;01/01/1896;samuel.gomesgmail.com;81 932897606;Vitória;ES;27.835,98;PREMIUM;2017-12-01
CLT-0362;  Henrique Ribeiro Araújo;75504768169;30/08/1966;henrique.araujo48@hotmail.com;19990331447;São Paulo;sp;R$ 1968.33;premium;2016-12-12
CLT-0421;Wesley Souza   ;536.415.471-55;09/05/2006;wesley.souza77@yahoo.com.br;31 969984513;CURITIBA;PR ;4.396,17;Varejo;08/03/2017
CLT-0395;Thiago Ribeiro Souza;820.736.511-89;1983-04-10;THIAGO.SOUZA@HOTMAIL.COM;;Curitiba;pr;6252.98;VAREJO;07/09/2018
CLT-0413;Larissa Barbosa;25523561781;23/02/1994;larissa.barbosa3@yahoo.com.br;+55 31 92665-2287;SALVADOR;BA;;Varejo;28-11-2019
CLT-0227;NICOLAS NASCIMENTO PEREIRA;84872975859;13/03/1978;nicolas.pereira39@outlook.com;(21) 91732-4884;manaus;AM;R$ 4.272,21;varejo;30-out-2019
CLT-0019;vinícius oliveira;133.412.328-12;2000-06-30;vinicius.oliveira67@yahoo.com.br;(47) 98699-5771;GOIÂNIA;go;R$ 18.322,00;Varejo;05-05-2021
CLT-0667;YASMIN RIBEIRO FERREIRA;3788119389;25/10/1988;yasmin.ferreira47@outlook.com;(85) 93731-1775;Brasília;DF;R$ 36.576,71;VAREJO;2015-04-17
CLT-0007;Diego Teixeira   ;169.985.435-34;1955-02-17;diego.teixeira9@bol.com.br;;BRASÍLIA;DF ;R$ 7378.19;Varejo;2015-03-18
CLT-0703;Fátima Carvalho;896.763.536-73;1953-03-01;fatima.carvalho68@outlook.com;(61) 99637-7676;São Paulo;SP;R$ 18.846,38;varejo;15/11/2017
CLT-0728;VINÍCIUS MARTINS;505.349.419-71;1963-08-31;vinicius.martins17@outlook.com;;MANAUS;am;1811,65;varejo;2023-10-19
CLT-0483;Samuel Oliveira Oliveira;752.070.20426;1965-08-20;;(21) 99128-2574;Salvador;BA;3910.96;Varejo;11/05/2018
CLT-0471;Isabela Monteiro Oliveira;919.832.102-91;12/11/71;;(19) 92212-8695;Belo Horizonte;MG;43794,83;Varejo;01/12/15
CLT-0318;Eduarda Pereira;39587395923;24/08/1979;eduarda.pereira3@yahoo.com.br;31926531429;Belém;pa;R$ 3528.59;Varejo;20-11-2015
CLT-0475;César Almeida;45080959481;13/01/2007;cesar.almeida94@bol.com.br;71 933366293;Belém;PA ;17.682,72;Varejo;21/07/2023
CLT-0803;  Larissa Ribeiro;83792640532;1960-03-13;larissa.ribeiro38@outlook.com;19980239558;Curitiba;PR ;5104.44;Varejo;25-11-2020
CLT-0793;ÉRICO ROCHA;50811364034;1998-01-02;;85 954564093;Florianopolis;sc;R$ 3037.99;varejo;24/05/2025
CLT-0224;Marcos Campos Barbosa;44386125904;12/03/1970;;(31) 98239-8904;Florianópolis;sc;R$ 33.932,29;Varejo;22-11-2019
CLT-0538;Henrique Ribeiro Souza;1837530768;19/09/2003;henrique.souza20@hotmail.com;+55 51 99962-1244;São Paulo;SP;43523.15;Varejo;21-03-2023
CLT-0763;Lucas Dias Campos;506.179.06701;1973-08-01;lucas.campos19@yahoo.com.br;(31) 91633-1914;Curitiba;PR;6032,63;Varejo;02/09/2020
CLT-0690;Kevin Santos Dias   ;514.520.580-28;01-03-1994;kevin.dias35@bol.com.br;(11) 95719-1469;Goiânia;GO ;R$ 52202.46;Private;30/01/2019
CLT-0212;Diego Nascimento;060.053.131-22;1989-08-29;diego.nascimento7@bol.com.br;+55 61 96286-4105;Belém;pa;R$ 17205.37;Private;11/11/23
CLT-0746;Diego Rodrigues;18822063186;07/08/1956;diego.rodrigues32@yahoo.com.br;71 920344659;Curitiba;pr;R$ 3.183,37;Premium;10/04/2024
CLT-0297;Felipe Campos;432.447.417-59;20-04-1991;felipe.campos95@hotmail.com;(85) 98367-3793;FLORIANÓPOLIS;SC ;11444,92;varejo;26/08/2023
CLT-0015;Bruno Campos;37452991241;12/03/92;bruno.campos97@gmail.com;;Vitória;ES;R$ 4.397,12;Varejo;12/06/2020
CLT-0450;Renato Cardoso Barbosa;3069358824;23/11/1993;;(41) 96006-1193;Porto Alegre;rs;R$ 7105.38;Premium;2017-04-30
CLT-0042;  Érico Araújo Barbosa;102.786.814-47;1953-02-14;erico.barbosa48@outlook.com;(62) 99047-4279;Belo Horizonte;MG;9652,34;Premium;20/02/2025
CLT-0571;yasmin rocha;7669194896;2007-10-25;yasmin.rocha43@bol.com.br;85915567062;Campinas;SP;R$ 8.667,33;Premium;05/02/2015
CLT-0271;Yasmin Souza;130.205.698-15;13-08-1965;yasmin.souza57@outlook.com;(62) 99653-9129;Salvador;BA;R$ 6.839,69;Varejo;2025-08-16
CLT-0330;Mariana Teixeira Gomes;585.626.149-91;14/04/1964;mariana.gomes51@bol.com.br;(11) 95028-9978;Florianópolis;SC ;R$ 43918.78;Premium;2015-08-04
CLT-0617;Larissa Souza;0288141128;23/01/1979;larissa.souza13@bol.com.br;31 989392230;Brasília;DF;17802.96;PRIVATE;2024-10-12
CLT-0235;Érico Rodrigues Araújo;75541108255;07/10/2007;;(47) 99664-7088;Recife;PE;R$ 2.752,95;Varejo;13/08/2023
CLT-0191;Vinícius Gomes;110.627.371-58;1981-06-06;vinicius.gomes14@outlook.com;+55 71 95320-9172;Curitiba;pr;R$ 4366.50;premium;24-12-2025
CLT-0172;Marcos Nascimento;95419876351;07/02/1968;;51980929846;Porto Alegre;RS;3.491,70;PREMIUM;2020-08-20
CLT-0165;Wesley Dias;2798524013;14/02/2000;WESLEY.DIAS@HOTMAIL.COM;(41) 96036-3053;Belo Horizonte;mg;R$ 56936.39;VAREJO;2024-07-12
CLT-0121;DIEGO RODRIGUES;71837645208;09/02/1963;diego.rodrigues2@gmail.com;19958954255;FLORIANÓPOLIS;SC;R$ 6.716,07;Premium;20-nov-2019
CLT-0220;  Paulo Araújo;843.579.78630;13-abr-1978;paulo.araujo13@gmail.com;61 912726901;Salvador;BA ;R$ 6642.39;Varejo;2022-04-20
CLT-0216;Larissa Silva;732.300.85766;26-dez-1963;larissa.silva71@hotmail.com;61972929020;Fortaleza;CE;R$ 35005.88;Varejo;2016-08-06
CLT-0737;  Eduarda Gomes;9396061047;1991-06-14;EDUARDA.GOMES@HOTMAIL.COM;62 930332670;Curitiba;pr;2472,63;private;22-10-2017
CLT-0598;BRUNO NASCIMENTO LIMA;334.864.970-35;1958-10-26;bruno.lima16@gmail.com;81 993727779;Campinas;SP;4093.80;VAREJO;20-jan-2020
CLT-0296;Ana Rocha   ;044.851.57919;28/04/1996;ana.rocha94@outlook.com;(21) 93990-2415;Belo Horizonte;MG ;27.947,34;VAREJO;14-06-2015
CLT-0503;Isabela Carvalho;02665686295;23/09/2005;isabela.carvalho76@yahoo.com.br;61983434344;Vitória;ES;10.963,40;Premium;24/08/2018
CLT-0131;Vinícius Moreira Martins;2518812520;1987-06-11;vinicius.martins26@hotmail.com;+55 71 95970-8258;Recife;pe;6673,11;PREMIUM;20/02/2021
CLT-0528;Bruno Silva;009.169.23273;21-06-1955;bruno.silva76@gmail.com;+55 47 99715-8533;Curitiba;PR;2646.81;Varejo;16/09/2023
CLT-0225;Sofia Souza;63013674926;01-jul-1982;sofia.souza8@gmail.com;19 924688596;Curitiba;PR;19340.76;varejo;2021-03-04
CLT-0448;Felipe Pereira Teixeira;612.120.384-37;1993-03-03;;(62) 97322-9721;Campinas;SP;19.930,59;PREMIUM;14/10/2018
CLT-0468;Kevin Araújo;23621921581;10/09/62;kevin.araujo17@gmail.com;+55 62 91070-6997;Florianópolis;SC;4.015,40;Premium;2017-07-07
CLT-0223;Igor Martins;729.420.954-81;27-10-1984;igor.martins14@yahoo.com.br;47988364534;São Paulo;sp;11791.11;Premium;13/06/2023
CLT-0262;Gustavo Barbosa;743.251.22572;2005-08-23;gustavo.barbosa27@outlook.com;(71) 96473-1341;BRASÍLIA;df;R$ 6.676,34;VAREJO;22/09/2016
CLT-0622;Yasmin Freitas;78302801041;05/06/67;yasmin.freitas1@yahoo.com.br;62963974974;Salvador;BA ;34375.37;Varejo;31-10-2017
CLT-0512;Larissa Carvalho Campos;645.099.990-01;1975-01-19;larissa.camposgmail.com;+55 61 98859-4733;Goiânia;GO ;12.752,65;PREMIUM;31-03-2020
CLT-0158;NATÁLIA  ROCHA;793.355.486-40;02/12/1954;natalia.rocha83@bol.com.br;81 992159629;Rio de Janeiro;RJ ;17.282,91;Varejo;2021-07-22
CLT-0605;  Vinícius Costa;592.277.641-49;17/12/1988;vinicius.costa97@hotmail.com;;Vitória;ES ;50017.52;PREMIUM;03/07/2022
CLT-0587;Gustavo Rodrigues;49149860995;27/11/2006;gustavo.rodrigues76@hotmail.com;51 944003341;Brasília;DF ;47959.31;premium;15/10/2024
CLT-0376;Olívia Carvalho Rodrigues;661.945.887-07;03/02/1977;olivia.rodrigues54@gmail.com;(51) 99302-3718;Florianópolis;sc;R$ 15.680,27;Varejo;17/01/2021
CLT-0119;Priscila Ferreira;740.649.308-53;1993-03-18;;+55 71 95094-3675;Goiânia;GO ;3093.84;Premium;27/06/2023
CLT-0134;helena martins;51868926860;07/04/85;helena.martins33@outlook.com;47 934593656;BRASÍLIA;df;R$ 2.821,78;VAREJO;2016-02-25
CLT-0055;Carla Barbosa;83644089268;16-dez-1971;carla.barbosa30@bol.com.br;19972449592;Goiânia;GO;16.070,38;premium;07/05/2018
CLT-0414;Kevin Lima;48016440373;16-11-1961;kevin.lima70@outlook.com;(71) 98707-9752;Curitiba;PR ;R$ 16.711,84;varejo;22-05-2025
CLT-0525;Samuel Gomes;17948024559;02/05/2002;;(11) 93153-2732;Manaus;AM;5393.00;Private;03-mar-2022
CLT-0488;Vera Campos;720.217.075-48;06/07/1961;vera.campos67@bol.com.br;62977637070;São Paulo;SP;3187,89;PRIVATE;16/12/17
CLT-0739;Gabriela Rodrigues Araújo;744.999.870-93;29/03/1997;gabriela.araujo59@outlook.com;(41) 97441-5733;Porto Alegre;RS;11225,52;Varejo;27-jan-2024
CLT-0519;Otávio Freitas;84987455135;31/05/60;otavio.freitas6@yahoo.com.br;31990433019;Porto Alegre;RS;2389,65;Varejo;2015-06-24
CLT-0537;Kevin Freitas;785.501.137-53;27/11/2002;kevin.freitas20@outlook.com;;Florianópolis;SC;17.015,07;VAREJO;2024-12-13
CLT-0544;Otávio Monteiro   ;15976405356;14-08-1973;otavio.monteiro31@outlook.com;+55 85 98591-9188;CAMPINAS;SP;R$ 7.046,93;VAREJO;2018-07-24
CLT-0759;Otávio Martins;816.784.340-73;2004-11-01;otavio.martins74@yahoo.com.br;19926038634;Goiânia;go;50.253,12;VAREJO;03/05/2019
CLT-0642;bruno moreira;439.070.547-36;11/06/1951;bruno.moreira49@outlook.com;;curitiba;PR ;R$ 5.565,02;PREMIUM;26/02/2017
CLT-0424;Yasmin Martins;367.746.20258;02-07-1950;yasmin.martins37@outlook.com;;Vitória;es;R$ 35.433,03;varejo;25-11-2019
CLT-0565;  juliana freitas santos;17262829682;05-11-1995;juliana.santos81@outlook.com;51 996276345;Campinas;sp;;varejo;07/04/2025
CLT-0772;Samuel Dias   ;4829878192;25-10-1967;samuel.dias54@outlook.com;(81) 95184-9844;Goiania;GO;R$ 6.272,90;varejo;10/02/2015
CLT-0718;Eduarda Rodrigues Pereira;70051028745;22/04/1964;eduarda.pereira61@bol.com.br;+55 11 93410-3608;Fortaleza;CE;4851.88;Varejo;30/01/2015
CLT-0556;helena silva   ;500.953.723-46;13-03-1954;helena.silva88@yahoo.com.br;+55 19 93402-4652;Campinas;SP;R$ 54.812,34;VAREJO;12-06-2019
CLT-0374;Henrique Freitas;722.395.947-37;26/11/1997;henrique.freitas2@outlook.com;(41) 93655-1692;Rio de Janeiro;rj;3.181,90;Varejo;05/01/2015
CLT-0509;Paulo Barbosa Costa;83958558522;29/11/1964;paulo.costa61@hotmail.com;+55 19 96673-3292;Manaus;AM;R$ 6.380,42;Varejo;09/02/2024
CLT-0730;Felipe Gomes   ;38816878518;17/12/1953;felipe.gomes66@bol.com.br;+55 71 91749-6742;Florianópolis;SC;21530.60;Premium;25/07/2023
CLT-0615;Thiago Santos Freitas;841.016.79301;25/02/72;thiago.freitas86@yahoo.com.br;(21) 92699-7561;CAMPINAS;SP;R$ 3.133,11;varejo;11-11-2016
CLT-0309;Larissa Campos Santos;125.652.373-41;2004-06-15;larissa.santos92@bol.com.br;81 990535009;Porto Alegre;RS;R$ 17.449,08;PREMIUM;21/12/2024
CLT-0302;Ana Pereira;585.126.861-20;15/04/86;ana.pereira52@yahoo.com.br;47952244237;Rio de Janeiro;RJ;45364.69;varejo;2025-03-16
CLT-0232;Natália  Santos   ;18826170243;07/05/1977;natalia.santos39@outlook.com;61980173984;Goiânia;go;R$ 1.535,76;Varejo;2024-11-01
CLT-0310;Otávio Gomes Silva;643.039.429-04;2003-05-01;otavio.silva21@bol.com.br;+55 85 97649-8814;Fortaleza;CE ;R$ 5.638,78;Varejo;2022-09-20
CLT-0649;Bruno Oliveira;565.188.711-48;13/06/1978;bruno.oliveira50@outlook.com;(19) 96915-1714;Salvador;BA;6122.21;varejo;15/11/2020
CLT-0211;  César Campos;74220912418;12/03/1984;cesar.campos18@outlook.com;(19) 91183-5476;FORTALEZA;CE;5.589,10;Premium;10-11-2019
CLT-0047;Gabriela Barbosa;25952694958;1961-07-18;gabriela.barbosa52@bol.com.br;62 959118780;Brasília;DF;52.158,63;varejo;16-jun-2017
CLT-0026;Isabela Nascimento Souza;588.424.74517;25/08/1969;isabela.souza94@hotmail.com;(41) 97511-6992;Curitiba;PR ;4.828,00;premium;2020-12-06
CLT-0095;Isabela Dias;670.145.08993;1960-02-22;isabela.dias73@yahoo.com.br;+55 61 99504-9570;Goiânia;go;5208.88;Varejo;2024-09-15
CLT-0030;Isabela Rodrigues;657.661.56545;1955-11-23;isabela.rodrigues65@bol.com.br;81 920992494;Rio de Janeiro;rj;R$ 7.068,93;varejo;02-03-2017
CLT-0479;Mariana Barbosa;53322273938;29/11/1960;mariana.barbosa77@hotmail.com;+55 51 96957-8760;Belo Horizonte;mg;6340,25;premium;25-12-2019
CLT-0631;César Freitas;784.178.376-59;10-set-1990;cesar.freitas90@gmail.com;(41) 99581-3284;SÃO PAULO;sp;R$ 46.348,22;Varejo;2021-03-01
CLT-0443;CÉSAR FREITAS;96617718249;10-12-1985;cesar.freitas19@outlook.com;19916859957;Porto Alegre;RS;R$ 3938.13;Premium;24/01/15
CLT-0638;Érico Monteiro Barbosa;050.583.534-58;25/05/1993;erico.barbosa61@yahoo.com.br;61982043456;Campinas;sp;R$ 6.106,14;Varejo;15-mai-2020
CLT-0169;Henrique Rodrigues   ;87734778485;1959-09-11;henrique.rodrigues64@gmail.com;11 915178051;Brasília;DF;R$ 3.438,56;PREMIUM;04/02/2025
CLT-0462;Diego Carvalho;551.074.09131;19-dez-1979;diego.carvalho11@outlook.com;(81) 99315-7355;Belo Horizonte;MG ;R$ 3414.03;Varejo;06/06/2015
CLT-0595;Larissa Gomes;178.824.265-59;1987-09-06;larissa.gomes24@bol.com.br;;Florianópolis;SC;R$ 1.770,00;Private;27-04-2025
CLT-0284;Sofia Ribeiro;51315285478;15/04/1975;sofia.ribeiro16@yahoo.com.br;62961571628;VITÓRIA;es;R$ 9042.37;Premium;14/02/2022
CLT-0249;João Oliveira Rodrigues;67782659608;1974-03-18;joao.rodrigues86@outlook.com;+55 21 93369-6304;VITÓRIA;ES;18739,48;Varejo;05/02/2022
CLT-0751;LARISSA COSTA SILVA   ;29555100510;1998-11-15;larissa.silva33@gmail.com;+55 62 99810-5193;Recife;PE ;R$ 6.724,11;Premium;17/11/2018
CLT-0233;Ana Araújo;725.686.211-02;1988-12-07;ana.araujo43@gmail.com;+55 19 94874-1852;fortaleza;CE ;R$ 13.751,54;Varejo;2015-03-07
CLT-0372;vera dias;069.556.076-76;09/12/1956;vera.dias92@outlook.com;;Campinas;sp;R$ 5.207,50;Premium;19/07/2018
CLT-0700;Sofia Pereira;10011547734;31/10/1986;sofia.pereira63@yahoo.com.br;+55 19 92175-5299;Goiânia;GO ;6.622,70;Varejo;17/11/2018
CLT-0126;OLÍVIA ALMEIDA MARTINS;33441969315;09/06/1996;olivia.martins72@bol.com.br;(62) 92562-5921;São Paulo;SP;4196,22;varejo;23/07/2023
CLT-0100;Wesley Rocha;439.735.989-33;13/03/1959;wesley.rocha90@outlook.com;;BRASÍLIA;DF;999999999;Private;04/09/2017
CLT-0491;  Tatiane Oliveira;46652752332;23/04/1989;tatiane.oliveira20@hotmail.com;(41) 91152-3233;Florianópolis;SC;R$ 7.061,19;PREMIUM;02/06/2017
CLT-0628;Diego Souza;256.471.855-94;2002-06-27;diego.souza78@gmail.com;(47) 93336-4717;BELO HORIZONTE;MG;10205.69;Varejo;20-09-2022
CLT-0610;Gustavo  Gomes Freitas;734.985.297-35;29-04-1961;gustavo.freitas66@yahoo.com.br;;Recife;PE ;16.945,08;VAREJO;2022-06-16
CLT-0071;nicolas  lima oliveira;426.221.890-92;05-07-1988;nicolas.oliveira16@yahoo.com.br;+55 19 93480-7745;Goiânia;go;2.826,87;Varejo;15/11/2019
CLT-0219;Mariana Santos;377.100.409-01;27-08-1966;mariana.santos80@gmail.com;;Rio de Janeiro;rj;11.517,51;Varejo;2022-07-23
CLT-0210;Kevin Araújo Dias;032.484.137-68;08/09/2001;kevin.dias54@hotmail.com;21992646341;Belém;PA;R$ 6.279,81;Premium;2019-08-26
CLT-0278;Kevin Santos;32290310287;18/10/1950;kevin.santos36@bol.com.br;;Fortaleza;CE;R$ 13285.27;Varejo;09/10/2020
CLT-0320;Mariana Almeida;431.670.450-23;30/03/1987;mariana.almeida1@yahoo.com.br;+55 85 93551-3297;Salvador;BA ;18289.92;Premium;2016-05-16
CLT-0473;Sofia Ribeiro;25854218808;28/02/70;sofia.ribeiro50@hotmail.com;(47) 92607-7677;Goiânia;go;R$ 9.061,52;Varejo;23/12/21
CLT-0725;vera silva;06476144278;10-05-1972;vera.silva31@yahoo.com.br;(62) 96322-6211;Florianópolis;SC ;R$ 2013.78;VAREJO;16/05/2021
CLT-0361;Renato Rocha;13723081721;07/11/1972;renato.rocha48@bol.com.br;71959624428;BRASÍLIA;DF;R$ 17.832,33;PREMIUM;14/04/2019
CLT-0314;Natália Gomes;796.434.745-24;24/07/1977;natalia.gomes20@outlook.com;62961668368;Rio de Janeiro;rj;6.948,79;Varejo;10/05/2024
CLT-0392;Marcos Rodrigues;07819754373;14/12/1993;marcos.rodrigues96@yahoo.com.br;(81) 97399-5417;salvador;ba;R$ 9.325,00;Varejo;29/12/2017
CLT-0612;Kevin Nascimento Dias;61682497939;23/05/80;kevin.dias35@hotmail.com;(85) 92264-7803;campinas;SP;40008,45;VAREJO;20/03/2026
CLT-0606;renato barbosa lima;93251149788;27-04-1974;renato.lima97@hotmail.com;41 920403195;Manaus;am;;Varejo;24/03/2022
CLT-0146;DIEGO MARTINS;290.490.471-28;31-12-2004;diego.martins46@outlook.com;(51) 93171-5603;Brasília;DF ;R$ 19.074,37;Varejo;2017-07-02
CLT-0365;Lucas Rocha Almeida;605.080.184-98;09/11/60;lucas.almeidagmail.com;31 962354992;Brasília;df;4334,80;Varejo;2019-03-26
CLT-0294;renato ribeiro;0375830945;15/10/60;renato.ribeiro55@hotmail.com;(85) 91212-5473;Brasília;DF ;R$ 19.047,27;VAREJO;26/09/2025
CLT-0285;Fátima Ferreira Rocha;89320649693;2006-12-04;fatima.rocha17@hotmail.com;19 939505916;Brasília;DF;3899,20;Varejo;2025-11-17
CLT-0084;Tatiane Oliveira Lima;349.021.158-69;14/09/1958;tatiane.lima12@bol.com.br;;Goiânia;go;2152.56;Varejo;2025-08-25
CLT-0397;Otávio Dias;74549303646;1973-11-16;otavio.dias43@yahoo.com.br;;Rio de Janeiro;rj;R$ 42.691,74;VAREJO;2017-07-16
CLT-0016;  Carla Araújo;84987769453;09/10/2000;;+55 81 94995-8613;Florianópolis;SC;34487.52;Premium;18/07/2022
CLT-0125;Lucas Cardoso;975.585.566-59;2001-02-20;lucas.cardoso86@yahoo.com.br;;curitiba;pr;10.164,76;Premium;27/11/2023
CLT-0651;Rafaela Pereira;14469567406;1962-03-18;rafaela.pereira31@yahoo.com.br;(41) 96929-5979;Fortaleza;CE;11.459,36;varejo;14/09/2020
CLT-0004;  Otávio Silva Moreira;822.782.48963;18-09-1963;otavio.moreira40@hotmail.com;62942956107;Porto Alegre;rs;23426.14;premium;2023-05-18
CLT-0226;Felipe Souza   ;518.260.688-87;18-06-1960;felipe.souza36@gmail.com;;Fortaleza;CE;45783,87;Varejo;20/01/19
CLT-0270;Larissa Moreira;31177533126;1983-10-12;larissa.moreira42@bol.com.br;(21) 92014-5103;Rio de Janeiro;RJ;3401,43;VAREJO;2016-08-20
CLT-0264;Igor Araújo Almeida;56964430985;17/01/1982;igor.almeida81@bol.com.br;(81) 96685-5725;Recife;pe;N/A;Private;2025-06-17
CLT-0085;Carla Monteiro;63294511686;02/06/85;carla.monteiro58@hotmail.com;85 985061202;Curitiba;PR;3387.94;varejo;30/05/2024
CLT-0729;Igor Souza Campos   ;420.598.685-69;29/11/74;igor.campos47@yahoo.com.br;+55 51 94110-4535;curitiba;pr;20.031,03;Private;01/05/2026
CLT-0303;Vera Rocha Araújo;632.181.227-64;1993-12-04;vera.araujo23@outlook.com;+55 47 94999-9577;Fortaleza;CE;R$ 2.085,15;Varejo;29/04/2022
CLT-0493;bruno oliveira;775.461.992-40;2002-03-04;bruno.oliveira8@yahoo.com.br;(41) 99795-8220;Brasília;DF;30357.74;premium;30/04/2018
CLT-0036;Renato Rocha;148.652.816-85;24/06/1958;renato.rocha11@bol.com.br;(41) 96598-8967;Goiânia;GO ;R$ 46242.19;VAREJO;23/06/2018
CLT-0671;Ana Dias;236.540.181-44;09/05/1976;ana.dias13@bol.com.br;+55 85 95435-3544;Rio de Janeiro;rj;2455.46;varejo;2018-07-12
CLT-0673;Mariana Martins;95338619411;2007-09-08;;41 912664776;Vitória;ES;R$ 35.264,19;VAREJO;2021-04-16
CLT-0098;Kevin Rocha   ;699.586.69346;02-jun-1990;kevin.rocha56@bol.com.br;81931853263;Goiânia;GO;5787.50;Premium;28/06/2026
CLT-0236;Thiago Nascimento;85571617688;06/09/1953;thiago.nascimento39@yahoo.com.br;(51) 93112-5745;rio de janeiro;RJ;4.409,00;VAREJO;08-04-2019
CLT-0406;VERA MOREIRA;505.376.660-81;05/05/1969;VERA.MOREIRA@HOTMAIL.COM;11 916904161;recife;pe;R$ 31.757,94;Private;23/07/2019
CLT-0140;Priscila Martins Freitas;493.214.958-70;1978-10-15;;19918262735;Florianópolis;sc;R$ 10.478,93;varejo;16/10/2023
CLT-0727;lucas ferreira;160.232.510-71;12/07/1954;lucas.ferreira82@bol.com.br;85 991691887;Curitiba;pr;R$ 4358.95;Varejo;2020-12-25
CLT-0769;olívia dias;65974425269;31/08/1964;olivia.dias61@outlook.com;(19) 93715-1920;Salvador;BA;13.680,45;premium;14/07/2017
CLT-0796;Priscila Almeida Nascimento;4771158821;11-fev-1978;priscila.nascimento52@yahoo.com.br;(11) 99548-5548;Manaus;am;5996.58;Varejo;2015-01-17
CLT-0381;TATIANE MOREIRA MONTEIRO;758.446.634-53;24/01/1985;tatiane.monteiro21@bol.com.br;(31) 91602-2301;Vitória;es;16268,38;PREMIUM;24/04/2018
CLT-0106;Thiago Teixeira Barbosa   ;165.803.928-27;1951-09-03;thiago.barbosa70@yahoo.com.br;;Belém;PA;R$ 12.709,98;Varejo;08/12/2025
CLT-0195;  WESLEY MARTINS PEREIRA;788.614.057-86;11/07/1977;wesley.pereira53@outlook.com;(19) 94829-1305;Porto Alegre;rs;R$ 7737.10;PREMIUM;11/04/2017
CLT-0619;  Érico Gomes Lima;930.051.95675;24/12/77;erico.lima77@bol.com.br;41 969906964;salvador;BA;R$ 18.917,86;varejo;08/04/18
CLT-0369;Gustavo Lima;778.948.96340;1972-01-14;gustavo.limagmail.com;81927708804;Goiânia;GO ;R$ 1.573,74;varejo;18/02/2018
CLT-0569;otávio  barbosa pereira;92998335876;1962-02-07;otavio.pereira10@yahoo.com.br;81983884068;Campinas;sp;12898.18;varejo;12/04/2015
CLT-0400;  Wesley Santos Martins;84826691362;1963-07-06;;61970541802;Brasília;DF;11135,42;Premium;02-06-2023
CLT-0734;Thiago Cardoso;00091435294;24/07/2000;thiago.cardoso18@outlook.com;(11) 99056-5554;São Paulo;SP;R$ 8158.28;Varejo;04/04/2024
CLT-0221;Felipe Araújo;487.271.783-33;16/12/04;felipe.araujo94@yahoo.com.br;62924652728;Curitiba;PR;1946.50;varejo;05/08/18
CLT-0701;Samuel Nascimento Campos;095.794.758-16;01/01/1986;samuel.campos60@hotmail.com;85 953002926;Salvador;BA ;10.853,45;Private;06/05/2020
CLT-0074;Marcos Araújo;177.850.792-52;12/09/1964;marcos.araujo35@gmail.com;+55 47 92889-4742;manaus;AM;;varejo;26/06/2020
CLT-0213;Yasmin Silva Barbosa;924.195.62525;1981-12-28;yasmin.barbosa6@gmail.com;+55 21 96490-1289;Rio de Janeiro;RJ;3.248,01;premium;2023-07-30
CLT-0321;Wesley Ribeiro;495.005.070-26;07/05/1983;wesley.ribeiro86@hotmail.com;(47) 99604-3781;Curitiba;PR ;N/A;VAREJO;2017-01-24
CLT-0484;Gustavo Carvalho;075.988.978-65;2005-08-26;gustavo.carvalho22@yahoo.com.br;(41) 96058-4326;Curitiba;PR;R$ 5.677,43;VAREJO;29/07/2023
CLT-0641;joão dias;61997165965;1954-04-24;joao.dias7@outlook.com;(81) 97663-5849;BELÉM;PA;46488.61;VAREJO;2023-06-21
CLT-0057;Nicolas Barbosa;355.609.32048;2004-03-23;nicolas.barbosa34@outlook.com;(71) 95836-3497;Florianópolis;sc;R$ 59.252,74;Premium;2020-07-06
CLT-0133;Gustavo Moreira;08680347644;1978-01-27;;;São Paulo;SP;5.556,05;Varejo;17/02/2025
CLT-0682;Helena  Ribeiro Santos;561.199.89965;05/03/1966;helena.santos34@yahoo.com.br;(21) 96214-9231;Recife;PE ;R$ 7997.93;PREMIUM;2021-03-16
CLT-0741;Ana Nascimento Ferreira;493.307.811-17;24-08-1995;ana.ferreira60@gmail.com;(71) 91853-1598;Recife;PE ;;Premium;04/01/2021
CLT-0081;Otávio Araújo;953.926.44220;14/12/59;otavio.araujo18@hotmail.com;+55 71 91530-3983;Belo Horizonte;mg;R$ 15671.19;varejo;2019-12-15
CLT-0458;João  Costa;247.282.895-40;2001-11-08;joao.costa9@yahoo.com.br;(19) 99465-3994;Florianópolis;SC;R$ 1.783,03;Varejo;24/02/2025
CLT-0513;Felipe Cardoso;857.595.828-19;17/07/1958;felipe.cardoso95@bol.com.br;+55 81 98581-9827;Goiânia;go;56037,76;Varejo;29-08-2016
CLT-0714;Karina Barbosa;606.699.261-38;1963-08-11;;+55 85 98804-1553;Brasília;DF;58265,53;Varejo;19/11/24
CLT-0724;Henrique Freitas Carvalho;33598474229;17/10/1979;henrique.carvalho43@yahoo.com.br;+55 19 96292-7836;Goiânia;GO;R$ 18545.62;VAREJO;17-10-2025
CLT-0329;PAULO RODRIGUES;71559835411;12/08/1981;paulo.rodrigues27@bol.com.br;(81) 94050-7270;Porto Alegre;RS ;11862,57;Premium;20/11/2025
CLT-0307;Kevin Gomes;093.299.81996;24/05/1994;kevin.gomes43@yahoo.com.br;+55 41 93727-8731;Brasília;DF;R$ 43206.31;Private;06-07-2015
CLT-0508;Yasmin Araújo Moreira;74764845593;24/11/1983;yasmin.moreira24@hotmail.com;(21) 94797-9755;salvador;BA;;Varejo;28/01/2018
CLT-0560;Renato Oliveira Araújo;845.078.604-35;14/10/61;renato.araujo78@bol.com.br;(11) 96528-1598;Porto Alegre;RS;R$ 3.769,15;Varejo;27/12/20
CLT-0554;Natália Rodrigues Barbosa;018.256.247-28;1962-02-09;natalia.barbosa82@outlook.com;(51) 93953-1208;Salvador;BA;R$ 3860.69;varejo;24/08/2018
CLT-0132;Sofia Moreira Ferreira   ;330.604.633-31;08-mai-1952;sofia.ferreira18@bol.com.br;81 990276323;CURITIBA;pr;27359,06;Varejo;2024-08-03
CLT-0546;Ana Almeida;068.017.70316;2001-11-28;ana.almeida73@bol.com.br;;Belo Horizonte;MG;R$ 27.375,39;varejo;13/06/2019
CLT-0046;Yasmin Almeida;974.801.624-56;2001-10-29;;+55 47 94189-6939;Vitória;ES ;R$ 19.600,24;Varejo;2026-04-23
CLT-0726;JOÃO CAMPOS;925.287.835-73;17-09-2003;joao.campos74@hotmail.com;(85) 92615-4626;curitiba;PR;R$ 2668.34;varejo;19/03/2020
CLT-0388;Wesley Santos;456.185.174-46;29-set-1960;;61 940272524;Fortaleza;CE ;R$ 15977.88;premium;31/03/2017
CLT-0389;   Henrique Pereira;160.461.540-21;23/07/78;henrique.pereira98@bol.com.br;(11) 92750-8814;Rio de Janeiro;RJ ;8955,96;PRIVATE;2024-02-08
CLT-0446;IGOR RODRIGUES PEREIRA;38906235466;12/09/88;igor.pereira97@yahoo.com.br;+55 31 97860-6513;Porto Alegre;RS;R$ 14.854,52;premium;2023-11-23
CLT-0485;KARINA SOUZA TEIXEIRA;876.448.676-49;1966-04-20;karina.teixeira37@bol.com.br;51 924587877;CURITIBA;PR ;2.708,18;Varejo;2022-10-18
CLT-0407;FÁTIMA COSTA;682.938.440-13;1952-06-12;fatima.costa33@outlook.com;85983304179;Recife;PE;R$ 2.082,75;varejo;2018-01-23
CLT-0452;Diego Gomes;23839728339;23/09/2003;diego.gomes58@hotmail.com;21991911492;Brasília;df;54473,92;Premium;18-set-2019
