ID TRANSACAO,id conta,Data/Hora,Tipo Transação,VALOR,Canal,Descrição
TRX001982,CT-00883,2026-06-18 10:29,DOC,R$ 1360.90,AGENCIA,PAG*MercadoLivre
TRX001610,CT-00763,18-01-2026,TED,"R$ 11.721,33",APP,AMAZON MKTPLACE
TRX001847,CT-00746,15/12/2025,saque,-660.56,APP,TARIFA PACOTE SERVICOS
TRX000275,CT-00933,01/03/2026,Pagamento,"R$ 37,87",AGENCIA,IFOOD *IFOOD
TRX001131,CT-00865,2026-07-29 06:24,Saque,"R$ 273,08",agencia,FARMACIA SAO JOAO
TRX001595,CT-00525,08/06/2026 12:25,TED,"R$ 905,71",,UBER *TRIP
TRX000546,CT-00215,2026-04-11,Débito Cartão,413.35,agencia,PAG*MercadoLivre
TRX001194,CT-00678,15-mar-2026 04:18,Compra Débito,"218,84",,  PADARIA DO ZE  
TRX000596,CT-00301,2026-06-09,DEPOSITO,R$ 88.08,AGENCIA,RENDIMENTO POUPANCA
TRX001069,CT-00316,28/06/2026,debito cartao,"12.056,09",,PAG*MercadoLivre
TRX000012,CT-00485,2026-05-22,Pix,"846,88",APP,UBER *TRIP
TRX000076,CT-00128,24-09-2025 13:53,Boleto,-253.94,caixa eletronico,  PADARIA DO ZE  
TRX000821,CT-00946,19/08/2025 23:21,Boleto,"286,72",,  PADARIA DO ZE  
TRX000360,CT-00341,2025-09-14 08:29,saque,"R$ 10,63",App,  PADARIA DO ZE  
TRX001874,CT-00118,2025-12-02,Boleto,"234,28",agencia,TARIFA PACOTE SERVICOS
TRX001881,CT-00841,25/09/2025,boleto,,Aplicativo,AMAZON MKTPLACE
TRX000360,CT-00341,2025-09-14 08:29,saque,"R$ 10,63",App,  PADARIA DO ZE  
TRX000522,CT-00279,12/12/2025,BOLETO,6377.57,APP,PAG*MercadoLivre
TRX001969,CT-00032,03-11-2025 23:57,Boleto,"R$ 93,81",ATM,TARIFA PACOTE SERVICOS
TRX001164,CT-00201,27/05/2026 16:04,Boleto,"R$ 1.376,49",caixa eletronico,FOLHA PAGAMENTO
TRX000474,CT-00829,2025-12-06 04:59,PIX,"-1.363,15",caixa eletronico,TARIFA PACOTE SERVICOS
TRX001621,CT-00872,15/04/2026,boleto,"-113,80",IB,RENDIMENTO POUPANCA
TRX000324,CT-00518,2025-11-06 23:06,TED,R$ 14149.13,App,  PADARIA DO ZE  
TRX000210,CT-00330,14/07/2026 19:06,Compra Débito,41.77,Aplicativo,PIX QR CODE
TRX000274,CT-00758,07/11/2025,Débito Cartão,"245,97",ATM,TARIFA PACOTE SERVICOS
TRX000989,CT-00723,2025-11-03 16:40,Pix,"R$ 1.876,54",APP,PAG*MercadoLivre
TRX000356,CT-00079,01-04-2026,pagto,"R$ 155,69",,TARIFA PACOTE SERVICOS
TRX001623,CT-00595,2026-04-05 23:27,saque,R$ 206.87,,SUPERMERCADO BOM PRECO
TRX001252,CT-00453,24/02/2026 10:14,Depósito,23.62,internet banking,POSTO SHELL BR
TRX002055,CT-00455,2026-02-01 23:51,TED,"R$ 44,50",Internet Banking,RENDIMENTO POUPANCA
TRX001893,CT-00726,2026-07-18,Boleto,R$ 282.94,Caixa Eletrônico,UBER *TRIP
TRX000517,CT-00699,09/02/2026 23:20,PIX,"R$ 18,11",App,IFOOD *IFOOD
TRX001387,CT-00497,24/06/2026 17:38,Débito Cartão,"816,40",caixa eletronico,IFOOD *IFOOD
TRX000393,CT-00245,01/06/2026,BOLETO,12275.67,Agência,TARIFA PACOTE SERVICOS
TRX001935,CT-00003,31/01/2026 20:58,deposito,"R$ 99,78",agencia,PIX QR CODE
TRX001157,CT-00450,01/09/2025 19:33,Pagamento,"R$ 197,88",caixa eletronico,PIX QR CODE
TRX001567,CT-00947,2026-01-28,ted,"154,98",AGENCIA,AMAZON MKTPLACE
TRX000226,CT-00803,01/08/2025,Pagamento,N/A,,IFOOD *IFOOD
TRX000697,CT-00496,10/10/25,DEPOSITO,"152,85",app,RENDIMENTO POUPANCA
TRX000498,CT-00173,23/05/2026 08:50,saque,"-114,98",AGENCIA,IFOOD *IFOOD
TRX000794,CT-00788,10/07/2026 03:27,Saque,"270,58",APP,RENDIMENTO POUPANCA
TRX000743,CT-00812,2026-07-07,TED,R$ 408.06,Aplicativo,UBER *TRIP
TRX000351,CT-00538,13/04/2026,pagto,"R$ 14.781,39",App,FOLHA PAGAMENTO
TRX000114,CT-00531,07/04/26 06:05,DEPOSITO,3395.60,,TARIFA PACOTE SERVICOS
TRX000079,CT-00732,14-12-2025,BOLETO,R$ 150.36,agencia,IFOOD *IFOOD
TRX001420,CT-00116,14/12/2025,DOC,"5.848,44",internet banking,IFOOD *IFOOD
TRX001468,CT-00570,02/12/2025 20:08,boleto,"14746,09",ATM,NETFLIX.COM
TRX000709,CT-00434,03/01/2026,deposito,"R$ 170,80",agencia,POSTO SHELL BR
TRX001479,CT-00053,05/02/2026,Depósito,"787,63",Agência,FOLHA PAGAMENTO
TRX001613,CT-00385,10/08/2026,PIX,R$ 48.26,agencia,AMAZON MKTPLACE
TRX000459,CT-00700,10/05/2026 10:40,debito cartao,"319,34",agencia,TRANSF ENTRE CONTAS
TRX001825,CT-00628,15-jun-2026 04:16,ted,"15,65",internet banking,TRANSF ENTRE CONTAS
TRX001695,CT-00782,13/09/2025 07:45,PIX,"R$ 14,95",Agência,
TRX001250,CT-00730,31/01/26,Saque,248.71,Aplicativo,FOLHA PAGAMENTO
TRX000873,CT-00481,08/02/26,PIX,"-120,13",internet banking,PIX QR CODE
TRX001321,CT-00493,28-abr-2026 14:07,DOC,-3807.56,AGENCIA,FOLHA PAGAMENTO
TRX000974,CT-00344,2025-12-21 20:21,DEPOSITO,"R$ 201,82",App,TARIFA PACOTE SERVICOS
TRX000424,CT-00558,2025-12-21,BOLETO,504.92,ATM,SUPERMERCADO BOM PRECO
TRX001837,CT-00858,15-03-2026,pix,"-29.548,00",Internet Banking,RENDIMENTO POUPANCA
TRX000871,CT-00571,2026-04-22,PIX,"223,02",app,NETFLIX.COM
TRX000287,CT-00575,15-ago-2025,boleto,67.57,app,PAG*MercadoLivre
TRX001795,CT-00183,08-09-2025 07:46,debito cartao,"254,60",APP,IFOOD *IFOOD
TRX000244,CT-00720,13/11/2025,pix,"-262,29",app,TRANSF ENTRE CONTAS
TRX001540,CT-00285,2026-01-19,saque,97.93,AGENCIA,PAG*MercadoLivre
TRX001665,CT-00752,2026-01-11,ted,"R$ 122,09",app,SUPERMERCADO BOM PRECO
TRX001409,CT-00286,12/06/2026,DEPOSITO,"128,39",Agência,
TRX000532,CT-00043,27/04/2026 21:19,debito cartao,"1.725,97",app,PIX QR CODE
TRX000852,CT-00101,19/01/2026 21:05,Compra Débito,"R$ 274,26",app,UBER *TRIP
TRX000201,CT-00194,05/02/26,Pagamento,"R$ 646,20",app,PIX QR CODE
TRX001782,CT-00752,23-11-2025,Boleto,1166.49,app,SUPERMERCADO BOM PRECO
TRX000874,CT-00462,2025-08-11 08:42,pagto,"R$ 700,53",Agência,PAG*MercadoLivre
TRX000824,CT-00829,2026-03-02 04:10,BOLETO,21293.06,Aplicativo,PIX QR CODE
TRX001032,CT-00130,2025-08-20,ted,R$ 262.10,Agência,POSTO SHELL BR
TRX001704,CT-00892,21/05/2026,pix,"R$ 29,47",Agência,FARMACIA SAO JOAO
TRX001857,CT-00934,2025-10-13 18:19,Pix,"-248,97",app,
TRX000803,CT-00093,17-09-2025 17:24,Depósito,9324.62,Agência,PIX QR CODE
TRX002012,CT-00366,21/09/2025,pagto,"R$ 210,63",APP,FOLHA PAGAMENTO
TRX001990,CT-00042,07/12/2025 17:55,Débito Cartão,"42,73",caixa eletronico,
TRX001536,CT-00018,12/06/2026 15:13,PIX,"R$ 1.390,14",IB,AMAZON MKTPLACE
TRX000085,CT-00407,10/09/2025,PIX,"-26,60",APP,RENDIMENTO POUPANCA
TRX002007,CT-00588,11/06/26,Débito Cartão,"R$ 11.357,75",App,FARMACIA SAO JOAO
TRX000222,CT-00119,2025-12-02 08:45,pix,"-98,50",app,TARIFA PACOTE SERVICOS
TRX000583,CT-00772,16/11/25,ted,"66,88",ATM,PIX QR CODE
TRX001049,CT-00947,27/08/2025 00:32,Compra Débito,"263,18",IB,POSTO SHELL BR
TRX000683,CT-00248,13/09/25,DEPOSITO,"1.997,66",Caixa Eletrônico,TARIFA PACOTE SERVICOS
TRX000741,CT-00543,04/09/2025,Pix,"553,61",Internet Banking,RENDIMENTO POUPANCA
TRX000416,CT-00707,13-06-2026 00:03,deposito,"291,60",app,PIX QR CODE
TRX000837,CT-00106,2025-09-26,PIX,"-120,94",caixa eletronico,POSTO SHELL BR
TRX001516,CT-00554,09-03-2026,boleto,"901,43",,FARMACIA SAO JOAO
TRX000130,CT-00383,31-jul-2026,Saque,"-4.898,42",AGENCIA,AMAZON MKTPLACE
TRX000822,CT-00270,21/12/2025,Compra Débito,-340.73,APP,SUPERMERCADO BOM PRECO
TRX001752,CT-00600,2025-10-19,PIX,"178,04",,UBER *TRIP
TRX001801,CT-00440,2026-02-25,pix,"296,65",agencia,PIX QR CODE
TRX001460,CT-00430,15/11/2025 02:31,saque,-165.35,App,
TRX001217,CT-00138,2026-01-02,Débito Cartão,-94.19,internet banking,TARIFA PACOTE SERVICOS
TRX000342,CT-00082,07/08/26,DOC,1695.63,Internet Banking,  PADARIA DO ZE  
TRX001085,CT-00805,18-03-2026,Débito Cartão,"R$ 2.204,28",IB,SUPERMERCADO BOM PRECO
TRX000080,CT-00121,2025-10-29,DOC,-77.31,ATM,TRANSF ENTRE CONTAS
TRX001094,CT-01028,2025-11-03,Depósito,"R$ 13.260,04",IB,UBER *TRIP
TRX001720,CT-00235,14-08-2025 04:59,DEPOSITO,"172,88",IB,POSTO SHELL BR
TRX002057,CT-00188,2025-08-03,Boleto,"114,46",Agência,TRANSF ENTRE CONTAS
TRX000340,CT-00232,12/12/2025,Pix,"R$ 88,92",APP,FOLHA PAGAMENTO
TRX000838,CT-00140,21/04/2026,Saque,"R$ 262,31",App,AMAZON MKTPLACE
TRX001626,CT-00793,13/08/2025,Pagamento,"984,54",Agência,SUPERMERCADO BOM PRECO
TRX001040,CT-00766,15/02/2026,ted,"114,21",Aplicativo,SUPERMERCADO BOM PRECO
TRX000266,CT-00822,2026-05-12,ted,"8.851,38",internet banking,SUPERMERCADO BOM PRECO
TRX000916,CT-00243,08/02/2026,saque,-282.55,IB,FARMACIA SAO JOAO
TRX000095,CT-00721,02/12/25,DOC,"R$ 187,88",App,PAG*MercadoLivre
TRX000763,CT-00811,02/04/2026 00:02,saque,"194,74",Aplicativo,FARMACIA SAO JOAO
TRX001659,CT-00020,13-04-2026,Compra Débito,"R$ 121,00",app,IFOOD *IFOOD
TRX000702,CT-00681,07/06/2026 13:55,Compra Débito,"R$ 573,20",Caixa Eletrônico,TARIFA PACOTE SERVICOS
TRX001500,CT-00502,25/02/2026,deposito,"R$ 41,19",AGENCIA,SUPERMERCADO BOM PRECO
TRX000374,CT-00330,21-12-2025 18:23,Saque,58.84,agencia,
TRX000139,CT-00444,13/07/26 05:04,Compra Débito,234.77,IB,TARIFA PACOTE SERVICOS
TRX000212,CT-00898,21-mar-2026,Pagamento,"R$ 264,23",caixa eletronico,IFOOD *IFOOD
TRX001930,CT-00247,21-09-2025 00:39,Compra Débito,"-6.649,34",IB,FARMACIA SAO JOAO
TRX000988,CT-00710,15-ago-2026,DOC,"R$ 241,52",Agência,AMAZON MKTPLACE
TRX000024,CT-00502,28/10/2025 16:09,pix,-1612.20,app,
TRX001036,CT-00564,26/03/2026 02:22,Boleto,"R$ 178,93",,NETFLIX.COM
TRX001494,CT-00262,2025-08-29,Saque,R$ 287.48,Caixa Eletrônico,TARIFA PACOTE SERVICOS
TRX000568,CT-00100,09/07/2026,deposito,"58.105,68",Internet Banking,RENDIMENTO POUPANCA
TRX000185,CT-00354,23-05-2026 23:11,Compra Débito,"R$ 132,14",Aplicativo,  PADARIA DO ZE  
TRX001797,CT-00599,06/08/2025 20:23,Débito Cartão,"619,98",AGENCIA,SUPERMERCADO BOM PRECO
TRX000293,CT-00537,2026-02-26,debito cartao,R$ 163.38,internet banking,RENDIMENTO POUPANCA
TRX000753,CT-00562,29/01/2026 19:54,DEPOSITO,"R$ 540,92",app,FOLHA PAGAMENTO
TRX000870,CT-00365,2026-01-26,TED,"-7.592,23",,IFOOD *IFOOD
TRX000038,CT-00150,27/08/25 07:38,debito cartao,0,IB,FOLHA PAGAMENTO
TRX001420,CT-00116,14/12/2025,DOC,"5.848,44",internet banking,IFOOD *IFOOD
TRX001288,CT-00695,2026-04-16 03:25,BOLETO,75156.79,APP,AMAZON MKTPLACE
TRX000077,CT-00287,2026-01-01 22:37,debito cartao,-1803.51,AGENCIA,NETFLIX.COM
TRX001227,CT-00426,21/06/26 05:54,saque,R$ 9908.32,AGENCIA,POSTO SHELL BR
TRX001970,CT-00513,30-04-2026 07:52,Débito Cartão,26.03,Internet Banking,NETFLIX.COM
TRX001310,CT-00696,27/05/26,saque,"647,62",agencia,TARIFA PACOTE SERVICOS
TRX000508,CT-00520,05/01/2026,boleto,"202,60",caixa eletronico,AMAZON MKTPLACE
TRX001663,CT-00552,02/09/2025 20:00,Pagamento,"128,33",APP,RENDIMENTO POUPANCA
TRX001767,CT-00997,28/11/2025,Saque,"R$ 1.291,73",Caixa Eletrônico,NETFLIX.COM
TRX001284,CT-00706,30/06/2026,Pix,"-505,17",APP,PAG*MercadoLivre
TRX001206,CT-00817,05-jan-2026 21:26,boleto,"R$ 661,82",ATM,IFOOD *IFOOD
TRX001450,CT-00134,2026-03-20,DOC,"1.978,69",Internet Banking,RENDIMENTO POUPANCA
TRX001066,CT-00200,2025-09-25 11:07,TED,R$ 1301.34,Agência,UBER *TRIP
TRX001641,CT-00741,27-jan-2026 00:47,Débito Cartão,"-1.522,34",Internet Banking,UBER *TRIP
TRX001673,CT-00324,09/07/2026,pix,"8,66",Aplicativo,IFOOD *IFOOD
TRX001019,CT-00349,03/03/2026,saque,"R$ 1.548,55",AGENCIA,AMAZON MKTPLACE
TRX002017,CT-00182,16/01/2026 09:59,pagto,"657,73",Agência,TRANSF ENTRE CONTAS
TRX000074,CT-00161,26/04/2026,ted,"4036,86",agencia,TARIFA PACOTE SERVICOS
TRX001277,CT-00122,05/08/2025,saque,-219.01,app,RENDIMENTO POUPANCA
TRX002001,CT-00116,02/08/2026 00:10,boleto,N/A,caixa eletronico,UBER *TRIP
TRX001282,CT-00501,2025-10-10,boleto,"R$ 472,30",Aplicativo,RENDIMENTO POUPANCA
TRX001446,CT-00070,2025-10-28,PIX,188.99,IB,UBER *TRIP
TRX000473,CT-00590,03-04-2026 10:45,Pagamento,"R$ 10.793,00",agencia,  PADARIA DO ZE  
TRX002083,CT-00732,05-12-2025 04:19,pagto,"-28,60",app,NETFLIX.COM
TRX000560,CT-00555,01/01/2026,DEPOSITO,"R$ 66,65",App,TARIFA PACOTE SERVICOS
TRX001634,CT-00780,01/09/2025,Depósito,"1.776,32",Agência,
TRX001836,CT-00625,2025-11-01,deposito,"R$ 12.973,49",app,PIX QR CODE
TRX002073,CT-00209,2026-07-07,debito cartao,R$ 138.47,Caixa Eletrônico,TRANSF ENTRE CONTAS
TRX002097,CT-00600,03/08/2026 16:08,DOC,459.70,Internet Banking,TRANSF ENTRE CONTAS
TRX000068,CT-00410,19/11/2025,Débito Cartão,0,caixa eletronico,  PADARIA DO ZE  
TRX002047,CT-00834,04/10/25,Saque,"-939,07",AGENCIA,NETFLIX.COM
TRX001661,CT-00513,19-fev-2026,TED,110.23,ATM,AMAZON MKTPLACE
TRX001690,CT-00153,09/11/2025 22:56,ted,"R$ 100,69",App,UBER *TRIP
TRX001268,CT-00855,15/08/25,Depósito,R$ 26861.18,Aplicativo,PAG*MercadoLivre
TRX001504,CT-00919,10/08/2026,debito cartao,"-9.367,92",IB,TARIFA PACOTE SERVICOS
TRX000793,CT-00686,29/10/2025,TED,"176,74",app,  PADARIA DO ZE  
TRX000320,CT-00361,03/03/2026,pagto,N/A,internet banking,FOLHA PAGAMENTO
TRX001207,CT-00029,07-09-2025,BOLETO,"R$ 30,66",AGENCIA,PIX QR CODE
TRX001688,CT-00001,2026-06-01 10:03,Pix,R$ 1321.29,Caixa Eletrônico,POSTO SHELL BR
TRX000253,CT-00180,2025-11-16 13:14,Depósito,127.25,agencia,IFOOD *IFOOD
TRX000227,CT-00016,18/11/2025 04:42,saque,"R$ 6.653,33",,POSTO SHELL BR
TRX000177,CT-01000,10/05/2026,ted,"118,83",App,FARMACIA SAO JOAO
TRX000825,CT-00409,25-07-2026 12:23,Débito Cartão,291.29,,AMAZON MKTPLACE
TRX001222,CT-00296,23-08-2025,pix,"60295,61",App,FARMACIA SAO JOAO
TRX001033,CT-00903,08-fev-2026,pix,"-194,62",Internet Banking,  PADARIA DO ZE  
TRX001506,CT-00665,25-jan-2026 17:32,pix,"R$ 30,60",,RENDIMENTO POUPANCA
TRX000184,CT-00165,04/07/2026,Depósito,"R$ 4.833,00",APP,RENDIMENTO POUPANCA
TRX001084,CT-00959,2026-07-14,debito cartao,257.57,internet banking,NETFLIX.COM
TRX000837,CT-00106,2025-09-26,PIX,"-120,94",caixa eletronico,POSTO SHELL BR
TRX000052,CT-00956,2026-07-27 07:51,Saque,"56,45",APP,NETFLIX.COM
TRX000882,CT-00225,25/02/2026,DEPOSITO,"8.132,38",IB,SUPERMERCADO BOM PRECO
TRX001037,CT-00899,28/12/2025,debito cartao,"R$ 57,16",AGENCIA,FOLHA PAGAMENTO
TRX001354,CT-00690,2026-04-10 23:41,PIX,R$ 22779.87,ATM,SUPERMERCADO BOM PRECO
TRX000656,CT-00542,2025-09-28 15:04,PIX,"2.508,19",App,SUPERMERCADO BOM PRECO
TRX001102,CT-00038,12/10/2025,deposito,"R$ 1.964,99",Internet Banking,RENDIMENTO POUPANCA
TRX001541,CT-00363,02-03-2026 04:00,boleto,"-27.356,94",agencia,TRANSF ENTRE CONTAS
TRX000889,CT-00363,06/08/25 16:34,Pix,"270,03",caixa eletronico,FOLHA PAGAMENTO
TRX000748,CT-00708,12/06/2026 08:50,DEPOSITO,"116,14",internet banking,AMAZON MKTPLACE
TRX001788,CT-00174,04-09-2025,Depósito,"1.575,07",agencia,PIX QR CODE
TRX002036,CT-00952,2025-11-25,DEPOSITO,"252,61",App,NETFLIX.COM
TRX000708,CT-00599,25/05/26,Saque,94.91,Agência,TRANSF ENTRE CONTAS
TRX000250,CT-00586,13/05/26,Débito Cartão,"-5669,73",app,FARMACIA SAO JOAO
TRX000259,CT-00993,2025-09-10,Compra Débito,"-144,92",app,SUPERMERCADO BOM PRECO
TRX000515,CT-00303,22/03/2026,pagto,R$ 280.48,app,IFOOD *IFOOD
TRX001298,CT-00678,18/08/25,debito cartao,190.32,caixa eletronico,POSTO SHELL BR
TRX001186,CT-00370,17-ago-2025,ted,"-4199,88",caixa eletronico,UBER *TRIP
TRX000176,CT-00648,23/10/2025,Pagamento,R$ 279.88,ATM,  PADARIA DO ZE  
TRX000729,CT-00085,02/04/2026 17:28,Pagamento,"R$ 182,22",AGENCIA,POSTO SHELL BR
TRX000872,CT-00466,2026-06-17 10:11,PIX,-6336.44,app,FOLHA PAGAMENTO
TRX001952,CT-00251,14/01/26,Débito Cartão,"15,90",agencia,TRANSF ENTRE CONTAS
TRX001907,CT-00558,2025-10-26 05:15,PIX,"198,82",IB,UBER *TRIP
TRX001833,CT-00004,25-05-2026 09:03,saque,"R$ 1.930,68",ATM,UBER *TRIP
TRX002018,CT-00974,04/12/25 21:18,TED,"R$ 270,08",Caixa Eletrônico,
TRX000509,CT-00373,2026-06-16 01:52,deposito,"49,35",agencia,PIX QR CODE
TRX001467,CT-00723,27/09/2025,Depósito,R$ 298.50,caixa eletronico,RENDIMENTO POUPANCA
TRX001451,CT-00054,2025-12-04,saque,29.51,caixa eletronico,UBER *TRIP
TRX000082,CT-00664,16/05/2026,Saque,"1.816,79",Aplicativo,FOLHA PAGAMENTO
TRX001986,CT-00234,05/08/2026 14:01,boleto,226.43,APP,TRANSF ENTRE CONTAS
TRX002031,CT-00024,2025-10-01,BOLETO,"1.331,78",internet banking,
TRX001473,CT-00133,20/03/2026 22:11,DOC,,agencia,POSTO SHELL BR
TRX000644,CT-00523,2026-06-25 15:30,ted,-73.27,,RENDIMENTO POUPANCA
TRX001818,CT-00526,2025-10-27,Depósito,"14.609,50",AGENCIA,PAG*MercadoLivre
TRX000861,CT-00570,2026-07-06,ted,"-57,17",caixa eletronico,PIX QR CODE
TRX000078,CT-00460,2026-06-09,DEPOSITO,"R$ 228,50",Caixa Eletrônico,PAG*MercadoLivre
TRX001691,CT-00224,2026-01-23 09:12,deposito,"R$ 166,98",AGENCIA,UBER *TRIP
TRX001702,CT-00605,2025-10-31 20:25,Saque,"-178,16",Internet Banking,TRANSF ENTRE CONTAS
TRX001861,CT-00906,29/08/2025 13:23,Pagamento,"1.355,51",,  PADARIA DO ZE  
TRX001449,CT-00243,07/08/2026,deposito,R$ 116.10,App,FOLHA PAGAMENTO
TRX000779,CT-00283,19/10/25 08:22,pagto,"57,34",Agência,  PADARIA DO ZE  
TRX001489,CT-00737,29/04/2026,boleto,"1.503,85",Internet Banking,
TRX000002,CT-00121,2025-10-30,Saque,"272,30",AGENCIA,
TRX001150,CT-00669,2025-08-20 07:30,DEPOSITO,0,Aplicativo,
TRX001855,CT-00227,27-01-2026 01:33,PIX,0,ATM,PIX QR CODE
TRX000144,CT-00880,26/12/2025,PIX,"R$ 89,65",APP,TRANSF ENTRE CONTAS
TRX000675,CT-01024,14/11/2025 14:28,saque,"R$ 8.930,87",App,POSTO SHELL BR
TRX000842,CT-00985,15/08/2026,saque,"297,21",Agência,UBER *TRIP
TRX001806,CT-00430,2026-07-30,pagto,N/A,caixa eletronico,
TRX000502,CT-00551,2026-07-06 16:40,pagto,"-71,06",AGENCIA,TRANSF ENTRE CONTAS
TRX000679,CT-00399,08/08/25,debito cartao,"2045,92",agencia,UBER *TRIP
TRX000168,CT-00393,2026-08-09,DEPOSITO,0,internet banking,TARIFA PACOTE SERVICOS
TRX000721,CT-00742,03/10/2025 03:09,Pagamento,"66.428,64",Aplicativo,PAG*MercadoLivre
TRX000376,CT-00731,2025-12-25 09:33,Débito Cartão,"R$ 5,16",Agência,TARIFA PACOTE SERVICOS
TRX001844,CT-00440,2026-06-24 16:53,Saque,"1.016,74",IB,FOLHA PAGAMENTO
TRX000706,CT-00379,15/06/2026 09:47,Pix,"1.138,76",Caixa Eletrônico,IFOOD *IFOOD
TRX001831,CT-00600,05/04/2026 21:14,debito cartao,,internet banking,AMAZON MKTPLACE
TRX001289,CT-00028,2026-07-10 22:07,Pix,"-21.733,61",App,FARMACIA SAO JOAO
TRX001522,CT-00191,19/06/2026,boleto,"R$ 1.971,34",internet banking,NETFLIX.COM
TRX000562,CT-00955,2026-03-06,debito cartao,"-1.802,53",Caixa Eletrônico,FARMACIA SAO JOAO
TRX001332,CT-00125,2026-05-14,saque,R$ 212.10,App,TRANSF ENTRE CONTAS
TRX001654,CT-00776,09/10/2025 00:55,PIX,"-47,92",Aplicativo,TARIFA PACOTE SERVICOS
TRX000539,CT-00793,26/02/2026 10:01,Compra Débito,"R$ 6.055,53",agencia,NETFLIX.COM
TRX001088,CT-00720,09/06/2026,Depósito,"6.619,72",internet banking,PIX QR CODE
TRX000875,CT-00709,2026-01-16 08:40,Saque,"R$ 144,46",App,  PADARIA DO ZE  
TRX001954,CT-00226,31/03/2026 02:09,DEPOSITO,106.74,Internet Banking,UBER *TRIP
TRX000183,CT-00817,2026-01-06 20:25,deposito,"R$ 44,17",APP,SUPERMERCADO BOM PRECO
TRX000610,CT-01018,21-11-2025,TED,"1.639,96",Internet Banking,  PADARIA DO ZE  
TRX001280,CT-00170,2026-06-10,Boleto,0,Caixa Eletrônico,POSTO SHELL BR
TRX000269,CT-00642,02/11/2025,pagto,"160,31",app,POSTO SHELL BR
TRX000704,CT-00071,23/12/2025 20:09,Saque,"R$ 1.248,13",AGENCIA,IFOOD *IFOOD
TRX000849,CT-00436,08/03/26 14:22,Boleto,"R$ 272,72",APP,FOLHA PAGAMENTO
TRX000966,CT-00589,08/08/2025,ted,"-2.789,60",AGENCIA,AMAZON MKTPLACE
TRX001320,CT-00308,14/03/26,ted,"1.726,47",Caixa Eletrônico,FARMACIA SAO JOAO
TRX001732,CT-00413,2026-03-14,DOC,"373,49",APP,
TRX000945,CT-00192,2026-05-18,debito cartao,"1.213,72",internet banking,TARIFA PACOTE SERVICOS
TRX001517,CT-00367,15/09/2025 11:58,pix,"7,43",App,PAG*MercadoLivre
TRX000591,CT-00731,19/07/2026 05:14,pix,"204,58",app,FARMACIA SAO JOAO
TRX000190,CT-00666,11/08/2025 19:06,boleto,R$ 201.91,Agência,NETFLIX.COM
TRX000538,CT-00637,19/04/26,boleto,415.32,APP,
TRX000166,CT-00827,29/04/2026 04:34,deposito,153.23,Internet Banking,
TRX000122,CT-00636,29/11/25 12:28,pix,"283,57",,RENDIMENTO POUPANCA
TRX002060,CT-00670,07/11/25,Saque,"1202,82",APP,IFOOD *IFOOD
TRX002030,CT-00871,11-set-2025 08:29,TED,"5.857,92",caixa eletronico,POSTO SHELL BR
TRX000453,CT-00877,18/03/2026 22:18,pagto,"235,00",app,POSTO SHELL BR
TRX000621,CT-00100,09/04/2026,saque,"436,31",app,
TRX000066,CT-00606,2026-06-13,pix,R$ 83.52,AGENCIA,AMAZON MKTPLACE
TRX001430,CT-00267,14/07/2026,ted,R$ 10512.54,caixa eletronico,FOLHA PAGAMENTO
TRX001725,CT-00647,13-mar-2026 17:05,deposito,932.41,Aplicativo,FOLHA PAGAMENTO
TRX002039,CT-00711,12/08/2025 08:45,ted,"-111,71",App,FARMACIA SAO JOAO
TRX000921,CT-00022,2026-04-17,DEPOSITO,1759.31,Agência,TRANSF ENTRE CONTAS
TRX001138,CT-00128,24-jul-2026 22:06,Pagamento,R$ 148.36,AGENCIA,TARIFA PACOTE SERVICOS
TRX000667,CT-00635,2026-06-11,saque,"359,29",app,FOLHA PAGAMENTO
TRX001851,CT-00884,01/09/2025 06:48,pix,"252,64",APP,UBER *TRIP
TRX000888,CT-00690,14/09/2025 23:43,Pix,-3740.35,Caixa Eletrônico,  PADARIA DO ZE  
TRX000643,CT-00639,10/12/2025,PIX,"115,67",APP,FARMACIA SAO JOAO
TRX000435,CT-00418,08/05/2026 22:26,deposito,"R$ 2.593,16",Internet Banking,SUPERMERCADO BOM PRECO
TRX000425,CT-00538,2025-09-30 19:47,Saque,"R$ 1.430,25",IB,UBER *TRIP
TRX001932,CT-00341,04/08/2025,deposito,"67,78",IB,UBER *TRIP
TRX001499,CT-00689,29/09/2025,pagto,R$ 1841.67,,  PADARIA DO ZE  
TRX001548,CT-00118,2025-10-20,TED,"115,19",Agência,  PADARIA DO ZE  
TRX000956,CT-01009,31/07/26,ted,"-85,87",IB,POSTO SHELL BR
TRX000476,CT-00182,2026-07-06,ted,"R$ 526,40",Aplicativo,AMAZON MKTPLACE
TRX001488,CT-00486,17-11-2025,Pagamento,"1.561,13",AGENCIA,IFOOD *IFOOD
TRX000058,CT-00626,28-jan-2026,Compra Débito,"292,84",Aplicativo,NETFLIX.COM
TRX001899,CT-00957,13/11/2025 04:46,Débito Cartão,N/A,Internet Banking,IFOOD *IFOOD
TRX000511,CT-00206,01/07/2026,Compra Débito,-705.88,Caixa Eletrônico,PIX QR CODE
TRX001668,CT-00305,21/02/2026 10:11,deposito,"R$ 218,46",app,TARIFA PACOTE SERVICOS
TRX000860,CT-00233,11-08-2026,Pagamento,"R$ 122,78",Internet Banking,  PADARIA DO ZE  
TRX000325,CT-00520,2025-10-24 06:46,Pagamento,"R$ 623,81",Aplicativo,SUPERMERCADO BOM PRECO
TRX001095,CT-00221,10-09-2025 17:46,DEPOSITO,"R$ 248,54",,IFOOD *IFOOD
TRX000206,CT-00706,11/08/25 17:46,Boleto,"R$ 78,42",IB,RENDIMENTO POUPANCA
TRX001034,CT-00240,2025-09-22,Débito Cartão,273.01,,RENDIMENTO POUPANCA
TRX000209,CT-00102,28/09/2025 15:06,DEPOSITO,515.16,agencia,RENDIMENTO POUPANCA
TRX000549,CT-00114,08-10-2025,Saque,"R$ 60,89",Internet Banking,  PADARIA DO ZE  
TRX001686,CT-00689,2025-11-01,saque,0,App,TARIFA PACOTE SERVICOS
TRX000362,CT-00282,09-nov-2025,pagto,N/A,APP,AMAZON MKTPLACE
TRX001397,CT-00156,2026-05-21 15:34,Compra Débito,"R$ 367,40",app,
TRX002029,CT-00428,14/10/2025,DEPOSITO,"R$ 490,74",Internet Banking,PIX QR CODE
TRX000714,CT-00842,2025-11-02 13:59,pagto,"241,20",Internet Banking,PIX QR CODE
TRX001248,CT-00919,2025-09-03 11:44,boleto,"1.602,52",APP,FOLHA PAGAMENTO
TRX001231,CT-00336,26-02-2026,Boleto,"R$ 136,94",APP,FARMACIA SAO JOAO
TRX000619,CT-00504,04-01-2026,DEPOSITO,"R$ 106,58",Aplicativo,PAG*MercadoLivre
TRX000810,CT-00942,25/06/2026 15:54,pagto,"R$ 90,09",internet banking,IFOOD *IFOOD
TRX001937,CT-01020,2026-07-30 01:18,BOLETO,"R$ 41.017,12",IB,
TRX001021,CT-00272,12-10-2025,Compra Débito,"R$ 472,20",,FOLHA PAGAMENTO
TRX001509,CT-00111,2025-12-13,Débito Cartão,"-5,79",APP,AMAZON MKTPLACE
TRX000237,CT-00895,09-jun-2026 09:24,debito cartao,124.84,Internet Banking,RENDIMENTO POUPANCA
TRX001278,CT-00376,07/08/2026,ted,"-273,06",App,IFOOD *IFOOD
TRX001105,CT-00433,2026-07-17 11:02,deposito,"182,58",internet banking,PIX QR CODE
TRX001445,CT-00826,08/04/26,ted,"R$ 155,64",AGENCIA,NETFLIX.COM
TRX000347,CT-00650,2026-03-15 14:31,Pagamento,"1.634,07",AGENCIA,IFOOD *IFOOD
TRX000133,CT-00203,03/09/2025,pagto,280.68,App,PAG*MercadoLivre
TRX001882,CT-00943,05/07/26,BOLETO,N/A,Agência,PAG*MercadoLivre
TRX001796,CT-00813,22/12/2025,boleto,"1335,06",internet banking,PIX QR CODE
TRX001979,CT-00591,05-06-2026 04:49,Compra Débito,"-13.243,49",,IFOOD *IFOOD
TRX001911,CT-00535,02/09/2025,DOC,"83,18",ATM,PIX QR CODE
TRX001163,CT-00807,2026-01-25,TED,R$ 137.80,internet banking,SUPERMERCADO BOM PRECO
TRX002100,CT-00944,2026-06-25,Depósito,"888,35",internet banking,PIX QR CODE
TRX001398,CT-00268,06/09/2025 20:09,Compra Débito,9625.13,APP,IFOOD *IFOOD
TRX001152,CT-00067,23/08/2025,Pix,"177,26",IB,FARMACIA SAO JOAO
TRX000028,CT-00684,2026-02-26,boleto,"-144,53",App,UBER *TRIP
TRX001953,CT-00727,2025-12-30 15:27,pix,"R$ 82,56",IB,UBER *TRIP
TRX001405,CT-00164,2026-06-02,DEPOSITO,"R$ 2.980,00",internet banking,FARMACIA SAO JOAO
TRX001920,CT-00701,16/12/2025 18:40,Compra Débito,"139,81",Agência,AMAZON MKTPLACE
TRX001637,CT-00424,2026-05-18 13:29,PIX,"11211,61",ATM,PAG*MercadoLivre
TRX001892,CT-00140,20-mai-2026 16:15,PIX,R$ 1798.19,Aplicativo,
TRX001482,CT-00394,2026-02-03,DEPOSITO,"258,86",app,AMAZON MKTPLACE
TRX001228,CT-00782,2025-10-14 17:05,Saque,"R$ 1.699,55",caixa eletronico,UBER *TRIP
TRX000245,CT-00554,2025-12-03,pagto,187.10,IB,PIX QR CODE
TRX000994,CT-00588,04/08/2025,Saque,12516.36,Agência,AMAZON MKTPLACE
TRX000514,CT-01026,2026-07-22 00:09,Pix,R$ 1653.47,,FARMACIA SAO JOAO
TRX000526,CT-00889,10/04/2026 16:49,deposito,"17.141,94",ATM,  PADARIA DO ZE  
TRX002099,CT-00275,04-08-2026 19:47,TED,"-6.320,93",IB,FOLHA PAGAMENTO
TRX000955,CT-00698,29/08/2025,PIX,"R$ 4.859,19",AGENCIA,SUPERMERCADO BOM PRECO
TRX001724,CT-00935,26/06/2026 08:25,pagto,-877.55,agencia,NETFLIX.COM
TRX001122,CT-00321,10/08/2025,saque,-1253.21,Agência,TARIFA PACOTE SERVICOS
TRX001312,CT-00039,23-ago-2025,pix,"R$ 965,51",internet banking,
TRX002049,CT-00338,31/08/2025 12:31,pagto,"248,88",Agência,FARMACIA SAO JOAO
TRX000964,CT-00781,12/08/2025,Saque,-130.56,app,POSTO SHELL BR
TRX000572,CT-00581,2025-10-17 21:41,BOLETO,"-6048,05",IB,TARIFA PACOTE SERVICOS
TRX000086,CT-00158,24/02/2026,Depósito,"67,50",APP,NETFLIX.COM
TRX001751,CT-00843,01/01/2026,Depósito,"R$ 1.908,04",AGENCIA,POSTO SHELL BR
TRX001750,CT-00080,15/08/2025 19:39,Débito Cartão,N/A,caixa eletronico,FARMACIA SAO JOAO
TRX001878,CT-00502,2026-07-22,Pix,1486.14,Caixa Eletrônico,FOLHA PAGAMENTO
TRX001856,CT-00004,2025-12-27 16:26,Pagamento,"-1351,91",Internet Banking,NETFLIX.COM
TRX001203,CT-00634,08-06-2026 15:35,Depósito,"8528,62",ATM,UBER *TRIP
TRX001945,CT-00639,15/05/2026 03:04,DOC,5165.17,AGENCIA,AMAZON MKTPLACE
TRX001485,CT-00031,2025-12-30,Débito Cartão,"R$ 1.162,33",app,  PADARIA DO ZE  
TRX001633,CT-00847,2026-08-13 08:05,DEPOSITO,67150.92,internet banking,FOLHA PAGAMENTO
TRX001051,CT-00927,12/08/2025 15:38,pagto,-149.63,Agência,PAG*MercadoLivre
TRX000633,CT-00299,31/12/2025,deposito,,internet banking,TARIFA PACOTE SERVICOS
TRX000548,CT-00022,21/07/2026,debito cartao,"280,06",Aplicativo,NETFLIX.COM
TRX000391,CT-00763,19-12-2025 12:22,PIX,"-9.108,63",ATM,SUPERMERCADO BOM PRECO
TRX001239,CT-00365,24/01/2026,Saque,"R$ 128,47",AGENCIA,TARIFA PACOTE SERVICOS
TRX001165,CT-00346,02-out-2025 05:54,saque,"R$ 283,51",Aplicativo,UBER *TRIP
TRX000175,CT-00891,2026-06-28,pagto,N/A,Aplicativo,IFOOD *IFOOD
TRX001791,CT-00291,2026-08-09 08:52,TED,899.49,app,IFOOD *IFOOD
TRX001145,CT-00498,2026-04-15 18:39,Pix,"-141,77",agencia,POSTO SHELL BR
TRX000626,CT-00094,25/02/2026 09:26,Boleto,"R$ 10.337,56",APP,TRANSF ENTRE CONTAS
TRX001015,CT-00264,06/01/2026,Pagamento,14473.69,IB,PIX QR CODE
TRX002050,CT-00813,2026-04-01 10:23,Depósito,N/A,AGENCIA,RENDIMENTO POUPANCA
TRX000273,CT-00431,10/03/2026 11:28,PIX,"R$ 825,77",internet banking,IFOOD *IFOOD
TRX001279,CT-00772,2026-01-28 17:42,BOLETO,"-74,05",Caixa Eletrônico,UBER *TRIP
TRX001443,CT-00834,25/02/26 16:07,DEPOSITO,"229,86",Agência,
TRX001916,CT-00426,10-12-2025 07:20,Depósito,"R$ 471,59",agencia,  PADARIA DO ZE  
TRX001426,CT-00729,2026-04-23,boleto,"6.100,40",ATM,PIX QR CODE
TRX001027,CT-00792,12/06/2026 14:42,Saque,"14.115,36",agencia,NETFLIX.COM
TRX000698,CT-00390,2026-02-15,Pix,"1.986,90",agencia,SUPERMERCADO BOM PRECO
TRX000399,CT-00895,2025-08-12,Débito Cartão,,APP,IFOOD *IFOOD
TRX000051,CT-00957,02/02/2026,deposito,"14,23",Caixa Eletrônico,SUPERMERCADO BOM PRECO
TRX001481,CT-00238,2026-03-06 20:24,DEPOSITO,5445.85,Aplicativo,RENDIMENTO POUPANCA
TRX000104,CT-00992,2025-09-15 02:12,Pagamento,"R$ 995,00",caixa eletronico,
TRX000595,CT-00246,16/02/2026 12:48,Saque,"R$ 290,97",app,NETFLIX.COM
TRX001790,CT-00580,2026-07-31,Pagamento,"-667,02",agencia,TARIFA PACOTE SERVICOS
TRX000116,CT-00883,2025-10-26,saque,"-516,82",Agência,FOLHA PAGAMENTO
TRX001781,CT-00497,01/03/2026,Pix,"R$ 232,57",caixa eletronico,  PADARIA DO ZE  
TRX000646,CT-01032,28/02/2026 11:35,deposito,R$ 12.71,AGENCIA,NETFLIX.COM
TRX000663,CT-00430,08-dez-2025,TED,"25,64",caixa eletronico,NETFLIX.COM
TRX001235,CT-00301,2026-08-11 09:49,PIX,"R$ 14.786,49",internet banking,POSTO SHELL BR
TRX001699,CT-00906,24-jul-2026 21:29,deposito,"246,27",AGENCIA,IFOOD *IFOOD
TRX000432,CT-00420,11/12/2025 17:16,Débito Cartão,-261.21,agencia,POSTO SHELL BR
TRX001938,CT-00044,04/04/2026,Pix,"3.234,34",App,
TRX001143,CT-00759,08/01/2026,pix,"203,83",Caixa Eletrônico,PAG*MercadoLivre
TRX000876,CT-00450,30/06/26,TED,"R$ 1.455,26",Aplicativo,UBER *TRIP
TRX001238,CT-00346,28/11/2025,Boleto,"1.360,00",APP,  PADARIA DO ZE  
TRX001193,CT-00813,09/09/2025,Pagamento,286.16,Aplicativo,
TRX000953,CT-00747,26/02/2026,Saque,0,IB,AMAZON MKTPLACE
TRX001864,CT-00101,2026-02-27,Pix,"-1.783,65",AGENCIA,AMAZON MKTPLACE
TRX001495,CT-00603,03-07-2026,Pix,"R$ 360,62",internet banking,TRANSF ENTRE CONTAS
TRX000333,CT-00629,2026-02-13,deposito,N/A,APP,AMAZON MKTPLACE
TRX001072,CT-00542,30/06/26 03:58,PIX,N/A,AGENCIA,TARIFA PACOTE SERVICOS
TRX001255,CT-00857,2026-05-22,Débito Cartão,"-276,29",APP,RENDIMENTO POUPANCA
TRX001754,CT-00933,15/02/2026,pagto,-152.75,AGENCIA,SUPERMERCADO BOM PRECO
TRX001292,CT-00386,14/01/26,boleto,"559,40",AGENCIA,PAG*MercadoLivre
TRX002046,CT-00690,06/08/2025,TED,-759.99,caixa eletronico,FOLHA PAGAMENTO
TRX001664,CT-00026,04-ago-2026,TED,R$ 1428.90,internet banking,UBER *TRIP
TRX000840,CT-00770,30/05/2026,PIX,"-14,78",Aplicativo,POSTO SHELL BR
TRX000338,CT-00520,14-03-2026 14:54,Pix,"1732,78",ATM,
TRX001407,CT-00807,2026-01-24,TED,"R$ 1.624,90",IB,RENDIMENTO POUPANCA
TRX000770,CT-00299,2025-08-14 22:51,PIX,"-10,10",Agência,PIX QR CODE
TRX000402,CT-00623,2026-03-14,Depósito,135.91,agencia,UBER *TRIP
TRX000884,CT-00263,21/03/26,PIX,1965.30,Agência,TARIFA PACOTE SERVICOS
TRX000581,CT-00813,26/04/2026 02:29,deposito,"1.973,25",APP,FOLHA PAGAMENTO
TRX000949,CT-00592,2025-11-22,pagto,"R$ 1.114,55",APP,SUPERMERCADO BOM PRECO
TRX001804,CT-00700,29/10/2025,saque,0,,FARMACIA SAO JOAO
TRX000415,CT-00485,22/09/2025 04:02,Depósito,"269,17",Aplicativo,SUPERMERCADO BOM PRECO
TRX000505,CT-00432,2026-05-30 17:59,saque,"R$ 104,05",internet banking,AMAZON MKTPLACE
TRX001789,CT-00178,29/08/2025 21:00,saque,"60,92",Internet Banking,SUPERMERCADO BOM PRECO
TRX000797,CT-00160,04/07/2026 08:36,Saque,"-151,38",AGENCIA,AMAZON MKTPLACE
TRX000606,CT-00617,07-12-2025 06:15,BOLETO,R$ 1916.76,Aplicativo,UBER *TRIP
TRX001100,CT-00942,25/12/2025 17:12,deposito,"220,66",IB,NETFLIX.COM
TRX000765,CT-00608,11-04-2026 09:24,pix,-90.00,agencia,NETFLIX.COM
TRX001937,CT-01020,2026-07-30 01:18,BOLETO,"R$ 41.017,12",IB,
TRX000429,CT-00614,19-04-2026 23:20,DOC,1420.81,App,IFOOD *IFOOD
TRX001884,CT-00488,12/10/2025,TED,503.74,internet banking,UBER *TRIP
TRX000896,CT-00417,04/08/2025,deposito,N/A,Aplicativo,  PADARIA DO ZE  
TRX000154,CT-00371,17/10/2025,ted,"-42.590,30",Internet Banking,IFOOD *IFOOD
TRX001232,CT-00346,2025-08-15,PIX,"R$ 60.447,51",ATM,PAG*MercadoLivre
TRX001352,CT-00361,18/10/2025 14:25,Pix,"100,49",agencia,IFOOD *IFOOD
TRX000181,CT-00259,2026-02-17,DEPOSITO,R$ 2048.48,Agência,AMAZON MKTPLACE
TRX001155,CT-00813,08-02-2026 09:37,deposito,"R$ 239,89",Agência,NETFLIX.COM
TRX000776,CT-00800,01/08/25 10:33,Depósito,"151,58",Agência,POSTO SHELL BR
TRX001563,CT-00358,14-03-2026,Pix,"-10.876,58",APP,POSTO SHELL BR
TRX000367,CT-00964,2025-09-15 21:45,DOC,"R$ 131,14",IB,NETFLIX.COM
TRX001863,CT-00281,25/01/2026,Saque,"R$ 254,48",IB,POSTO SHELL BR
TRX000780,CT-00043,24/05/2026,Depósito,"R$ 190,28",AGENCIA,AMAZON MKTPLACE
TRX000223,CT-00931,2025-11-21,Saque,"R$ 2.938,12",app,SUPERMERCADO BOM PRECO
TRX001987,CT-00310,05-08-2026,Saque,46.02,,AMAZON MKTPLACE
TRX001542,CT-00523,16-10-2025,Compra Débito,"1642,21",app,NETFLIX.COM
TRX001254,CT-00592,23/11/25,TED,"1772,02",,TRANSF ENTRE CONTAS
TRX000944,CT-00498,2026-02-16,pagto,"179,24",,TARIFA PACOTE SERVICOS
TRX001604,CT-00480,08/07/2026 04:13,boleto,"14625,88",Caixa Eletrônico,RENDIMENTO POUPANCA
TRX001845,CT-00701,23-01-2026,Pagamento,"260,04",agencia,  PADARIA DO ZE  
TRX001469,CT-00004,26/03/2026 09:47,ted,"4.425,14",App,PAG*MercadoLivre
TRX001941,CT-00930,08-jan-2026,deposito,572.55,caixa eletronico,IFOOD *IFOOD
TRX000235,CT-00160,09/11/2025,saque,N/A,Aplicativo,RENDIMENTO POUPANCA
TRX000448,CT-00142,25-02-2026,TED,"R$ 142,84",Internet Banking,FOLHA PAGAMENTO
TRX001933,CT-00487,06/09/2025 04:32,saque,"242,80",IB,SUPERMERCADO BOM PRECO
TRX000346,CT-00909,23/03/26,pagto,"25,79",Caixa Eletrônico,AMAZON MKTPLACE
TRX001078,CT-00054,08/07/2026 00:26,pagto,"R$ 183,80",internet banking,TARIFA PACOTE SERVICOS
TRX000599,CT-00914,2025-12-19 01:32,DEPOSITO,"1158,53",Agência,RENDIMENTO POUPANCA
TRX000405,CT-00469,02/12/2025,BOLETO,"R$ 270,70",agencia,IFOOD *IFOOD
TRX001808,CT-00131,07/02/2026 16:49,BOLETO,"10,71",app,RENDIMENTO POUPANCA
TRX000834,CT-00871,27-07-2026 09:26,BOLETO,"R$ 152,79",AGENCIA,TRANSF ENTRE CONTAS
TRX001116,CT-00821,2026-04-10 19:12,Débito Cartão,"37944,49",APP,UBER *TRIP
TRX000542,CT-00365,2025-09-19,Depósito,R$ 228.71,Internet Banking,NETFLIX.COM
TRX001928,CT-00455,16/07/26,DOC,"R$ 364,93",App,FARMACIA SAO JOAO
TRX001543,CT-00034,11/01/2026 18:48,saque,"-66,89",Caixa Eletrônico,TARIFA PACOTE SERVICOS
TRX001719,CT-00315,2025-12-14,saque,"R$ 1.529,41",IB,IFOOD *IFOOD
TRX000658,CT-00822,2026-04-17,Pagamento,"R$ 140,88",Aplicativo,FARMACIA SAO JOAO
TRX000392,CT-00583,17/01/26 14:38,TED,"834,20",APP,POSTO SHELL BR
TRX001092,CT-00140,15/07/2026 03:01,boleto,"1.272,56",caixa eletronico,TARIFA PACOTE SERVICOS
TRX000662,CT-00880,26/07/2026,Débito Cartão,"-54,33",Agência,UBER *TRIP
TRX000445,CT-00458,2026-04-23,TED,159.20,ATM,POSTO SHELL BR
TRX000394,CT-00538,02-05-2026 06:05,deposito,"R$ 1.793,34",AGENCIA,IFOOD *IFOOD
TRX001905,CT-00011,11/08/2025 05:52,Saque,"R$ 253,47",ATM,
TRX000642,CT-00720,28-06-2026 23:31,pagto,R$ 9080.12,Internet Banking,AMAZON MKTPLACE
TRX000254,CT-00819,2025-10-27,Compra Débito,"39,99",ATM,
TRX001166,CT-00894,20-05-2026,PIX,1121.33,Caixa Eletrônico,TRANSF ENTRE CONTAS
TRX002068,CT-00569,21/01/2026,TED,"63.253,32",ATM,UBER *TRIP
TRX000490,CT-00937,14-01-2026,DOC,"-289,37",IB,TRANSF ENTRE CONTAS
TRX000366,CT-00439,2025-10-11,DOC,R$ 3556.40,ATM,TRANSF ENTRE CONTAS
TRX001727,CT-00044,2026-01-10,saque,R$ 222.27,app,PAG*MercadoLivre
TRX001755,CT-00377,27/10/2025,saque,"R$ 91,91",Agência,PAG*MercadoLivre
TRX000558,CT-00387,12/06/2026,deposito,R$ 127.57,internet banking,FARMACIA SAO JOAO
TRX000246,CT-00480,13-02-2026,Pagamento,"R$ 120,06",,NETFLIX.COM
TRX001997,CT-00174,14/08/2026,BOLETO,R$ 802.89,app,PAG*MercadoLivre
TRX001210,CT-00815,2025-11-13,pagto,"-983,83",Caixa Eletrônico,  PADARIA DO ZE  
TRX000071,CT-00201,03/09/2025,DEPOSITO,R$ 3454.72,Agência,TARIFA PACOTE SERVICOS
TRX000215,CT-00111,16/02/2026 21:05,Pagamento,R$ 1996.92,IB,FARMACIA SAO JOAO
TRX001400,CT-00234,09-08-2026 19:46,deposito,"33.674,94",agencia,
TRX000372,CT-00143,21/10/2025 10:08,Pagamento,"27.996,85",internet banking,  PADARIA DO ZE  
TRX001761,CT-00967,2025-12-22,Débito Cartão,"-45.863,28",internet banking,IFOOD *IFOOD
TRX001366,CT-00806,04-07-2026 12:08,pix,"137,44",,FOLHA PAGAMENTO
TRX000624,CT-00632,28/06/2026,boleto,"923,40",App,AMAZON MKTPLACE
TRX000305,CT-00287,22/04/2026 04:02,pagto,"-240,02",app,  PADARIA DO ZE  
TRX000042,CT-00674,31/07/2026,Saque,"R$ 275,88",app,RENDIMENTO POUPANCA
TRX000790,CT-00915,07/02/2026 06:05,Compra Débito,R$ 86.28,Internet Banking,IFOOD *IFOOD
TRX001126,CT-00423,27/04/2026 00:12,debito cartao,"-1.328,61",app,PIX QR CODE
TRX000927,CT-00259,20/11/2025,Boleto,"R$ 1.937,42",App,FOLHA PAGAMENTO
TRX001697,CT-00644,28-05-2026,TED,"1.453,37",Aplicativo,FOLHA PAGAMENTO
TRX001367,CT-00109,2025-10-26 17:12,Depósito,"R$ 243,95",IB,POSTO SHELL BR
TRX001653,CT-00884,21/05/2026 02:26,Saque,"314,81",app,
TRX001821,CT-00924,10/10/2025 09:47,TED,"R$ 253,03",internet banking,NETFLIX.COM
TRX000531,CT-00924,28-08-2025,Depósito,"40,67",ATM,TRANSF ENTRE CONTAS
TRX000713,CT-00494,24/01/2026,pagto,43097.24,agencia,NETFLIX.COM
TRX000940,CT-00341,12/11/2025,BOLETO,140.95,,TARIFA PACOTE SERVICOS
TRX001906,CT-00449,15/02/2026 15:12,saque,"-12.133,79",agencia,FOLHA PAGAMENTO
TRX000931,CT-00822,2025-09-25 23:20,deposito,"R$ 1.207,94",Internet Banking,NETFLIX.COM
TRX001091,CT-00063,18-02-2026,Saque,"-7,81",internet banking,TARIFA PACOTE SERVICOS
TRX000072,CT-00084,10-12-2025,ted,"238,49",IB,
TRX001147,CT-00144,13/09/2025 08:58,DEPOSITO,"58.240,41",Internet Banking,AMAZON MKTPLACE
TRX001375,CT-00624,2026-03-09,boleto,"R$ 1.849,62",AGENCIA,FARMACIA SAO JOAO
TRX000016,CT-00454,18-03-2026,TED,"56,35",,AMAZON MKTPLACE
TRX001580,CT-00164,22/04/2026 09:37,boleto,"R$ 1.769,04",APP,NETFLIX.COM
TRX000950,CT-00872,04/07/2026 17:55,boleto,"627,29",Agência,AMAZON MKTPLACE
TRX001903,CT-00062,14/06/26 02:29,PIX,"5.642,18",Aplicativo,NETFLIX.COM
TRX001875,CT-00262,2026-05-08 03:32,deposito,"R$ 1.352,16",caixa eletronico,PAG*MercadoLivre
TRX000031,CT-00131,2026-02-10,TED,"R$ 1.483,39",,TARIFA PACOTE SERVICOS
TRX000438,CT-00337,17-jan-2026,DOC,"R$ 275,14",Internet Banking,PIX QR CODE
TRX001701,CT-00267,26/11/2025 08:36,Pagamento,585.34,Internet Banking,PAG*MercadoLivre
TRX000649,CT-00859,2026-01-01 19:08,Débito Cartão,N/A,AGENCIA,SUPERMERCADO BOM PRECO
TRX000818,CT-00126,14-06-2026,debito cartao,"R$ 1.869,35",APP,NETFLIX.COM
TRX001335,CT-00516,2026-06-27 10:51,Saque,R$ 47.08,Internet Banking,POSTO SHELL BR
TRX000912,CT-00309,19-set-2025,DOC,226.92,IB,RENDIMENTO POUPANCA
TRX001132,CT-00169,18/10/2025,Depósito,N/A,ATM,IFOOD *IFOOD
TRX002013,CT-00455,21-09-2025 01:14,boleto,"9261,86",AGENCIA,PAG*MercadoLivre
TRX000798,CT-00125,17/09/2025,DOC,R$ 78.57,agencia,FOLHA PAGAMENTO
TRX001991,CT-00015,20/08/25,Depósito,R$ 76779.79,Aplicativo,POSTO SHELL BR
TRX001936,CT-00143,2026-02-27,pagto,"1.733,35",IB,AMAZON MKTPLACE
TRX000744,CT-00856,2026-03-18,deposito,"1.636,44",agencia,SUPERMERCADO BOM PRECO
TRX000319,CT-00785,2025-12-25,Débito Cartão,"19,54",Agência,  PADARIA DO ZE  
TRX000846,CT-00210,08-set-2025,Boleto,"-111,94",app,SUPERMERCADO BOM PRECO
TRX001458,CT-00219,2025-12-03,boleto,"R$ 164,28",APP,PAG*MercadoLivre
TRX000755,CT-00222,2026-06-28,Pagamento,,app,UBER *TRIP
TRX001619,CT-00267,30/11/2025 21:32,Boleto,"R$ 307,50",Aplicativo,  PADARIA DO ZE  
TRX000289,CT-00333,09-05-2026,ted,R$ 616.60,Internet Banking,POSTO SHELL BR
TRX001213,CT-00019,26/04/2026,PIX,-143.96,Caixa Eletrônico,PIX QR CODE
TRX000455,CT-00471,27/02/26 09:48,Compra Débito,R$ 1632.29,caixa eletronico,SUPERMERCADO BOM PRECO
TRX001107,CT-00375,13/08/2025,Saque,R$ 797.93,agencia,TRANSF ENTRE CONTAS
TRX000495,CT-00521,08/02/26,Compra Débito,R$ 217.91,ATM,RENDIMENTO POUPANCA
TRX000261,CT-00769,2025-09-23 02:12,boleto,"-336,19",Caixa Eletrônico,PAG*MercadoLivre
TRX001491,CT-00157,03-07-2026 09:03,Compra Débito,"7.756,90",Internet Banking,FARMACIA SAO JOAO
TRX001656,CT-00414,27/05/2026,boleto,"R$ 1.753,15",AGENCIA,TRANSF ENTRE CONTAS
TRX000828,CT-00386,30/05/2026 05:37,Pix,"-170,50",agencia,FARMACIA SAO JOAO
TRX000524,CT-00555,13/07/26,Saque,"-148,12",caixa eletronico,FOLHA PAGAMENTO
TRX001137,CT-00310,2026-03-13 12:06,PIX,"27,46",Caixa Eletrônico,RENDIMENTO POUPANCA
TRX001060,CT-00900,13-09-2025 05:37,DOC,"R$ 2.968,87",Caixa Eletrônico,RENDIMENTO POUPANCA
TRX000430,CT-00513,01/03/2026,Compra Débito,"-94,50",agencia,NETFLIX.COM
TRX001465,CT-00739,10/11/2025,debito cartao,"R$ 12.865,39",caixa eletronico,TRANSF ENTRE CONTAS
TRX001326,CT-00296,09/01/2026 12:30,Compra Débito,R$ 52.12,app,SUPERMERCADO BOM PRECO
TRX001872,CT-00119,13/12/2025 02:41,pagto,"-9.729,25",IB,IFOOD *IFOOD
TRX000909,CT-00581,11/09/25 12:10,boleto,0,Agência,PAG*MercadoLivre
TRX000200,CT-00430,28/02/2026,Saque,"-383,95",IB,RENDIMENTO POUPANCA
TRX000268,CT-00104,11/04/2026,TED,"-205,77",Caixa Eletrônico,PAG*MercadoLivre
TRX002027,CT-00953,04/11/2025,BOLETO,259.24,IB,AMAZON MKTPLACE
TRX000599,CT-00914,2025-12-19 01:32,DEPOSITO,"1158,53",Agência,RENDIMENTO POUPANCA
TRX001840,CT-00287,2026-05-24,boleto,R$ 135.27,Caixa Eletrônico,
TRX001383,CT-00721,06/06/2026 21:54,deposito,R$ 224.18,Aplicativo,TRANSF ENTRE CONTAS
TRX000701,CT-00217,08/04/2026 13:34,Compra Débito,"R$ 1.929,55",caixa eletronico,NETFLIX.COM
TRX000970,CT-00523,2026-02-02 16:00,pix,-2655.05,Aplicativo,SUPERMERCADO BOM PRECO
TRX001898,CT-00521,20/06/2026,pix,R$ 1939.26,ATM,
TRX001949,CT-00083,13/08/2026,TED,"R$ 192,29",Caixa Eletrônico,NETFLIX.COM
TRX000050,CT-00077,31-mar-2026 03:05,Pix,"-260,41",app,TARIFA PACOTE SERVICOS
TRX000385,CT-00022,16/05/26,Boleto,"-227,68",internet banking,
TRX001424,CT-00058,2026-01-30,boleto,"44.735,48",agencia,SUPERMERCADO BOM PRECO
TRX001345,CT-00556,12/05/2026,Saque,"899,32",APP,IFOOD *IFOOD
TRX000013,CT-00622,2025-12-23,TED,"R$ 656,92",IB,  PADARIA DO ZE  
TRX000044,CT-00782,27/10/2025 07:53,PIX,489.71,IB,FARMACIA SAO JOAO
TRX001734,CT-00270,21/10/2025,pix,"132,11",,TRANSF ENTRE CONTAS
TRX001385,CT-00806,30/08/2025,pix,"-7037,45",ATM,TARIFA PACOTE SERVICOS
TRX001842,CT-00267,2025-10-17,Boleto,"20.502,35",Agência,FARMACIA SAO JOAO
TRX000781,CT-00947,22/05/2026 20:18,saque,R$ 63.22,Aplicativo,NETFLIX.COM
TRX000812,CT-00025,10/07/2026,DOC,"459,56",Internet Banking,UBER *TRIP
TRX000481,CT-00748,2025-11-28 14:48,BOLETO,"R$ 291,49",agencia,  PADARIA DO ZE  
TRX000617,CT-00012,2026-04-22 07:43,Pagamento,"5541,86",Internet Banking,
TRX001183,CT-00540,22/11/2025,Depósito,"59,60",app,NETFLIX.COM
TRX000980,CT-00909,13/02/2026,Débito Cartão,"-129,89",APP,IFOOD *IFOOD
TRX001968,CT-00872,08/09/25 21:31,DOC,"-74,70",Aplicativo,PIX QR CODE
TRX001490,CT-00834,10/03/2026 17:53,Compra Débito,"273,01",Internet Banking,SUPERMERCADO BOM PRECO
TRX001174,CT-00890,14/10/2025,PIX,39.08,AGENCIA,  PADARIA DO ZE  
TRX000363,CT-00041,13/11/2025 01:02,deposito,943.65,Agência,TARIFA PACOTE SERVICOS
TRX001571,CT-00115,2025-08-27,BOLETO,"1.416,16",,FOLHA PAGAMENTO
TRX001266,CT-00317,2026-04-14 23:00,Saque,8157.81,internet banking,TARIFA PACOTE SERVICOS
TRX001086,CT-00152,25/11/2025 19:03,Pagamento,"-256,22",IB,FARMACIA SAO JOAO
TRX000687,CT-00731,2026-06-11 11:25,PIX,"R$ 216,02",IB,AMAZON MKTPLACE
TRX001358,CT-00621,13/08/2025,PIX,"R$ 137,97",Aplicativo,AMAZON MKTPLACE
TRX000986,CT-00551,20-jan-2026 07:38,ted,"R$ 988,06",App,NETFLIX.COM
TRX000545,CT-00628,10-09-2025,Boleto,"171,29",Agência,AMAZON MKTPLACE
TRX000043,CT-00967,17/08/25,BOLETO,"249,45",APP,RENDIMENTO POUPANCA
TRX001596,CT-00223,2026-01-04,ted,"R$ 188,66",ATM,TRANSF ENTRE CONTAS
TRX000441,CT-00545,14/07/2026,pagto,"R$ 192,11",caixa eletronico,PIX QR CODE
TRX001514,CT-00557,2026-03-14 23:49,deposito,256.76,Internet Banking,FOLHA PAGAMENTO
TRX001630,CT-00639,15/11/2025 19:41,pagto,"R$ 287,89",ATM,AMAZON MKTPLACE
TRX000140,CT-00200,23/06/2026 20:28,debito cartao,N/A,IB,AMAZON MKTPLACE
TRX001423,CT-00524,04/11/2025,debito cartao,-203.84,internet banking,UBER *TRIP
TRX001453,CT-00336,09/01/2026 20:51,saque,14584.90,Caixa Eletrônico,IFOOD *IFOOD
TRX001169,CT-00854,2026-03-03,TED,"-87,93",Caixa Eletrônico,FOLHA PAGAMENTO
TRX002069,CT-00868,03/05/26,Compra Débito,"208,85",App,IFOOD *IFOOD
TRX000163,CT-00888,11/06/2026,ted,81.22,Aplicativo,TARIFA PACOTE SERVICOS
TRX000350,CT-00004,2026-01-18 17:37,Boleto,"-78.248,30",app,  PADARIA DO ZE  
TRX001128,CT-00661,30-11-2025 01:48,BOLETO,"199,62",APP,PAG*MercadoLivre
TRX001525,CT-00286,14/01/26 07:38,Compra Débito,"1.651,80",Internet Banking,SUPERMERCADO BOM PRECO
TRX001487,CT-00851,14/06/2026,ted,-425.29,app,  PADARIA DO ZE  
TRX002070,CT-00476,04/08/2025,DOC,"R$ 150,29",agencia,
TRX000433,CT-00819,13/11/2025,Compra Débito,"512,69",agencia,
TRX001087,CT-00790,01-12-2025,Compra Débito,1522.63,App,NETFLIX.COM
TRX002034,CT-00890,23-08-2025,boleto,"R$ 778,56",IB,SUPERMERCADO BOM PRECO
TRX001018,CT-00320,2025-12-20,Boleto,"-289,63",App,PIX QR CODE
TRX001179,CT-00745,24/04/2026 22:05,TED,N/A,App,
TRX001679,CT-00887,10/08/2025 13:40,Saque,R$ 21.19,,FARMACIA SAO JOAO
TRX000655,CT-00693,21/09/2025,TED,"-291,96",internet banking,FOLHA PAGAMENTO
TRX000169,CT-00270,2026-01-05,boleto,R$ 32668.42,app,
TRX000047,CT-00957,24/09/25 11:17,Depósito,"R$ 233,40",Agência,PAG*MercadoLivre
TRX001980,CT-00617,23/06/2026,Pix,"R$ 1.156,82",caixa eletronico,IFOOD *IFOOD
TRX001346,CT-00496,05/04/2026 00:44,DOC,"-90,81",agencia,  PADARIA DO ZE  
TRX000767,CT-00439,07/04/2026,deposito,"R$ 223,44",ATM,TARIFA PACOTE SERVICOS
TRX000631,CT-00207,29/06/26,boleto,,agencia,FOLHA PAGAMENTO
TRX001741,CT-00090,08/08/2026,pix,"87,49",AGENCIA,SUPERMERCADO BOM PRECO
TRX001314,CT-00042,2026-04-10 10:29,BOLETO,"-4.589,80",IB,
TRX000540,CT-00953,2026-04-24,Saque,-216.40,,NETFLIX.COM
TRX000377,CT-00440,09/05/2026 17:54,boleto,N/A,App,FOLHA PAGAMENTO
TRX001714,CT-00783,2026-03-28,Débito Cartão,"-487,23",App,IFOOD *IFOOD
TRX001374,CT-00467,20/09/2025,debito cartao,15.63,internet banking,FARMACIA SAO JOAO
TRX000027,CT-00128,10/12/2025,TED,"12.779,22",App,AMAZON MKTPLACE
TRX000436,CT-00953,03/11/2025,saque,"R$ 10,43",agencia,TARIFA PACOTE SERVICOS
TRX001682,CT-00362,02/06/2026,saque,"-1.092,30",Agência,SUPERMERCADO BOM PRECO
TRX001675,CT-00606,07/04/2026 18:39,BOLETO,"R$ 23,12",AGENCIA,UBER *TRIP
TRX001313,CT-00112,21/05/26,Boleto,"183,12",Agência,  PADARIA DO ZE  
TRX000159,CT-00862,22/10/2025 12:46,pagto,"-91,63",Caixa Eletrônico,UBER *TRIP
TRX001794,CT-00409,2025-11-02 10:09,Boleto,"R$ 293,89",internet banking,
TRX001698,CT-00268,27/08/2025 10:00,Pix,"R$ 149,84",Aplicativo,POSTO SHELL BR
TRX000942,CT-00719,17/12/2025 18:48,Pagamento,"-282,20",App,NETFLIX.COM
TRX001082,CT-00175,24/01/26 06:52,Saque,"-722,36",Internet Banking,UBER *TRIP
TRX001643,CT-00206,2025-12-19 22:05,Depósito,"R$ 189,48",agencia,PIX QR CODE
TRX000638,CT-00446,2026-03-27,pix,"-977,93",app,TRANSF ENTRE CONTAS
TRX000265,CT-00597,08/11/2025,Saque,"312,94",APP,IFOOD *IFOOD
TRX001390,CT-00024,14-07-2026,saque,"-288,87",agencia,TRANSF ENTRE CONTAS
TRX001234,CT-00035,2026-07-01,debito cartao,75.44,caixa eletronico,PAG*MercadoLivre
TRX001731,CT-00164,2026-08-11,DOC,"R$ 231,54",Internet Banking,FOLHA PAGAMENTO
TRX000982,CT-00086,13/08/2026,Saque,-615.58,AGENCIA,FARMACIA SAO JOAO
TRX001515,CT-00517,21/08/2025 04:39,Compra Débito,"-2.129,17",agencia,NETFLIX.COM
TRX001189,CT-01015,08/06/2026 14:41,Saque,"R$ 266,52",internet banking,  PADARIA DO ZE  
TRX000908,CT-00094,02/12/25,PIX,"R$ 211,78",agencia,RENDIMENTO POUPANCA
TRX000169,CT-00270,2026-01-05,boleto,R$ 32668.42,app,
TRX000004,CT-00867,18/04/2026 09:31,Depósito,R$ 9223.34,AGENCIA,NETFLIX.COM
TRX001139,CT-00400,2026-06-19 13:42,Pagamento,11953.27,caixa eletronico,FARMACIA SAO JOAO
TRX001224,CT-00814,31/01/2026,Pix,"-557,18",Internet Banking,NETFLIX.COM
TRX000107,CT-00776,12/08/2026,DEPOSITO,"R$ 56,63",,NETFLIX.COM
TRX001456,CT-00539,2026-05-06,boleto,"-3.230,35",Caixa Eletrônico,RENDIMENTO POUPANCA
TRX000676,CT-00506,08/02/2026 22:22,Débito Cartão,"-900,81",internet banking,  PADARIA DO ZE  
TRX001813,CT-00650,2025-12-04,boleto,-104.22,AGENCIA,UBER *TRIP
TRX001743,CT-00429,03-08-2025,PIX,"282,21",IB,PAG*MercadoLivre
TRX001942,CT-00379,2026-03-11 04:17,deposito,"274,67",Aplicativo,SUPERMERCADO BOM PRECO
TRX001985,CT-00375,13/08/2025 04:45,PIX,"-166,12",APP,UBER *TRIP
TRX001693,CT-00316,20-09-2025 20:33,deposito,"R$ 213,36",App,UBER *TRIP
TRX001558,CT-00159,19/03/2026,BOLETO,"R$ 63.185,59",,  PADARIA DO ZE  
TRX001583,CT-00948,12/08/26,BOLETO,-6681.88,Internet Banking,PIX QR CODE
TRX000564,CT-00343,2026-03-18,Saque,"R$ 11.164,39",agencia,RENDIMENTO POUPANCA
TRX000021,CT-00343,2025-11-13,Pagamento,11150.71,internet banking,FARMACIA SAO JOAO
TRX000795,CT-00302,2026-04-29 19:19,Pix,"-1.436,20",APP,SUPERMERCADO BOM PRECO
TRX001317,CT-00330,2026-01-27 12:36,saque,R$ 295.31,internet banking,RENDIMENTO POUPANCA
TRX000998,CT-00220,24/03/2026,Débito Cartão,"18,87",Aplicativo,AMAZON MKTPLACE
TRX000101,CT-00740,10/10/2025,TED,"212,58",,FARMACIA SAO JOAO
TRX001492,CT-00048,12-01-2026 23:54,PIX,211.18,Agência,UBER *TRIP
TRX001769,CT-00956,15/11/2025 21:32,Pix,"207,74",caixa eletronico,IFOOD *IFOOD
TRX001422,CT-00626,17/06/26 20:18,Boleto,"R$ 269,72",agencia,NETFLIX.COM
TRX000279,CT-00909,12/08/2025 19:52,BOLETO,"R$ 174,32",Caixa Eletrônico,  PADARIA DO ZE  
TRX001058,CT-00955,14/04/2026,DEPOSITO,52.49,IB,RENDIMENTO POUPANCA
TRX002035,CT-00634,2025-12-13,Pix,"R$ 88,30",App,POSTO SHELL BR
TRX000637,CT-00831,10-08-2026,saque,"R$ 751,08",Internet Banking,TARIFA PACOTE SERVICOS
TRX000796,CT-00938,21/04/2026 05:58,pix,"-237,89",IB,FOLHA PAGAMENTO
TRX000216,CT-00037,20/03/2026 05:56,Compra Débito,R$ 6379.07,Internet Banking,PAG*MercadoLivre
TRX001471,CT-00920,22/10/25 17:18,Débito Cartão,"-223,39",Agência,PIX QR CODE
TRX000547,CT-00309,2026-05-23 03:15,TED,"R$ 277,01",agencia,RENDIMENTO POUPANCA
TRX001233,CT-00019,28/11/2025,ted,"-256,62",App,FOLHA PAGAMENTO
TRX001883,CT-00554,12/08/2025,Boleto,"-1.036,43",agencia,FOLHA PAGAMENTO
TRX001799,CT-00560,19/10/25 06:44,Pix,"1.413,62",AGENCIA,
TRX000886,CT-00953,19/04/2026,Débito Cartão,-1017.26,internet banking,FARMACIA SAO JOAO
TRX000372,CT-00143,21/10/2025 10:08,Pagamento,"27.996,85",internet banking,  PADARIA DO ZE  
TRX001597,CT-00444,27/01/2026 12:00,Compra Débito,N/A,IB,RENDIMENTO POUPANCA
TRX001887,CT-00839,2026-02-12 20:26,pagto,7005.41,agencia,NETFLIX.COM
TRX001119,CT-00987,14/03/2026,boleto,"R$ 1.236,77",App,
TRX000593,CT-00257,01-04-2026 06:37,Pix,"721,86",app,FOLHA PAGAMENTO
TRX001470,CT-00501,28/02/2026 17:36,BOLETO,"1.739,62",agencia,RENDIMENTO POUPANCA
TRX001347,CT-00155,02/10/25,DEPOSITO,278.36,ATM,FOLHA PAGAMENTO
TRX001041,CT-00105,26/09/2025 03:37,pagto,R$ 79.18,AGENCIA,FARMACIA SAO JOAO
TRX001384,CT-00344,07/08/2025,DEPOSITO,"14156,31",APP,FOLHA PAGAMENTO
TRX002078,CT-00666,15-02-2026,DEPOSITO,0,ATM,PAG*MercadoLivre
TRX001486,CT-00366,20/09/2025 20:38,PIX,"9.321,07",Agência,NETFLIX.COM
TRX000736,CT-00590,2025-11-25 13:46,Pix,"-286,17",APP,NETFLIX.COM
TRX001071,CT-00933,31/03/2026,Saque,-12551.51,agencia,TRANSF ENTRE CONTAS
TRX001187,CT-00903,10/07/2026 09:42,saque,"-43.600,97",app,RENDIMENTO POUPANCA
TRX000097,CT-00162,2025-10-02,TED,"R$ 96,88",agencia,FOLHA PAGAMENTO
TRX002019,CT-00253,13-02-2026 09:36,BOLETO,"R$ 130,90",APP,SUPERMERCADO BOM PRECO
TRX002059,CT-00231,03/10/2025,Depósito,"R$ 226,33",App,
TRX000919,CT-00524,09/09/2025,DOC,"R$ 58,22",IB,FOLHA PAGAMENTO
TRX001322,CT-00775,18/10/2025,TED,N/A,App,TRANSF ENTRE CONTAS
TRX000850,CT-00004,09/02/2026 21:21,BOLETO,"R$ 24.227,22",ATM,FOLHA PAGAMENTO
TRX000491,CT-00430,09/12/2025,DOC,"R$ 43,51",,PIX QR CODE
TRX001462,CT-00270,2025-10-29 05:43,Boleto,"R$ 6.500,22",Agência,TRANSF ENTRE CONTAS
TRX000864,CT-00025,26-09-2025 07:54,DOC,"371,78",agencia,FOLHA PAGAMENTO
TRX001093,CT-00439,19/01/2026,debito cartao,R$ 43.83,APP,FARMACIA SAO JOAO
TRX000685,CT-00273,2025-08-15,deposito,"R$ 20.794,95",app,TRANSF ENTRE CONTAS
TRX000596,CT-00301,2026-06-09,DEPOSITO,R$ 88.08,AGENCIA,RENDIMENTO POUPANCA
TRX001978,CT-00318,16/08/2025,Depósito,"180,68",Caixa Eletrônico,NETFLIX.COM
TRX000734,CT-00828,09/11/2025 01:56,saque,"286,83",caixa eletronico,POSTO SHELL BR
TRX001336,CT-00808,2026-03-30 08:15,BOLETO,689.53,app,TARIFA PACOTE SERVICOS
TRX001433,CT-00427,01/02/2026 10:27,BOLETO,"-210,81",internet banking,UBER *TRIP
TRX000598,CT-00745,13/05/2026,Depósito,"284,63",APP,POSTO SHELL BR
TRX000865,CT-00247,16-jul-2026,saque,43894.08,caixa eletronico,SUPERMERCADO BOM PRECO
TRX000119,CT-00131,20-11-2025 06:19,BOLETO,"76063,09",ATM,RENDIMENTO POUPANCA
TRX001810,CT-00701,04/08/2025 08:24,Saque,R$ 1363.69,internet banking,  PADARIA DO ZE  
TRX001762,CT-00715,2026-06-26,pix,74374.99,caixa eletronico,FOLHA PAGAMENTO
TRX000381,CT-00257,2026-06-29,Saque,,App,TRANSF ENTRE CONTAS
TRX001117,CT-00399,16/03/26,deposito,102.32,App,POSTO SHELL BR
TRX001283,CT-00766,10/03/2026,BOLETO,"1.148,91",Internet Banking,NETFLIX.COM
TRX001188,CT-00058,18/04/2026 11:52,BOLETO,R$ 23.21,APP,UBER *TRIP
TRX000718,CT-00111,12/12/2025 20:32,DOC,-108.60,AGENCIA,FOLHA PAGAMENTO
TRX000150,CT-00503,08/10/2025,Pagamento,"R$ 243,44",App,NETFLIX.COM
TRX000446,CT-00080,26/05/2026 17:33,TED,"R$ 100,36",Agência,RENDIMENTO POUPANCA
TRX000806,CT-00681,30/05/2026,deposito,4073.55,Internet Banking,TARIFA PACOTE SERVICOS
TRX000069,CT-00762,11/08/2025,boleto,"R$ 6.913,06",ATM,PIX QR CODE
TRX001011,CT-00821,02/05/2026,TED,"179,19",agencia,  PADARIA DO ZE  
TRX000680,CT-00650,31/10/25,Saque,0,App,SUPERMERCADO BOM PRECO
TRX000036,CT-00448,14-03-2026,Boleto,"212,36",Agência,AMAZON MKTPLACE
TRX000155,CT-00359,2025-10-12 07:23,DEPOSITO,"R$ 1.212,13",Internet Banking,PIX QR CODE
TRX000073,CT-00647,02-01-2026,PIX,"R$ 3.896,10",agencia,POSTO SHELL BR
TRX001581,CT-00626,10/07/2026,DEPOSITO,"R$ 159,05",ATM,UBER *TRIP
TRX000587,CT-00484,2026-05-24 07:34,ted,"R$ 77.960,01",,PIX QR CODE
TRX000098,CT-00146,2026-05-11,DEPOSITO,"R$ 268,03",APP,IFOOD *IFOOD
TRX000479,CT-00044,16-04-2026,saque,"R$ 36,21",app,POSTO SHELL BR
TRX001075,CT-00895,2026-03-25,pagto,"-3032,74",APP,TRANSF ENTRE CONTAS
TRX000899,CT-00519,15/08/2026,boleto,"-864,08",Agência,SUPERMERCADO BOM PRECO
TRX000799,CT-00168,30/11/25 07:42,Compra Débito,-62.65,IB,POSTO SHELL BR
TRX001735,CT-00663,06/05/2026 16:35,deposito,"1.997,66",App,NETFLIX.COM
TRX000005,CT-00921,27/08/2025,DEPOSITO,R$ 200.89,ATM,TARIFA PACOTE SERVICOS
TRX001290,CT-00743,08/11/2025,debito cartao,"R$ 8.131,10",caixa eletronico,TARIFA PACOTE SERVICOS
TRX001582,CT-00007,16/11/2025,Depósito,"90,64",agencia,IFOOD *IFOOD
TRX000819,CT-00892,21-07-2026,BOLETO,"-288,53",internet banking,FARMACIA SAO JOAO
TRX001947,CT-00737,10/01/2026,pix,"R$ 263,20",Internet Banking,RENDIMENTO POUPANCA
TRX000535,CT-00461,01/10/2025 18:15,saque,"789,17",internet banking,NETFLIX.COM
TRX001386,CT-00669,11/07/26,PIX,"-263,71",Internet Banking,PIX QR CODE
TRX001185,CT-00801,27/04/26 18:52,saque,"184,65",app,IFOOD *IFOOD
TRX001786,CT-00827,13/07/2026,BOLETO,-119.71,ATM,
TRX000099,CT-00237,27-01-2026 05:21,Compra Débito,"-1.462,96",AGENCIA,PIX QR CODE
TRX001046,CT-00013,2025-11-13,DEPOSITO,"1.770,42",App,SUPERMERCADO BOM PRECO
TRX001005,CT-00168,2025-08-21 01:12,DEPOSITO,"67,85",agencia,PAG*MercadoLivre
TRX000661,CT-00035,06/11/25 15:33,deposito,R$ 268.63,APP,TARIFA PACOTE SERVICOS
TRX000339,CT-00803,15/09/2025 15:28,ted,"9.578,29",Caixa Eletrônico,UBER *TRIP
TRX001118,CT-00841,25-10-2025,boleto,"R$ 459,13",agencia,POSTO SHELL BR
TRX000803,CT-00093,17-09-2025 17:24,Depósito,9324.62,Agência,PIX QR CODE
TRX000321,CT-00515,26/01/2026,Boleto,"R$ 12.124,94",,POSTO SHELL BR
TRX001016,CT-00191,12/11/2025,saque,"R$ 283,58",agencia,FOLHA PAGAMENTO
TRX000991,CT-00495,2026-05-06 18:25,Pagamento,"R$ 628,56",caixa eletronico,PIX QR CODE
TRX000752,CT-00127,26/11/25,debito cartao,"-8.714,41",,UBER *TRIP
TRX000639,CT-00655,15/06/2026 14:35,Boleto,"1.536,54",ATM,UBER *TRIP
TRX000668,CT-00342,09-nov-2025,pix,"R$ 11.368,78",internet banking,
TRX000745,CT-00508,06/10/2025,Débito Cartão,"862,01",ATM,AMAZON MKTPLACE
TRX001787,CT-00159,24/09/2025,Pagamento,"891,36",ATM,RENDIMENTO POUPANCA
TRX001379,CT-00840,2026-06-18 16:56,DEPOSITO,"329,20",App,PAG*MercadoLivre
TRX000146,CT-00663,03/07/2026 00:12,DEPOSITO,"R$ 695,10",internet banking,PIX QR CODE
TRX001013,CT-00186,2026-06-18,saque,"1302,97",Caixa Eletrônico,TRANSF ENTRE CONTAS
TRX002038,CT-00612,22/12/2025 23:55,PIX,R$ 1844.46,,
TRX000301,CT-00679,06/12/2025,pagto,R$ 213.31,App,FOLHA PAGAMENTO
TRX001319,CT-00788,2025-11-23 15:42,Depósito,"R$ 19,81",app,NETFLIX.COM
TRX001615,CT-00620,02-04-2026 13:10,deposito,"44,58",caixa eletronico,SUPERMERCADO BOM PRECO
TRX001573,CT-00363,2026-03-01,DOC,"70,53",Aplicativo,UBER *TRIP
TRX001550,CT-00698,22/10/2025 15:47,PIX,"-499,81",Aplicativo,  PADARIA DO ZE  
TRX000557,CT-00848,19/09/2025,Boleto,"-1.389,00",Aplicativo,FOLHA PAGAMENTO
TRX001551,CT-00012,14-12-2025 06:45,TED,"R$ 36,32",IB,POSTO SHELL BR
TRX000141,CT-00165,2025-11-21 20:48,Boleto,,App,NETFLIX.COM
TRX000681,CT-00021,05/09/2025 01:05,Boleto,-77055.02,app,TARIFA PACOTE SERVICOS
TRX001448,CT-00856,07/04/2026 05:18,Pagamento,"-1861,28",caixa eletronico,FOLHA PAGAMENTO
TRX000726,CT-00395,28/09/25,boleto,"R$ 31,35",IB,IFOOD *IFOOD
TRX001827,CT-00223,05-07-2026,DOC,"-252,66",APP,TARIFA PACOTE SERVICOS
TRX001230,CT-00265,14/02/2026,PIX,R$ 190.15,Internet Banking,IFOOD *IFOOD
TRX000768,CT-00972,15-06-2026 01:19,TED,"195,70",internet banking,TARIFA PACOTE SERVICOS
TRX001962,CT-00480,2025-08-18,DOC,"R$ 626,70",ATM,RENDIMENTO POUPANCA
TRX001302,CT-00782,2026-03-11,boleto,"285,62",agencia,POSTO SHELL BR
TRX000541,CT-00089,10-09-2025,Débito Cartão,"1.197,18",internet banking,TRANSF ENTRE CONTAS
TRX000431,CT-00650,26-11-2025,DOC,"-125,06",Agência,SUPERMERCADO BOM PRECO
TRX001297,CT-00776,16-01-2026,Pagamento,"-281,24",app,
TRX002091,CT-00267,15/11/2025 11:19,Depósito,"R$ 251,77",Caixa Eletrônico,FOLHA PAGAMENTO
TRX001348,CT-00178,14/12/25,Depósito,"R$ 285,60",Agência,PIX QR CODE
TRX000615,CT-00397,10-06-2026,pagto,"217,97",,TRANSF ENTRE CONTAS
TRX001007,CT-00442,2026-01-25 23:43,Saque,4896.38,Agência,NETFLIX.COM
TRX000831,CT-00640,2025-08-13,Pix,-27.47,APP,AMAZON MKTPLACE
TRX001130,CT-00049,2025-08-18,PIX,-256.15,Internet Banking,AMAZON MKTPLACE
TRX000231,CT-00630,23/01/2026,TED,"650,79",AGENCIA,NETFLIX.COM
TRX000106,CT-00835,25/01/26,TED,"R$ 7.859,48",APP,NETFLIX.COM
TRX000014,CT-00870,24/04/2026,Depósito,"35,09",Agência,POSTO SHELL BR
TRX002085,CT-00637,2026-08-11 00:30,debito cartao,150.40,Internet Banking,TARIFA PACOTE SERVICOS
TRX000156,CT-00413,13-07-2026,Compra Débito,"-6.527,12",internet banking,RENDIMENTO POUPANCA
TRX001730,CT-00261,2025-10-04 00:24,DEPOSITO,225.18,agencia,IFOOD *IFOOD
TRX001972,CT-00902,15-07-2026 01:27,TED,-269.50,app,TRANSF ENTRE CONTAS
TRX000809,CT-00750,2026-03-28,Depósito,"4.616,99",APP,AMAZON MKTPLACE
TRX000737,CT-00396,19/09/2025 17:13,Saque,273.82,,PIX QR CODE
TRX001098,CT-00375,2026-04-11 15:17,pagto,1391.02,Agência,IFOOD *IFOOD
TRX001432,CT-00115,2025-08-28 15:56,debito cartao,"R$ 1.681,64",Aplicativo,FOLHA PAGAMENTO
TRX000877,CT-00445,13/12/2025,ted,193.10,,AMAZON MKTPLACE
TRX000219,CT-00450,2026-06-19,ted,"-59.221,13",agencia,FOLHA PAGAMENTO
TRX000239,CT-00850,16/06/2026,pagto,"R$ 138,40",APP,SUPERMERCADO BOM PRECO
TRX001662,CT-00509,2025-12-18,DEPOSITO,"R$ 8,54",app,
TRX001511,CT-00120,2026-06-11,Compra Débito,"R$ 13.444,67",Caixa Eletrônico,NETFLIX.COM
TRX001065,CT-00311,17/01/2026,TED,R$ 11430.22,AGENCIA,IFOOD *IFOOD
TRX000018,CT-00808,2025-10-21,Depósito,"648,47",caixa eletronico,NETFLIX.COM
TRX001521,CT-00022,2026-05-14 23:32,boleto,1664.53,caixa eletronico,SUPERMERCADO BOM PRECO
TRX002039,CT-00711,12/08/2025 08:45,ted,"-111,71",App,FARMACIA SAO JOAO
TRX000083,CT-00177,22-out-2025,boleto,"34.867,74",internet banking,TARIFA PACOTE SERVICOS
TRX000845,CT-00881,08/02/2026,TED,"-91,80",Agência,POSTO SHELL BR
TRX001848,CT-00953,29/06/2026 16:42,boleto,"-276,84",AGENCIA,FARMACIA SAO JOAO
TRX001622,CT-00550,2026-07-14,Saque,"83,71",App,TRANSF ENTRE CONTAS
TRX001687,CT-00954,2025-08-16 08:35,PIX,"590,09",ATM,FOLHA PAGAMENTO
TRX001552,CT-00299,29/06/2026 06:13,PIX,"R$ 61,70",Aplicativo,UBER *TRIP
TRX000238,CT-00191,15-05-2026,boleto,"R$ 1.173,50",internet banking,PIX QR CODE
TRX001198,CT-00577,03-06-2026 03:37,debito cartao,"-188,78",Internet Banking,TARIFA PACOTE SERVICOS
TRX000286,CT-00697,04/11/2025 10:34,Depósito,"75,28",IB,PIX QR CODE
TRX000136,CT-00676,11/04/26,DOC,"5826,25",app,UBER *TRIP
TRX001756,CT-00457,2026-04-12,Saque,-11022.62,Internet Banking,POSTO SHELL BR
TRX001337,CT-00136,03/07/2026 20:52,TED,"R$ 13.620,30",Caixa Eletrônico,FARMACIA SAO JOAO
TRX000300,CT-00547,14/05/2026,debito cartao,-79.93,APP,TRANSF ENTRE CONTAS
TRX000486,CT-00091,22/07/2026,BOLETO,"25458,29",ATM,SUPERMERCADO BOM PRECO
TRX000634,CT-00287,03/06/26 19:45,deposito,"235,25",ATM,AMAZON MKTPLACE
TRX001096,CT-00914,2025-09-03,ted,"R$ 846,55",Aplicativo,TARIFA PACOTE SERVICOS
TRX001020,CT-00225,2026-04-05,saque,"R$ 276,67",,
TRX000228,CT-00245,24/03/2026 14:05,boleto,"8.907,99",Internet Banking,PIX QR CODE
TRX001452,CT-00327,28/03/2026,saque,,Internet Banking,NETFLIX.COM
TRX001539,CT-00534,07-06-2026 18:06,Débito Cartão,"-100,35",Caixa Eletrônico,FARMACIA SAO JOAO
TRX001062,CT-00190,12/10/2025 20:12,Pagamento,-715.53,caixa eletronico,  PADARIA DO ZE  
TRX001624,CT-00624,2026-04-25 16:27,deposito,"14664,00",IB,IFOOD *IFOOD
TRX001561,CT-00086,13/12/2025 08:50,Saque,0,Aplicativo,UBER *TRIP
TRX001528,CT-00842,05-abr-2026 22:34,pix,"-236,46",ATM,
TRX001025,CT-00667,2025-11-27 22:43,Compra Débito,"-222,03",Agência,PAG*MercadoLivre
TRX001929,CT-00727,03-05-2026 21:40,TED,"5707,82",Aplicativo,
TRX000920,CT-00749,2026-06-19,Pix,"19,40",ATM,NETFLIX.COM
TRX000922,CT-00326,15/05/2026,Pagamento,R$ 277.24,internet banking,  PADARIA DO ZE  
TRX000999,CT-00361,28/09/2025 22:15,pix,-121.82,Agência,TRANSF ENTRE CONTAS
TRX001822,CT-00411,2025-10-26,Débito Cartão,84.31,app,IFOOD *IFOOD
TRX000068,CT-00410,19/11/2025,Débito Cartão,0,caixa eletronico,  PADARIA DO ZE  
TRX000969,CT-00410,15/11/2025,Depósito,"29.483,08",AGENCIA,TARIFA PACOTE SERVICOS
TRX000854,CT-00124,23/12/2025 00:24,PIX,"R$ 6.783,36",Agência,FOLHA PAGAMENTO
TRX000054,CT-00262,29/05/2026,debito cartao,"133,91",ATM,POSTO SHELL BR
TRX000869,CT-00245,27/08/2025 02:38,DEPOSITO,"R$ 78,30",,FARMACIA SAO JOAO
TRX001042,CT-00338,11/08/2026,DEPOSITO,R$ 1302.80,internet banking,AMAZON MKTPLACE
TRX000343,CT-00151,15/08/26 17:36,deposito,83.64,APP,POSTO SHELL BR
TRX000808,CT-00711,2026-03-09,saque,"R$ 177,44",internet banking,FOLHA PAGAMENTO
TRX001559,CT-00914,2025-09-29 03:11,Pagamento,"R$ 268,79",IB,RENDIMENTO POUPANCA
TRX000941,CT-00453,21-10-2025 18:43,TED,"R$ 721,21",IB,IFOOD *IFOOD
TRX000521,CT-00068,2026-01-20 00:05,pagto,"R$ 9.367,50",ATM,TARIFA PACOTE SERVICOS
TRX001919,CT-00466,2025-08-16,saque,"-8.751,47",app,TARIFA PACOTE SERVICOS
TRX000730,CT-00504,03/10/2025,PIX,R$ 3397.14,IB,POSTO SHELL BR
TRX001376,CT-00262,10/08/2026 05:07,Boleto,"-1.937,23",AGENCIA,TRANSF ENTRE CONTAS
TRX000774,CT-00634,25/12/2025,pix,"-173,31",internet banking,SUPERMERCADO BOM PRECO
TRX000708,CT-00599,25/05/26,Saque,94.91,Agência,TRANSF ENTRE CONTAS
TRX000143,CT-00199,17/07/2026 23:50,deposito,"R$ 211,14",Internet Banking,FOLHA PAGAMENTO
TRX001249,CT-00662,2025-12-06,pix,"R$ 239,60",Caixa Eletrônico,PIX QR CODE
TRX000395,CT-00777,16-05-2026,boleto,"-5.744,82",Caixa Eletrônico,NETFLIX.COM
TRX002080,CT-00151,01/09/2025 12:39,Depósito,3826.58,IB,FARMACIA SAO JOAO
TRX000600,CT-00759,12/08/25,ted,8171.43,internet banking,FOLHA PAGAMENTO
TRX000689,CT-00284,17/02/2026,saque,"R$ 290,18",Agência,IFOOD *IFOOD
TRX001692,CT-00834,30/04/26,saque,"-101,64",Caixa Eletrônico,SUPERMERCADO BOM PRECO
TRX001948,CT-00755,27/03/26,Saque,61.87,ATM,PIX QR CODE
TRX000492,CT-00714,2025-12-28,Pagamento,-18026.91,Caixa Eletrônico,NETFLIX.COM
TRX002079,CT-00193,30/12/2025,ted,"65,23",caixa eletronico,  PADARIA DO ZE  
TRX000037,CT-00264,20/09/2025 05:14,Boleto,39.10,,AMAZON MKTPLACE
TRX000894,CT-00233,2025-08-25,Pix,-1613.39,ATM,RENDIMENTO POUPANCA
TRX000171,CT-00007,11-07-2026 10:03,PIX,"R$ 177,40",AGENCIA,NETFLIX.COM
TRX001393,CT-00749,26-mar-2026 10:34,DOC,"-252,18",IB,UBER *TRIP
TRX001377,CT-00501,21/12/25 22:21,Pagamento,-92.13,internet banking,NETFLIX.COM
TRX000913,CT-00320,09/08/2025 07:41,boleto,"R$ 1.684,66",app,AMAZON MKTPLACE
TRX000243,CT-00747,2026-04-28,PIX,288.27,Caixa Eletrônico,TARIFA PACOTE SERVICOS
TRX001415,CT-00079,31-05-2026,BOLETO,"R$ 1.679,04",App,POSTO SHELL BR
TRX001057,CT-00711,21-09-2025 00:02,deposito,"1.711,09",caixa eletronico,AMAZON MKTPLACE
TRX000550,CT-00257,2026-02-10 17:03,pix,"R$ 889,44",AGENCIA,  PADARIA DO ZE  
TRX000457,CT-00571,2025-12-20 21:56,ted,"94,43",Caixa Eletrônico,
TRX002028,CT-00725,10/07/26 10:13,deposito,256.13,ATM,PAG*MercadoLivre
TRX001024,CT-00073,12-jun-2026,deposito,14895.11,IB,  PADARIA DO ZE  
TRX000534,CT-00418,29/01/2026,DOC,"830,63",APP,SUPERMERCADO BOM PRECO
TRX001022,CT-00060,18/04/2026 07:09,PIX,"R$ 1.857,09",Internet Banking,  PADARIA DO ZE  
TRX001197,CT-00059,25-06-2026,Boleto,12936.07,IB,  PADARIA DO ZE  
TRX000328,CT-00603,2025-08-25,Depósito,29644.03,agencia,IFOOD *IFOOD
TRX000975,CT-00892,2025-10-26,DEPOSITO,"94,73",App,FARMACIA SAO JOAO
TRX000858,CT-00665,07/01/26 20:11,pagto,"192,54",IB,RENDIMENTO POUPANCA
TRX001202,CT-00845,2026-02-10 07:30,TED,"-137,01",App,UBER *TRIP
TRX000684,CT-01028,28/07/2026,Compra Débito,R$ 144.28,Aplicativo,
TRX001880,CT-00688,08/07/2026 04:37,ted,"-1.697,25",Caixa Eletrônico,POSTO SHELL BR
TRX000010,CT-00524,2026-05-14,ted,R$ 1303.19,internet banking,POSTO SHELL BR
TRX001843,CT-00029,17-02-2026,Pix,"-843,72",caixa eletronico,AMAZON MKTPLACE
TRX001408,CT-00769,15/03/2026,pix,"R$ 183,13",Aplicativo,UBER *TRIP
TRX000766,CT-00667,11/09/2025 07:55,debito cartao,R$ 375.53,agencia,POSTO SHELL BR
TRX001421,CT-00142,2026-05-20 13:56,pix,"141,06",Agência,IFOOD *IFOOD
TRX000935,CT-00519,17/10/2025,pix,2263.23,Aplicativo,
TRX000314,CT-00438,2026-05-12,pagto,N/A,Internet Banking,PIX QR CODE
TRX000788,CT-00503,27-03-2026,TED,"R$ 72,59",,UBER *TRIP
TRX000249,CT-00600,06/12/25 10:00,Pix,40.29,Internet Banking,  PADARIA DO ZE  
TRX000447,CT-01022,04/01/2026 18:11,pagto,1472.36,ATM,
TRX001709,CT-00182,19-11-2025 01:29,Boleto,11130.97,internet banking,RENDIMENTO POUPANCA
TRX001715,CT-00724,2026-01-08 05:14,PIX,"13,68",app,TARIFA PACOTE SERVICOS
TRX001759,CT-00725,24/03/2026,BOLETO,"153,27",AGENCIA,FOLHA PAGAMENTO
TRX001950,CT-00533,17/03/2026 12:19,ted,"-135,13",Caixa Eletrônico,IFOOD *IFOOD
TRX000705,CT-00796,27/06/2026 00:38,TED,R$ 7144.48,AGENCIA,SUPERMERCADO BOM PRECO
TRX001585,CT-00103,22/10/25 05:41,Débito Cartão,"R$ 701,11",App,FARMACIA SAO JOAO
TRX001744,CT-00168,17/06/2026 15:37,BOLETO,"-77,56",Caixa Eletrônico,SUPERMERCADO BOM PRECO
TRX001327,CT-00575,03/09/25 12:38,Pagamento,"186,54",Agência,SUPERMERCADO BOM PRECO
TRX000915,CT-00564,11/04/2026,saque,"-46.119,44",caixa eletronico,UBER *TRIP
TRX000075,CT-00337,25/11/2025 10:18,ted,"R$ 1.796,23",internet banking,IFOOD *IFOOD
TRX000234,CT-00123,21/07/26,DEPOSITO,"R$ 202,36",APP,POSTO SHELL BR
TRX000129,CT-00150,12/12/2025 05:02,boleto,"10,23",caixa eletronico,IFOOD *IFOOD
TRX000257,CT-00249,2025-11-01,pix,"R$ 104,30",internet banking,FOLHA PAGAMENTO
TRX000434,CT-00058,24-10-2025,ted,"R$ 1.184,68",APP,  PADARIA DO ZE  
TRX001501,CT-00396,01/03/26 11:14,deposito,0,AGENCIA,AMAZON MKTPLACE
TRX001924,CT-00716,2025-08-08 19:40,BOLETO,221.28,App,POSTO SHELL BR
TRX000377,CT-00440,09/05/2026 17:54,boleto,N/A,App,FOLHA PAGAMENTO
TRX000529,CT-00887,27/11/25 13:16,Débito Cartão,399.25,AGENCIA,IFOOD *IFOOD
TRX001823,CT-00725,10-03-2026,Pagamento,"184,02",app,IFOOD *IFOOD
TRX001161,CT-00180,13/04/2026,ted,R$ 117.69,internet banking,POSTO SHELL BR
TRX000291,CT-00698,09-abr-2026 03:05,Depósito,42.59,internet banking,IFOOD *IFOOD
TRX000020,CT-00435,11/12/2025,ted,0,ATM,NETFLIX.COM
TRX002064,CT-00722,28/12/2025 04:06,ted,"435,96",APP,FOLHA PAGAMENTO
TRX001600,CT-00141,23/07/2026,saque,"305,11",app,SUPERMERCADO BOM PRECO
TRX001002,CT-00146,2026-02-20,boleto,-6025.56,Internet Banking,PAG*MercadoLivre
TRX000612,CT-00385,21/05/2026,pix,N/A,agencia,AMAZON MKTPLACE
TRX000543,CT-00352,31-12-2025 23:00,ted,867.29,caixa eletronico,PIX QR CODE
TRX000426,CT-00389,2025-12-23 04:13,boleto,"R$ 216,78",caixa eletronico,TARIFA PACOTE SERVICOS
TRX001439,CT-00659,2026-05-23,PIX,"R$ 9.693,04",app,PIX QR CODE
TRX000252,CT-00118,05-04-2026 01:15,Boleto,R$ 1413.13,Internet Banking,NETFLIX.COM
TRX001578,CT-00479,30/07/2026 13:06,Depósito,"R$ 39,46",APP,AMAZON MKTPLACE
TRX000669,CT-00430,07-06-2026 10:50,Compra Débito,R$ 234.56,ATM,PIX QR CODE
TRX000006,CT-00287,22/03/2026,ted,"259,97",AGENCIA,SUPERMERCADO BOM PRECO
TRX000688,CT-00934,12/09/25,Depósito,"R$ 1.868,85",caixa eletronico,TARIFA PACOTE SERVICOS
TRX001996,CT-00272,2025-10-20,Compra Débito,,agencia,SUPERMERCADO BOM PRECO
TRX000830,CT-00141,12/10/2025 09:46,pix,"R$ 1.447,41",agencia,IFOOD *IFOOD
TRX001871,CT-00602,31-12-2025,pagto,"169,19",App,IFOOD *IFOOD
TRX001149,CT-00935,02/07/2026 10:53,deposito,"R$ 991,63",Agência,RENDIMENTO POUPANCA
TRX000762,CT-00726,23/02/26,Débito Cartão,R$ 539.00,caixa eletronico,SUPERMERCADO BOM PRECO
TRX001652,CT-00517,25/02/26,Pagamento,-1874.76,IB,AMAZON MKTPLACE
TRX000895,CT-00683,2025-11-23,Débito Cartão,"-1.282,46",AGENCIA,TARIFA PACOTE SERVICOS
TRX001121,CT-00659,2026-05-04 19:47,DEPOSITO,"691,62",IB,FOLHA PAGAMENTO
TRX000835,CT-00082,2026-06-22,Boleto,R$ 245.08,IB,SUPERMERCADO BOM PRECO
TRX001707,CT-00867,17/11/2025 23:07,Compra Débito,"R$ 1.342,33",app,UBER *TRIP
TRX000673,CT-00247,03-01-2026,pagto,1232.71,AGENCIA,PAG*MercadoLivre
TRX001162,CT-00216,2026-07-18 01:47,BOLETO,"1.196,85",Caixa Eletrônico,RENDIMENTO POUPANCA
TRX000048,CT-00478,18/08/2025 13:48,ted,"-134,09",internet banking,POSTO SHELL BR
TRX001849,CT-00840,2025-08-10,TED,"-62.461,28",app,POSTO SHELL BR
TRX000294,CT-00684,2025-12-30 02:25,PIX,"215,80",Aplicativo,SUPERMERCADO BOM PRECO
TRX000170,CT-00865,11/02/2026 23:03,debito cartao,N/A,,POSTO SHELL BR
TRX001276,CT-00243,15/07/2026 01:47,DOC,"R$ 271,31",Caixa Eletrônico,TARIFA PACOTE SERVICOS
TRX000128,CT-00665,2026-03-06,debito cartao,R$ 289.01,IB,TARIFA PACOTE SERVICOS
TRX001281,CT-00915,08-08-2025 14:53,TED,R$ 204.36,AGENCIA,UBER *TRIP
TRX001696,CT-00606,2026-03-17 21:32,pix,"-1.490,40",ATM,POSTO SHELL BR
TRX001717,CT-00380,2026-02-07,Pagamento,R$ 374.26,Aplicativo,POSTO SHELL BR
TRX001369,CT-00597,19/05/2026,DEPOSITO,1086.92,caixa eletronico,TRANSF ENTRE CONTAS
TRX000576,CT-00389,19/01/2026 06:24,deposito,"R$ 15,31",APP,UBER *TRIP
TRX000654,CT-00456,02/07/26 16:59,saque,0,IB,  PADARIA DO ZE  
TRX001355,CT-00635,08/07/26 21:23,DOC,"R$ 1.671,09",AGENCIA,POSTO SHELL BR
TRX002052,CT-00830,06-nov-2025,Pix,245.53,Internet Banking,FARMACIA SAO JOAO
TRX001518,CT-00711,05/09/2025,Pagamento,"R$ 162,20",APP,FARMACIA SAO JOAO
TRX001815,CT-00822,22/01/2026,Boleto,"R$ 999,50",app,SUPERMERCADO BOM PRECO
TRX001839,CT-00512,2025-10-30,TED,R$ 64306.14,APP,POSTO SHELL BR
TRX000469,CT-00781,2026-06-20 01:56,ted,R$ 1340.26,IB,  PADARIA DO ZE  
TRX001614,CT-00620,21/01/2026 07:53,Pix,"-185,69",APP,SUPERMERCADO BOM PRECO
TRX001981,CT-00616,18/08/2025 04:53,ted,,AGENCIA,AMAZON MKTPLACE
TRX002066,CT-00725,12-08-2026 13:54,BOLETO,"R$ 248,45",IB,FOLHA PAGAMENTO
TRX000967,CT-00533,2025-09-28 00:18,ted,198.69,agencia,AMAZON MKTPLACE
TRX001010,CT-00168,06/05/2026,DOC,"-924,28",Caixa Eletrônico,  PADARIA DO ZE  
TRX000396,CT-00529,2026-01-14,deposito,"R$ 39,02",App,FOLHA PAGAMENTO
TRX000553,CT-00897,22/03/2026 16:26,boleto,219.45,internet banking,TARIFA PACOTE SERVICOS
TRX001569,CT-00297,2026-08-07,debito cartao,"-214,85",app,PAG*MercadoLivre
TRX001831,CT-00600,05/04/2026 21:14,debito cartao,,internet banking,AMAZON MKTPLACE
TRX000361,CT-00446,23/01/2026,TED,"-185,93",Agência,FOLHA PAGAMENTO
TRX001934,CT-00835,2026-03-01,Depósito,30191.28,internet banking,IFOOD *IFOOD
TRX001323,CT-00659,2026-03-31 09:16,Boleto,4313.26,Agência,PAG*MercadoLivre
TRX001204,CT-00149,24/05/2026,pagto,"1.313,06",,SUPERMERCADO BOM PRECO
TRX001608,CT-00830,11/12/25,pix,-150.06,APP,TRANSF ENTRE CONTAS
TRX000608,CT-00384,03/09/2025 23:17,pagto,"R$ 1.501,37",AGENCIA,POSTO SHELL BR
TRX000137,CT-00915,18/07/2026,pagto,"-6.382,10",Agência,TARIFA PACOTE SERVICOS
TRX001294,CT-00553,20/09/2025 17:55,Boleto,"R$ 37,54",IB,TARIFA PACOTE SERVICOS
TRX001785,CT-00918,2025-09-28,debito cartao,"6.430,87",App,
TRX001700,CT-00309,09/02/2026,debito cartao,23529.05,agencia,PAG*MercadoLivre
TRX000929,CT-00622,2025-10-25,TED,"241,25",agencia,
TRX001241,CT-00794,20-10-2025 04:06,debito cartao,26.41,ATM,FARMACIA SAO JOAO
TRX001331,CT-00771,14/08/2025,DEPOSITO,"R$ 908,06",,FOLHA PAGAMENTO
TRX001330,CT-00145,2025-11-21,debito cartao,"123,62",Caixa Eletrônico,  PADARIA DO ZE  
TRX001219,CT-00476,15/12/2025 02:34,Compra Débito,"226,42",AGENCIA,TARIFA PACOTE SERVICOS
TRX001617,CT-01011,2025-08-05 23:40,Depósito,89.61,Caixa Eletrônico,NETFLIX.COM
TRX000510,CT-00828,01/08/26 21:25,TED,178.43,Caixa Eletrônico,SUPERMERCADO BOM PRECO
TRX001160,CT-00414,05-03-2026,pagto,"R$ 105,68",internet banking,FARMACIA SAO JOAO
TRX001556,CT-00231,2025-08-04 18:05,Pagamento,"R$ 566,24",Internet Banking,IFOOD *IFOOD
TRX000582,CT-00552,20/01/2026 13:24,ted,N/A,Aplicativo,FARMACIA SAO JOAO
TRX000848,CT-01010,13/05/2026,PIX,R$ 1727.29,agencia,TRANSF ENTRE CONTAS
TRX000804,CT-00222,07-jun-2026,DOC,"R$ 8.242,20",ATM,SUPERMERCADO BOM PRECO
TRX002016,CT-00691,2025-12-08 19:44,debito cartao,"153,88",caixa eletronico,RENDIMENTO POUPANCA
TRX001865,CT-00248,2026-07-09 11:38,Boleto,"R$ 231,02",App,AMAZON MKTPLACE
TRX000064,CT-00464,07-01-2026 03:39,Pix,-21.40,Internet Banking,PIX QR CODE
TRX001247,CT-00857,2026-06-18,TED,60.80,,SUPERMERCADO BOM PRECO
TRX001946,CT-00713,2025-10-18 10:32,Compra Débito,-21.41,internet banking,TRANSF ENTRE CONTAS
TRX000544,CT-00178,11/10/2025 01:51,ted,"479,12",Aplicativo,AMAZON MKTPLACE
TRX001958,CT-00586,14/02/2026 09:57,deposito,"R$ 718,01",Aplicativo,
TRX001304,CT-00259,2025-08-05,Compra Débito,"1656,95",IB,FARMACIA SAO JOAO
TRX000801,CT-00163,13/03/26,Pix,R$ 87.07,Caixa Eletrônico,SUPERMERCADO BOM PRECO
TRX000566,CT-00602,2026-06-24 01:33,boleto,R$ 49.17,Aplicativo,UBER *TRIP
TRX001454,CT-00279,2025-10-08 16:09,Pagamento,11876.56,IB,PIX QR CODE
TRX001045,CT-00197,2026-08-07,pix,"R$ 13.972,56",APP,SUPERMERCADO BOM PRECO
TRX001560,CT-00515,2025-09-25,BOLETO,N/A,,RENDIMENTO POUPANCA
TRX000723,CT-00105,09/02/26,ted,"-1017,27",app,UBER *TRIP
TRX000906,CT-00448,24/02/2026 13:30,Pix,R$ 269.48,App,RENDIMENTO POUPANCA
TRX001316,CT-00980,30/03/2026,Pix,"-426,02",APP,FARMACIA SAO JOAO
TRX000193,CT-00794,22/04/2026 16:33,Débito Cartão,"50.687,90",APP,NETFLIX.COM
TRX000199,CT-00470,2025-09-05,boleto,"51,12",caixa eletronico,TRANSF ENTRE CONTAS
TRX001014,CT-00222,19/06/2026,DEPOSITO,"235,76",AGENCIA,IFOOD *IFOOD
TRX000046,CT-00184,09/09/2025,pix,"143,87",internet banking,TRANSF ENTRE CONTAS
TRX000893,CT-00557,11/04/2026,BOLETO,,,AMAZON MKTPLACE
TRX000618,CT-00115,18-07-2026 02:04,PIX,,APP,RENDIMENTO POUPANCA
TRX000660,CT-00669,14-12-2025,Saque,"-7.431,91",,PIX QR CODE
TRX001073,CT-01027,04/01/2026,Saque,"R$ 743,04",Agência,NETFLIX.COM
TRX000480,CT-00180,2025-09-28,DOC,R$ 4097.71,app,IFOOD *IFOOD
TRX000487,CT-00165,2025-09-08 12:35,Débito Cartão,135.89,AGENCIA,IFOOD *IFOOD
TRX000422,CT-00558,21/02/2026 11:38,DEPOSITO,"12.048,38",app,FOLHA PAGAMENTO
TRX000401,CT-00031,10/08/2025,DEPOSITO,137.70,app,  PADARIA DO ZE  
TRX001607,CT-00900,2025-11-21,boleto,"90,51",IB,TARIFA PACOTE SERVICOS
TRX002005,CT-00203,2026-06-01,Depósito,R$ 493.75,Internet Banking,FOLHA PAGAMENTO
TRX000641,CT-00003,30/06/2026,pagto,"R$ 800,07",,PIX QR CODE
TRX001324,CT-00469,26/09/2025 13:22,DOC,9132.01,agencia,
TRX000477,CT-00645,2025-11-22,DEPOSITO,R$ 16.50,IB,UBER *TRIP
TRX001301,CT-00058,2025-10-17 08:29,DEPOSITO,26610.52,App,AMAZON MKTPLACE
TRX001901,CT-00252,2026-02-23,DOC,-143.61,ATM,PAG*MercadoLivre
TRX001925,CT-00885,17/08/2025,saque,R$ 16.08,Agência,SUPERMERCADO BOM PRECO
TRX000337,CT-00203,09-12-2025,Débito Cartão,894.48,caixa eletronico,AMAZON MKTPLACE
TRX001261,CT-00914,24/12/2025 16:32,pix,0,app,PIX QR CODE
TRX002010,CT-00214,09-mai-2026,DOC,115.05,ATM,TRANSF ENTRE CONTAS
TRX000551,CT-00497,02-10-2025,Saque,"R$ 600,63",AGENCIA,IFOOD *IFOOD
TRX001591,CT-00028,30-03-2026 11:48,pagto,"R$ 860,69",AGENCIA,SUPERMERCADO BOM PRECO
TRX001055,CT-00250,23/09/25,Débito Cartão,"R$ 208,46",AGENCIA,FOLHA PAGAMENTO
TRX000111,CT-00969,2026-07-30,Boleto,"167,89",app,IFOOD *IFOOD
TRX001124,CT-00704,12/11/2025,PIX,"393,81",AGENCIA,
TRX000195,CT-00004,2026-04-20 00:11,TED,74.65,Internet Banking,RENDIMENTO POUPANCA
TRX001009,CT-00868,23/12/2025,Compra Débito,"132,59",agencia,  PADARIA DO ZE  
TRX000454,CT-00694,2026-03-12 00:30,saque,14315.26,ATM,FARMACIA SAO JOAO
TRX001777,CT-00841,2026-06-03 06:02,Débito Cartão,"-652,05",app,AMAZON MKTPLACE
TRX002062,CT-00853,31/03/2026 06:13,Saque,"3.363,53",Agência,NETFLIX.COM
TRX000413,CT-00566,19/01/2026 21:05,Pix,"215,31",app,  PADARIA DO ZE  
TRX000786,CT-00490,16-09-2025 07:42,debito cartao,"5.664,46",agencia,FOLHA PAGAMENTO
TRX000039,CT-00569,2026-06-24 17:57,PIX,-271.29,ATM,  PADARIA DO ZE  
TRX000349,CT-00290,17/03/2026,deposito,"1.875,21",agencia,SUPERMERCADO BOM PRECO
TRX000580,CT-00955,20-fev-2026,boleto,R$ 1340.16,caixa eletronico,IFOOD *IFOOD
TRX001638,CT-00916,09/10/2025,Pix,-7059.00,app,TRANSF ENTRE CONTAS
TRX001587,CT-00826,2026-05-19 14:26,Pagamento,R$ 209.66,IB,
TRX000218,CT-00364,17-07-2026,Boleto,R$ 5961.06,APP,PAG*MercadoLivre
TRX000908,CT-00094,02/12/25,PIX,"R$ 211,78",agencia,RENDIMENTO POUPANCA
TRX001270,CT-00513,2026-03-08 20:24,ted,"R$ 4.706,87",App,SUPERMERCADO BOM PRECO
TRX000251,CT-00666,31/10/2025 23:33,pagto,1874.22,ATM,POSTO SHELL BR
TRX002025,CT-00613,2026-01-30 05:40,boleto,-143.10,Internet Banking,SUPERMERCADO BOM PRECO
TRX001828,CT-00223,22/12/2025,ted,"R$ 207,09",agencia,PIX QR CODE
TRX000957,CT-00027,2026-08-02,TED,"25.274,86",,FOLHA PAGAMENTO
TRX000383,CT-00120,2026-05-21,deposito,"R$ 443,25",caixa eletronico,SUPERMERCADO BOM PRECO
TRX000118,CT-00452,08/04/2026,BOLETO,"R$ 101,10",Caixa Eletrônico,PIX QR CODE
TRX000379,CT-00201,25/05/2026 00:00,DOC,-192.39,ATM,RENDIMENTO POUPANCA
TRX001577,CT-00874,2026-08-08 13:07,Pix,"R$ 56,89",agencia,RENDIMENTO POUPANCA
TRX002074,CT-00290,10-04-2026,Boleto,40.50,,  PADARIA DO ZE  
TRX001090,CT-00087,2026-08-15,boleto,"21,66",ATM,FOLHA PAGAMENTO
TRX001562,CT-00589,24-02-2026 01:57,pagto,"R$ 21,56",Caixa Eletrônico,
TRX000764,CT-01019,01/10/25,DOC,34.23,ATM,RENDIMENTO POUPANCA
TRX000179,CT-00322,2026-04-04,Débito Cartão,"-63.511,80",caixa eletronico,  PADARIA DO ZE  
TRX000728,CT-00078,14/09/2025,pix,"R$ 12.985,05",,PIX QR CODE
TRX001291,CT-00713,2025-09-12 10:26,Pagamento,"R$ 1.224,46",Agência,FOLHA PAGAMENTO
TRX000613,CT-00546,2026-04-29 20:31,BOLETO,0,caixa eletronico,FOLHA PAGAMENTO
TRX001119,CT-00987,14/03/2026,boleto,"R$ 1.236,77",App,
TRX000574,CT-00846,28/04/2026,deposito,1317.91,IB,AMAZON MKTPLACE
TRX001412,CT-00470,10/09/2025,Depósito,151.24,,IFOOD *IFOOD
TRX001158,CT-00272,16/01/2026,DEPOSITO,274.31,App,  PADARIA DO ZE  
TRX000009,CT-00230,08/10/25 10:46,deposito,"170,52",APP,
TRX001570,CT-00248,21/04/26,boleto,"171,70",,
TRX000240,CT-00364,20/02/2026 05:53,Saque,"R$ 129,63",app,FOLHA PAGAMENTO
TRX001708,CT-00883,2026-06-27,BOLETO,"611,06",Agência,
TRX000946,CT-00833,2025-11-05 00:32,boleto,"-9,83",caixa eletronico,TRANSF ENTRE CONTAS
TRX001588,CT-00479,2026-06-03 19:49,boleto,"1.807,95",caixa eletronico,TARIFA PACOTE SERVICOS
TRX000917,CT-00129,2026-01-09 03:15,boleto,-54.88,Aplicativo,FARMACIA SAO JOAO
TRX000236,CT-00118,31/12/2025,deposito,R$ 10784.90,caixa eletronico,UBER *TRIP
TRX001396,CT-00232,19/09/2025,PIX,"8.748,18",,FARMACIA SAO JOAO
TRX000802,CT-00777,2026-01-21 16:29,Boleto,N/A,AGENCIA,POSTO SHELL BR
TRX002048,CT-00383,2025-12-16 03:49,Boleto,-1465.52,app,  PADARIA DO ZE  
TRX002044,CT-00832,2025-09-30 19:55,Débito Cartão,"179,68",caixa eletronico,POSTO SHELL BR
TRX001507,CT-00454,04/08/2026,Pagamento,"R$ 804,74",agencia,PIX QR CODE
TRX000784,CT-00464,2025-09-15 17:13,Compra Débito,"-275,53",Aplicativo,
TRX001710,CT-00837,14/08/2026,BOLETO,"R$ 1.530,55",Internet Banking,PIX QR CODE
TRX001136,CT-00689,2025-10-12 09:58,saque,"R$ 10.808,49",ATM,PIX QR CODE
TRX001672,CT-00710,2025-12-15 10:23,ted,"R$ 58,41",caixa eletronico,PAG*MercadoLivre
TRX001961,CT-00063,04/11/2025,DOC,"R$ 173,65",Internet Banking,RENDIMENTO POUPANCA
TRX000805,CT-00102,06/08/2025 07:33,TED,"R$ 1.500,51",caixa eletronico,  PADARIA DO ZE  
TRX001363,CT-00772,2026-06-13,Depósito,"R$ 46,21",agencia,POSTO SHELL BR
TRX001030,CT-00479,10-12-2025,debito cartao,"73,92",,  PADARIA DO ZE  
TRX001318,CT-00040,24-06-2026,Saque,"-291,67",App,RENDIMENTO POUPANCA
TRX001475,CT-00500,2026-03-23,boleto,127.02,AGENCIA,IFOOD *IFOOD
TRX001350,CT-00216,2026-06-23,Compra Débito,"R$ 6,89",app,FOLHA PAGAMENTO
TRX000060,CT-00311,01-09-2025,pagto,"1201,33",Internet Banking,FOLHA PAGAMENTO
TRX000120,CT-00056,09-04-2026 15:05,DEPOSITO,"R$ 1.426,68",Aplicativo,SUPERMERCADO BOM PRECO
TRX000414,CT-00103,2025-09-07 22:45,PIX,"R$ 57,63",agencia,RENDIMENTO POUPANCA
TRX001894,CT-00453,2026-03-10,Pagamento,"-1899,94",internet banking,IFOOD *IFOOD
TRX002081,CT-00525,2025-10-26,Pagamento,"-1.324,69",agencia,RENDIMENTO POUPANCA
TRX001406,CT-00159,13/04/2026,TED,-98.10,Aplicativo,TRANSF ENTRE CONTAS
TRX000041,CT-00529,2026-07-30 20:00,BOLETO,"R$ 1.435,62",AGENCIA,SUPERMERCADO BOM PRECO
TRX001628,CT-00531,06/08/26 04:42,deposito,"1.393,79",,PIX QR CODE
TRX000820,CT-00219,26/10/25 05:17,Débito Cartão,"1256,25",Agência,TRANSF ENTRE CONTAS
TRX000722,CT-00714,2026-07-12 21:26,Pagamento,0,agencia,FOLHA PAGAMENTO
TRX001926,CT-00268,03-set-2025,pagto,"-1.963,67",caixa eletronico,RENDIMENTO POUPANCA
TRX001370,CT-00611,2026-02-25 12:54,Compra Débito,219.88,Aplicativo,FARMACIA SAO JOAO
TRX001742,CT-00660,28/06/2026 00:02,DOC,,APP,FOLHA PAGAMENTO
TRX000308,CT-00246,15/11/2025,boleto,"R$ 52,43",internet banking,
TRX001142,CT-00321,2025-11-07 07:23,DOC,,,PIX QR CODE
TRX000331,CT-00465,2025-08-25 01:22,boleto,"-18,55",Agência,  PADARIA DO ZE  
TRX000939,CT-00716,2026-06-23 08:30,TED,69.58,Aplicativo,AMAZON MKTPLACE
TRX000622,CT-00315,01/08/26,Compra Débito,"R$ 117,35",Internet Banking,PIX QR CODE
TRX001910,CT-00954,2026-06-18 20:35,Débito Cartão,-258.50,App,PAG*MercadoLivre
TRX000262,CT-00454,16/12/25 22:34,TED,1760.17,Caixa Eletrônico,
TRX001896,CT-00543,26/03/2026,Débito Cartão,-1692.29,internet banking,  PADARIA DO ZE  
TRX001434,CT-00268,2026-05-17,TED,"1.711,79",IB,PIX QR CODE
TRX001103,CT-00711,2026-01-22 16:33,boleto,"843,87",Agência,UBER *TRIP
TRX001572,CT-00840,18-12-2025,BOLETO,"-10.492,68",internet banking,NETFLIX.COM
TRX000001,CT-00660,26/01/2026 13:53,Boleto,"-1.596,48",internet banking,TARIFA PACOTE SERVICOS
TRX000632,CT-00022,19/07/2026,ted,"R$ 80,91",Agência,IFOOD *IFOOD
TRX000609,CT-00194,14/12/2025 16:59,DOC,0,Aplicativo,SUPERMERCADO BOM PRECO
TRX000579,CT-00516,20-01-2026,saque,"R$ 104,88",App,TRANSF ENTRE CONTAS
TRX001671,CT-00683,19/12/2025 06:56,pagto,"R$ 142,45",AGENCIA,SUPERMERCADO BOM PRECO
TRX001258,CT-00390,02-12-2025,boleto,"-14.412,74",Aplicativo,NETFLIX.COM
TRX000160,CT-00332,01-04-2026,Débito Cartão,280.63,IB,IFOOD *IFOOD
TRX000065,CT-00852,22/11/2025,Compra Débito,"291,12",ATM,FARMACIA SAO JOAO
TRX002022,CT-00844,16-nov-2025 10:49,Pix,R$ 42.41,Internet Banking,PAG*MercadoLivre
TRX000571,CT-00537,29/11/2025,Boleto,"-1.748,71",Aplicativo,
TRX000187,CT-00124,20/03/2026 18:40,PIX,"R$ 68,56",AGENCIA,UBER *TRIP
TRX000045,CT-00498,09/09/2025 03:36,Pagamento,"40,06",internet banking,AMAZON MKTPLACE
TRX000102,CT-00037,2026-01-16 02:26,Pagamento,"938,35",Agência,AMAZON MKTPLACE
TRX000330,CT-00986,12/06/2026,Saque,"8.585,19",caixa eletronico,SUPERMERCADO BOM PRECO
TRX001678,CT-00369,30/12/2025,Pagamento,"-63.126,35",App,UBER *TRIP
TRX000484,CT-00492,13-09-2025 15:54,PIX,R$ 2252.75,caixa eletronico,IFOOD *IFOOD
TRX001199,CT-00442,07/05/2026,debito cartao,"R$ 237,16",agencia,TARIFA PACOTE SERVICOS
TRX000465,CT-00505,2026-02-03,Débito Cartão,"R$ 241,63",ATM,IFOOD *IFOOD
TRX000341,CT-00542,26-10-2025 17:37,boleto,"2367,51",App,SUPERMERCADO BOM PRECO
TRX000049,CT-00320,16-09-2025,BOLETO,"75,55",ATM,
TRX001455,CT-00495,12/01/2026 03:54,deposito,R$ 1711.37,APP,NETFLIX.COM
TRX000357,CT-00685,06/11/25 20:05,deposito,,Internet Banking,TRANSF ENTRE CONTAS
TRX000936,CT-00456,17/08/2025 00:47,debito cartao,"212,30",caixa eletronico,UBER *TRIP
TRX001681,CT-00165,03/05/2026,saque,"-226,39",Aplicativo,PAG*MercadoLivre
TRX000214,CT-00522,2026-02-17,DEPOSITO,"433,11",Aplicativo,RENDIMENTO POUPANCA
TRX000856,CT-00221,14/10/25 22:09,deposito,0,Aplicativo,TARIFA PACOTE SERVICOS
TRX001666,CT-00571,2025-10-01 00:08,pagto,"R$ 45,15",AGENCIA,FOLHA PAGAMENTO
TRX001553,CT-00200,11-07-2026 13:43,pix,"-266,39",app,
TRX000892,CT-00459,04/07/2026,saque,"R$ 287,44",Aplicativo,TRANSF ENTRE CONTAS
TRX000421,CT-00612,04/06/2026 06:11,Compra Débito,"-1.102,70",Agência,SUPERMERCADO BOM PRECO
TRX001745,CT-00660,13-dez-2025,saque,"R$ 25.823,97",agencia,TARIFA PACOTE SERVICOS
TRX001362,CT-00469,03-04-2026,Saque,"61,23",internet banking,PAG*MercadoLivre
TRX001908,CT-00108,30/10/2025 14:44,saque,"235,66",ATM,RENDIMENTO POUPANCA
TRX001272,CT-00476,24/01/2026,deposito,410.68,APP,TARIFA PACOTE SERVICOS
TRX000530,CT-00798,24/10/2025,Saque,"R$ 284,97",APP,AMAZON MKTPLACE
TRX001529,CT-00545,19/05/2026,pagto,"93,75",app,POSTO SHELL BR
TRX000290,CT-00649,2026-07-23 14:36,Pagamento,"1043,26",Aplicativo,SUPERMERCADO BOM PRECO
TRX000862,CT-00121,2026-06-08 03:40,Pix,R$ 1161.95,,RENDIMENTO POUPANCA
TRX001076,CT-00633,2026-07-11,pix,"-183,41",APP,  PADARIA DO ZE  
TRX001259,CT-00440,2026-04-25 14:57,pagto,"R$ 174,04",Aplicativo,PIX QR CODE
TRX001531,CT-00878,2026-07-17,PIX,"R$ 1.388,19",Caixa Eletrônico,PAG*MercadoLivre
TRX001798,CT-00330,2026-06-26 21:43,Compra Débito,"9535,11",Aplicativo,  PADARIA DO ZE  
TRX000512,CT-00293,2026-03-08 15:39,DOC,R$ 10915.23,Internet Banking,
TRX000816,CT-00369,2026-05-25 18:31,pix,"1.516,73",Aplicativo,PAG*MercadoLivre
TRX002015,CT-00858,2025-09-10 18:46,TED,,,RENDIMENTO POUPANCA
TRX001159,CT-00020,2025-08-04,DEPOSITO,58.86,AGENCIA,RENDIMENTO POUPANCA
TRX000161,CT-00710,2026-06-29 13:33,TED,"R$ 13.133,01",,UBER *TRIP
TRX000296,CT-00049,28-08-2025 00:51,TED,"R$ 161,84",ATM,FARMACIA SAO JOAO
TRX000813,CT-00833,2025-09-03 08:56,DEPOSITO,"R$ 269,68",Caixa Eletrônico,PAG*MercadoLivre
TRX000897,CT-00860,12/03/2026 12:33,deposito,42.48,Caixa Eletrônico,  PADARIA DO ZE  
TRX001399,CT-00547,2026-02-23 04:10,DEPOSITO,"1.697,21",Aplicativo,
TRX001888,CT-00040,30/05/26 23:23,debito cartao,N/A,Aplicativo,SUPERMERCADO BOM PRECO
TRX001275,CT-00522,25/04/26,Saque,"R$ 43,50",AGENCIA,AMAZON MKTPLACE
TRX000879,CT-00439,2025-10-31 22:47,Depósito,"20,63",APP,RENDIMENTO POUPANCA
TRX000202,CT-00657,21-04-2026,Débito Cartão,"-1.774,23",Caixa Eletrônico,
TRX001620,CT-00396,25-12-2025 12:26,pix,"810,94",,SUPERMERCADO BOM PRECO
TRX001466,CT-00795,15-ago-2026,Compra Débito,-805.19,Aplicativo,NETFLIX.COM
TRX002040,CT-00066,2026-04-19,PIX,"44.290,15",App,AMAZON MKTPLACE
TRX001123,CT-00539,2026-02-15,Depósito,12601.89,caixa eletronico,NETFLIX.COM
TRX001526,CT-00409,26/09/2025,Depósito,"7,21",ATM,AMAZON MKTPLACE
TRX000880,CT-00288,14/10/25 11:57,Boleto,"-74.295,28",Caixa Eletrônico,POSTO SHELL BR
TRX001307,CT-00643,17/04/2026 11:35,Saque,,internet banking,IFOOD *IFOOD
TRX001792,CT-00922,04/04/26 05:01,Saque,-205.61,Agência,UBER *TRIP
TRX001209,CT-00411,08/08/2026 19:37,debito cartao,"-1.849,69",App,UBER *TRIP
TRX000026,CT-00036,2025-11-04 08:48,PIX,0,APP,IFOOD *IFOOD
TRX001286,CT-00254,23/11/2025,Compra Débito,"-304,15",Aplicativo,FARMACIA SAO JOAO
TRX002026,CT-00898,2025-10-17 21:48,ted,"219,30",ATM,NETFLIX.COM
TRX000978,CT-00894,2026-08-03 02:16,Depósito,892.29,AGENCIA,FARMACIA SAO JOAO
TRX001179,CT-00745,24/04/2026 22:05,TED,N/A,App,
TRX000575,CT-00828,2026-04-23 05:05,DEPOSITO,162.18,app,TRANSF ENTRE CONTAS
TRX000614,CT-00891,2026-01-02,DOC,"-689,16",caixa eletronico,FOLHA PAGAMENTO
TRX000843,CT-00450,01/08/2025,pix,"R$ 37,81",Caixa Eletrônico,TRANSF ENTRE CONTAS
TRX001684,CT-00712,27-11-2025,Débito Cartão,"R$ 1.242,39",ATM,FOLHA PAGAMENTO
TRX002041,CT-00730,2025-11-08 22:37,saque,"R$ 30,75",Internet Banking,PAG*MercadoLivre
TRX000565,CT-00086,24-05-2026,Saque,"R$ 1.259,76",caixa eletronico,  PADARIA DO ZE  
TRX001584,CT-00464,17/07/2026 08:03,Pix,R$ 50.46,internet banking,IFOOD *IFOOD
TRX001944,CT-00657,20/06/2026,pix,"7266,00",caixa eletronico,PAG*MercadoLivre
TRX001038,CT-00606,2026-01-02 02:03,DEPOSITO,"13715,60",app,  PADARIA DO ZE  
TRX000007,CT-00626,18/06/2026,Saque,"-907,09",ATM,AMAZON MKTPLACE
TRX001705,CT-00096,10/11/2025,debito cartao,1954.67,Caixa Eletrônico,FOLHA PAGAMENTO
TRX000378,CT-00742,2025-10-30 22:51,DOC,"-2.056,08",IB,SUPERMERCADO BOM PRECO
TRX000909,CT-00581,11/09/25 12:10,boleto,0,Agência,PAG*MercadoLivre
TRX000405,CT-00469,02/12/2025,BOLETO,"R$ 270,70",agencia,IFOOD *IFOOD
TRX000727,CT-00085,2026-02-10,Compra Débito,R$ 12438.13,,FARMACIA SAO JOAO
TRX000283,CT-00059,14-04-2026,pagto,R$ 235.64,Agência,NETFLIX.COM
TRX000771,CT-00152,31-dez-2025,BOLETO,"R$ 224,91",Caixa Eletrônico,TARIFA PACOTE SERVICOS
TRX001265,CT-00179,17/10/2025,pix,"-63,11",Caixa Eletrônico,TRANSF ENTRE CONTAS
TRX001305,CT-00361,2026-05-06 15:04,Pagamento,"R$ 187,67",App,NETFLIX.COM
TRX000740,CT-00520,23/12/2025 14:47,debito cartao,143.36,App,TARIFA PACOTE SERVICOS
TRX000033,CT-00478,2026-02-01,Saque,253.58,IB,PAG*MercadoLivre
TRX000902,CT-00225,11/07/2026 21:48,ted,-134.99,internet banking,PAG*MercadoLivre
TRX000715,CT-00466,2025-09-03,DOC,"R$ 237,51",app,SUPERMERCADO BOM PRECO
TRX000192,CT-00016,20/09/2025,Saque,"R$ 187,50",Caixa Eletrônico,POSTO SHELL BR
TRX001417,CT-00836,06/05/26 21:10,pix,"-5.201,71",caixa eletronico,  PADARIA DO ZE  
TRX001657,CT-00024,2026-01-27,boleto,"-695,45",Caixa Eletrônico,PAG*MercadoLivre
TRX001498,CT-00082,18/09/2025 03:30,deposito,,app,AMAZON MKTPLACE
TRX001242,CT-00595,2026-06-12 07:05,PIX,"276,95",App,  PADARIA DO ZE  
TRX001056,CT-00788,2025-11-04,TED,R$ 167.90,App,RENDIMENTO POUPANCA
TRX001733,CT-00296,17/05/2026 11:21,pagto,"278,84",,POSTO SHELL BR
TRX001192,CT-00453,26-12-2025 17:24,Boleto,"-624,31",Internet Banking,SUPERMERCADO BOM PRECO
TRX000652,CT-00316,21/09/2025 10:41,ted,N/A,caixa eletronico,NETFLIX.COM
TRX000703,CT-00097,2026-05-10,Depósito,3435.06,ATM,UBER *TRIP
TRX000997,CT-00668,23/04/2026 23:40,BOLETO,23.34,AGENCIA,NETFLIX.COM
TRX002043,CT-00505,2025-12-06,debito cartao,532.91,Internet Banking,
TRX001612,CT-00541,15/10/2025,Compra Débito,"R$ 9.970,26",ATM,UBER *TRIP
TRX000761,CT-00029,2025-12-14,Depósito,"848,31",IB,NETFLIX.COM
TRX000559,CT-00873,2026-02-16 10:37,saque,"-209,66",Agência,AMAZON MKTPLACE
TRX000650,CT-00398,09-09-2025 01:31,BOLETO,"R$ 1.671,01",Aplicativo,
TRX000751,CT-00938,16/12/2025 08:26,DEPOSITO,"5.064,36",IB,TRANSF ENTRE CONTAS
TRX000590,CT-00012,2026-06-14,pagto,-122.41,caixa eletronico,
TRX000207,CT-00730,07/05/2026,debito cartao,"-45.564,00",App,  PADARIA DO ZE  
TRX001360,CT-00520,2026-04-03 16:24,ted,"R$ 262,81",caixa eletronico,  PADARIA DO ZE  
TRX001341,CT-00760,2025-09-12,Pagamento,"91,95",internet banking,UBER *TRIP
TRX001141,CT-00913,21-dez-2025,Débito Cartão,"9.151,79",agencia,FARMACIA SAO JOAO
TRX001428,CT-00462,27/11/2025 23:01,pix,"R$ 250,08",APP,
TRX000017,CT-00803,17-11-2025,Pix,"944,43",app,AMAZON MKTPLACE
TRX001148,CT-00039,2026-04-28 00:00,boleto,"85,41",IB,FOLHA PAGAMENTO
TRX001537,CT-00881,2025-09-13,saque,"-718,77",Internet Banking,  PADARIA DO ZE  
TRX001411,CT-00208,07/01/26 11:43,DEPOSITO,R$ 975.72,caixa eletronico,TARIFA PACOTE SERVICOS
TRX000833,CT-00502,2025-09-19,ted,"21,74",App,  PADARIA DO ZE  
TRX000494,CT-00699,2025-09-21,deposito,1664.12,APP,TARIFA PACOTE SERVICOS
TRX000682,CT-00991,09-jun-2026,Débito Cartão,"29,46",ATM,RENDIMENTO POUPANCA
TRX001244,CT-00321,03/02/2026 06:07,ted,"78,53",app,UBER *TRIP
TRX000597,CT-00719,15/09/2025 09:04,pagto,60.16,App,FARMACIA SAO JOAO
TRX001413,CT-00317,02/02/2026,BOLETO,"R$ 3.340,44",,PIX QR CODE
TRX000891,CT-00774,31/07/26,debito cartao,"693,79",IB,FARMACIA SAO JOAO
TRX000306,CT-00672,02/08/2026 07:31,Compra Débito,"R$ 33,42",App,PAG*MercadoLivre
TRX001129,CT-00637,24/06/2026 11:48,Boleto,"-552,08",APP,PAG*MercadoLivre
TRX000310,CT-00628,2026-04-14,Pix,R$ 128.77,caixa eletronico,TARIFA PACOTE SERVICOS
TRX000507,CT-00487,24-04-2026,debito cartao,"193,93",caixa eletronico,POSTO SHELL BR
TRX000123,CT-00263,2025-09-27,BOLETO,"-461,43",App,
TRX000586,CT-00133,2025-08-04,Saque,"187,63",App,
TRX000691,CT-00028,06-09-2025,PIX,"73.055,86",Internet Banking,  PADARIA DO ZE  
TRX001793,CT-00826,31/08/2025 15:00,saque,"R$ 1.335,66",,FOLHA PAGAMENTO
TRX001349,CT-00209,2025-10-20,BOLETO,219.94,Agência,SUPERMERCADO BOM PRECO
TRX001368,CT-00722,08/06/2026 17:25,deposito,"R$ 164,03",Aplicativo,UBER *TRIP
TRX001221,CT-00289,2026-07-02 10:13,DOC,"R$ 59,29",Caixa Eletrônico,PIX QR CODE
TRX001168,CT-00952,13/03/2026,Compra Débito,"-43,38",Agência,FOLHA PAGAMENTO
TRX001616,CT-00107,10/11/2025 04:43,DOC,"269,18",Agência,
TRX000883,CT-00416,08/03/2026 20:15,Pix,"7.707,99",IB,FARMACIA SAO JOAO
TRX001389,CT-00899,2025-10-08,Depósito,639.05,agencia,NETFLIX.COM
TRX000984,CT-00103,18/02/2026,Pagamento,131.32,AGENCIA,SUPERMERCADO BOM PRECO
TRX001564,CT-00798,2025-10-01,debito cartao,-1486.68,APP,FARMACIA SAO JOAO
TRX000303,CT-00266,2025-08-15 06:03,PIX,"967,03",,NETFLIX.COM
TRX001689,CT-00864,18-06-2026 20:48,deposito,"230,63",ATM,IFOOD *IFOOD
TRX000162,CT-00908,25/01/26 18:57,Pix,"881,47",Caixa Eletrônico,PIX QR CODE
TRX002086,CT-00099,2025-09-10,deposito,"R$ 384,73",internet banking,IFOOD *IFOOD
TRX001431,CT-00182,19/05/26 09:59,TED,1403.99,IB,PIX QR CODE
TRX000930,CT-00604,02/02/2026,DOC,"128,25",Agência,TRANSF ENTRE CONTAS
TRX001008,CT-00948,08/08/2025,pix,-1028.43,Internet Banking,  PADARIA DO ZE  
TRX000533,CT-00870,10/04/2026 06:09,Saque,"-963,25",ATM,POSTO SHELL BR
TRX000977,CT-00849,30-12-2025,PIX,0,Aplicativo,POSTO SHELL BR
TRX001951,CT-00701,2026-06-05 10:52,TED,"R$ 243,84",Agência,AMAZON MKTPLACE
TRX001747,CT-00434,2026-04-03 20:36,Compra Débito,49.88,caixa eletronico,TRANSF ENTRE CONTAS
TRX001388,CT-00456,13/11/2025,PIX,"1.538,73",IB,FOLHA PAGAMENTO
TRX000158,CT-00321,2026-06-07 09:50,Compra Débito,208.58,agencia,TRANSF ENTRE CONTAS
TRX002004,CT-00879,08/11/2025 11:27,ted,"R$ 1.403,30",,UBER *TRIP
TRX001260,CT-00616,16/11/25 19:41,debito cartao,10365.12,AGENCIA,NETFLIX.COM
TRX000990,CT-00927,07/08/2025 03:22,boleto,-67434.32,AGENCIA,  PADARIA DO ZE  
TRX001867,CT-00621,01/08/25 05:09,ted,"255,48",AGENCIA,
TRX001031,CT-00444,09/02/2026 11:09,Compra Débito,"R$ 585,14",APP,RENDIMENTO POUPANCA
TRX001527,CT-00792,22/10/25 07:27,DEPOSITO,"R$ 12.639,98",caixa eletronico,IFOOD *IFOOD
TRX002088,CT-00025,2026-03-10 15:58,Pix,-1655.23,Caixa Eletrônico,TRANSF ENTRE CONTAS
TRX001770,CT-00287,02-ago-2025,DOC,"5.764,57",,FOLHA PAGAMENTO
TRX001146,CT-00952,06/05/2026 23:24,Boleto,"241,46",Agência,FARMACIA SAO JOAO
TRX000091,CT-00910,29-07-2026,Compra Débito,"R$ 8.580,76",caixa eletronico,TARIFA PACOTE SERVICOS
TRX000241,CT-00321,2026-02-05,deposito,421.77,Aplicativo,PIX QR CODE
TRX001520,CT-00364,2026-07-18 22:11,DEPOSITO,"210,39",agencia,TARIFA PACOTE SERVICOS
TRX000272,CT-00223,2025-08-05 01:15,boleto,"1.775,39",Internet Banking,
TRX001392,CT-00004,22/03/2026 00:23,DEPOSITO,"R$ 18,71",IB,TRANSF ENTRE CONTAS
TRX001044,CT-00781,11/01/2026 10:44,Boleto,"71,39",Agência,IFOOD *IFOOD
TRX001068,CT-00954,13-06-2026 07:43,DOC,"71932,95",Aplicativo,FARMACIA SAO JOAO
TRX001829,CT-00504,2026-06-20,deposito,"R$ 1.402,29",caixa eletronico,NETFLIX.COM
TRX000943,CT-00912,04-09-2025,Compra Débito,"1067,99",ATM,RENDIMENTO POUPANCA
TRX001419,CT-00753,06/08/2025 16:05,DEPOSITO,"R$ 14.772,33",app,IFOOD *IFOOD
TRX000647,CT-00188,29/10/2025,Pagamento,"R$ 8.472,30",caixa eletronico,FOLHA PAGAMENTO
TRX001603,CT-00464,2026-05-24,debito cartao,R$ 292.94,caixa eletronico,FOLHA PAGAMENTO
TRX000463,CT-00581,2025-11-25,ted,-136.19,agencia,FARMACIA SAO JOAO
TRX000518,CT-00877,10/02/2026,saque,"R$ 276,07",Agência,UBER *TRIP
TRX000995,CT-00536,24/03/2026 19:38,pix,-1124.15,ATM,PIX QR CODE
TRX001757,CT-00532,2025-10-02 13:37,Pix,N/A,,PIX QR CODE
TRX001886,CT-00062,19/06/2026,pagto,562.57,APP,FARMACIA SAO JOAO
TRX000589,CT-00307,09-07-2026,Depósito,"406,19",internet banking,UBER *TRIP
TRX001737,CT-00796,25-set-2025 18:14,pix,11524.99,Agência,
TRX000229,CT-00118,2025-12-18 02:12,saque,"2.322,56",Aplicativo,UBER *TRIP
TRX000985,CT-00874,14/08/2025 06:42,deposito,8799.20,app,
TRX000204,CT-00956,18-11-2025 21:49,BOLETO,"R$ 1.176,92",ATM,POSTO SHELL BR
TRX001850,CT-00862,01/02/2026 20:48,saque,0,ATM,FOLHA PAGAMENTO
TRX001414,CT-00474,14/07/2026,Débito Cartão,"124,68",APP,AMAZON MKTPLACE
TRX000844,CT-00364,03/03/2026 17:07,TED,"-33.651,42",,UBER *TRIP
TRX000992,CT-00633,2026-05-29 12:13,Boleto,0,internet banking,FARMACIA SAO JOAO
TRX000334,CT-00570,30/11/2025 07:12,saque,"R$ 60.899,34",caixa eletronico,NETFLIX.COM
TRX001127,CT-00761,2025-12-15 00:23,Boleto,"R$ 12.039,08",Aplicativo,FOLHA PAGAMENTO
TRX001773,CT-00935,02/08/2026 14:20,BOLETO,1622.66,Caixa Eletrônico,UBER *TRIP
TRX001502,CT-00676,07-09-2025 22:26,Compra Débito,R$ 9861.39,Aplicativo,POSTO SHELL BR
TRX000090,CT-00612,28/12/2025 12:42,BOLETO,R$ 153.37,ATM,SUPERMERCADO BOM PRECO
TRX001205,CT-00324,31/07/2026 12:42,PIX,"-24,97",agencia,TRANSF ENTRE CONTAS
TRX000630,CT-00878,01-04-2026,DEPOSITO,R$ 267.49,AGENCIA,SUPERMERCADO BOM PRECO
TRX001960,CT-00423,06/11/2025 17:17,PIX,"55,22",internet banking,FARMACIA SAO JOAO
TRX000220,CT-00463,18/01/2026 11:45,DOC,"R$ 184,33",,
TRX000513,CT-00090,03/03/2026,pix,,Internet Banking,FOLHA PAGAMENTO
TRX000270,CT-00081,2026-06-18 01:53,Depósito,108.08,internet banking,NETFLIX.COM
TRX000947,CT-00343,20/07/26,debito cartao,"R$ 554,82",,PIX QR CODE
TRX000388,CT-00641,2026-05-06 07:52,Pix,"605,22",APP,RENDIMENTO POUPANCA
TRX000410,CT-00891,09/09/2025 16:14,Depósito,"R$ 218,25",agencia,AMAZON MKTPLACE
TRX001484,CT-00230,08/04/2026,debito cartao,"R$ 7.446,74",APP,RENDIMENTO POUPANCA
TRX001144,CT-00830,05-08-2026 08:12,Boleto,"-1107,95",Aplicativo,PAG*MercadoLivre
TRX000053,CT-00305,23/12/2025,boleto,114.32,Internet Banking,PIX QR CODE
TRX000717,CT-00742,2025-12-09 12:17,Pagamento,2193.27,AGENCIA,PAG*MercadoLivre
TRX001373,CT-00536,2025-11-01,Débito Cartão,R$ 11.33,App,NETFLIX.COM
TRX001658,CT-00827,14/08/2026,Boleto,13751.44,,FARMACIA SAO JOAO
TRX000971,CT-00349,07-06-2026,pagto,163.45,Agência,
TRX001592,CT-00775,2026-01-05 04:11,BOLETO,"180,31",App,RENDIMENTO POUPANCA
TRX000555,CT-00667,28/04/26,TED,"-121,69",caixa eletronico,IFOOD *IFOOD
TRX001868,CT-00362,12-08-2025 23:21,Saque,"-31,06",Internet Banking,
TRX000932,CT-00134,2025-11-28 13:22,pix,"132,52",IB,FARMACIA SAO JOAO
TRX000247,CT-00312,28/04/2026,PIX,"-80,44",,FOLHA PAGAMENTO
TRX001427,CT-00170,07-jan-2026,debito cartao,"-314,98",internet banking,POSTO SHELL BR
TRX000186,CT-00826,2026-01-25 16:59,DEPOSITO,"54659,74",,SUPERMERCADO BOM PRECO
TRX000242,CT-00463,27/07/26 23:47,DEPOSITO,"R$ 9.113,10",Internet Banking,FARMACIA SAO JOAO
TRX000868,CT-00162,2025-11-04,DOC,"11473,13",Caixa Eletrônico,TARIFA PACOTE SERVICOS
TRX001860,CT-00979,27/08/25,TED,"R$ 99,12",caixa eletronico,POSTO SHELL BR
TRX000354,CT-00387,2025-10-12,pix,"R$ 643,47",ATM,NETFLIX.COM
TRX000493,CT-00818,19/11/25 02:13,BOLETO,0,Internet Banking,NETFLIX.COM
TRX001647,CT-00183,10-ago-2026 20:34,Pix,"252,90",app,AMAZON MKTPLACE
TRX000113,CT-00468,27/02/2026,Débito Cartão,"-129,19",APP,POSTO SHELL BR
TRX000777,CT-00007,2025-12-09,deposito,"10.584,24",App,TARIFA PACOTE SERVICOS
TRX001225,CT-00443,15/08/2025,BOLETO,-154.56,caixa eletronico,FARMACIA SAO JOAO
TRX001547,CT-00676,07/08/2025 01:09,Débito Cartão,13079.60,,PAG*MercadoLivre
TRX001196,CT-00714,06/03/2026,Débito Cartão,R$ 910.21,Aplicativo,PIX QR CODE
TRX000316,CT-00875,16-06-2026,Saque,"31.212,16",IB,PAG*MercadoLivre
TRX001749,CT-00089,2026-01-19 20:10,TED,"-870,01",internet banking,RENDIMENTO POUPANCA
TRX000417,CT-00183,22/07/2026 19:39,boleto,-43.07,IB,IFOOD *IFOOD
TRX001651,CT-00429,30/09/2025,Pix,"R$ 1.487,92",Agência,AMAZON MKTPLACE
TRX001716,CT-00967,17/10/2025,BOLETO,R$ 1581.20,,UBER *TRIP
TRX001340,CT-00413,10-08-2025 22:14,debito cartao,"R$ 36.750,73",AGENCIA,TARIFA PACOTE SERVICOS
TRX002093,CT-00543,17/07/2026 10:37,DEPOSITO,109.20,ATM,PIX QR CODE
TRX001739,CT-00532,2026-03-31,saque,"R$ 95,62",Agência,AMAZON MKTPLACE
TRX000859,CT-00330,21/06/2026,TED,291.46,Agência,UBER *TRIP
TRX000759,CT-00542,23-11-2025 13:52,Compra Débito,"94,09",,
TRX000983,CT-00119,19/08/2025,pix,"R$ 20,70",,FARMACIA SAO JOAO
TRX001212,CT-00291,2026-04-26,saque,R$ 257.95,ATM,PIX QR CODE
TRX001993,CT-00717,2026-02-18 13:27,Pix,1538.75,Aplicativo,RENDIMENTO POUPANCA
TRX000616,CT-00880,07-12-2025,Depósito,"20.233,65",Aplicativo,FARMACIA SAO JOAO
TRX000504,CT-00083,2025-12-07,BOLETO,"R$ 134,07",AGENCIA,UBER *TRIP
TRX001912,CT-00910,22/07/26,Saque,"1636,42",AGENCIA,TARIFA PACOTE SERVICOS
TRX001984,CT-00641,11-09-2025,BOLETO,"-283,75",Aplicativo,POSTO SHELL BR
TRX000700,CT-00848,2026-05-12,deposito,"R$ 98,22",IB,PIX QR CODE
TRX001306,CT-00538,27-07-2026,pagto,"1.471,86",ATM,SUPERMERCADO BOM PRECO
TRX000256,CT-00196,08/08/2025 01:34,deposito,"930,19",APP,AMAZON MKTPLACE
TRX000503,CT-00249,26/11/2025,debito cartao,N/A,Internet Banking,POSTO SHELL BR
TRX000651,CT-00744,27/08/2025 20:58,deposito,283.59,Aplicativo,FARMACIA SAO JOAO
TRX000573,CT-00656,15-03-2026 21:49,pix,"R$ 603,78",app,FARMACIA SAO JOAO
TRX000719,CT-00344,2026-07-14 14:19,PIX,R$ 71271.65,Caixa Eletrônico,UBER *TRIP
TRX000817,CT-00332,03-08-2025,pix,5320.51,app,TARIFA PACOTE SERVICOS
TRX000400,CT-00132,29/09/2025 13:06,Pix,1521.21,agencia,AMAZON MKTPLACE
TRX001816,CT-00462,23/03/26 14:54,Compra Débito,"R$ 14.173,39",agencia,
TRX000015,CT-00280,18/06/26 08:36,Saque,"-328,01",App,AMAZON MKTPLACE
TRX001211,CT-00176,06-ago-2025 08:57,Saque,R$ 2281.63,AGENCIA,FARMACIA SAO JOAO
TRX001215,CT-00795,23-12-2025 09:47,DOC,-173.82,agencia,UBER *TRIP
TRX001811,CT-00720,18/08/2025 11:56,Depósito,N/A,caixa eletronico,FOLHA PAGAMENTO
TRX000739,CT-00172,19/03/26 23:02,pagto,"-72,79",Agência,PIX QR CODE
TRX000738,CT-01035,05-dez-2025,BOLETO,30.56,caixa eletronico,
TRX000602,CT-00767,2025-10-29,Boleto,"-347,76",caixa eletronico,  PADARIA DO ZE  
TRX000839,CT-00864,2025-09-13 13:22,Saque,"R$ 153,15",Aplicativo,TARIFA PACOTE SERVICOS
TRX000603,CT-00379,14/12/2025 07:21,Boleto,R$ 8604.82,,SUPERMERCADO BOM PRECO
TRX001125,CT-00624,14/02/2026,TED,"R$ 9.255,16",Caixa Eletrônico,AMAZON MKTPLACE
TRX000585,CT-00206,04/08/2025,debito cartao,1060.51,IB,AMAZON MKTPLACE
TRX001830,CT-00811,29/07/26,DOC,"-5.774,79",internet banking,FOLHA PAGAMENTO
TRX000032,CT-00605,2026-08-05,pagto,"R$ 1.257,81",Internet Banking,PIX QR CODE
TRX001859,CT-00794,17/07/2026 04:44,debito cartao,-177.60,Aplicativo,NETFLIX.COM
TRX000787,CT-00424,2026-07-03,PIX,-50.07,AGENCIA,PAG*MercadoLivre
TRX000758,CT-00061,10/04/26 01:15,Pix,"R$ 17.084,85",ATM,UBER *TRIP
TRX000258,CT-00480,09/07/26,Boleto,"156,21",agencia,UBER *TRIP
TRX000460,CT-00979,20-11-2025,PIX,R$ 49.02,caixa eletronico,
TRX001442,CT-00469,03/01/26 21:15,Compra Débito,"-546,02",internet banking,PAG*MercadoLivre
TRX000335,CT-00269,01/04/2026 13:13,pagto,-175.58,Agência,
TRX001356,CT-00822,29/07/2026 19:14,Boleto,"R$ 288,54",Aplicativo,FOLHA PAGAMENTO
TRX002006,CT-00560,07/03/2026,DEPOSITO,"R$ 168,53",caixa eletronico,TRANSF ENTRE CONTAS
TRX000194,CT-00319,09-08-2025,PIX,1757.91,AGENCIA,SUPERMERCADO BOM PRECO
TRX000686,CT-00272,09/04/2026 15:10,Saque,1361.19,Agência,AMAZON MKTPLACE
TRX001178,CT-00353,06/06/2026,pix,0,IB,FOLHA PAGAMENTO
TRX001175,CT-00640,11-08-2025 15:14,Pagamento,"-143,11",Internet Banking,FOLHA PAGAMENTO
TRX001112,CT-00699,21-04-2026,Compra Débito,1842.07,IB,FARMACIA SAO JOAO
TRX001437,CT-00385,31-01-2026,pix,"R$ 3.894,86",ATM,RENDIMENTO POUPANCA
TRX000307,CT-00881,01/04/2026,Boleto,R$ 1146.87,Internet Banking,FOLHA PAGAMENTO
TRX000635,CT-00399,2026-04-27,ted,"-6.220,58",app,
TRX001402,CT-00681,25/07/2026 01:19,boleto,"194,29",,TARIFA PACOTE SERVICOS
TRX000103,CT-00211,04/10/2025 22:44,Pagamento,-1838.91,Caixa Eletrônico,  PADARIA DO ZE  
TRX001339,CT-00112,11/10/2025 21:40,debito cartao,1676.15,Internet Banking,IFOOD *IFOOD
TRX000386,CT-00644,01-06-2026 15:05,pagto,"14712,00",ATM,TARIFA PACOTE SERVICOS
TRX001510,CT-00611,28/08/2025 08:38,TED,,caixa eletronico,FOLHA PAGAMENTO
TRX000138,CT-00083,20/12/2025 13:20,deposito,"188,58",caixa eletronico,FOLHA PAGAMENTO
TRX001776,CT-00234,2026-06-01,Saque,"R$ 1.016,15",Caixa Eletrônico,FOLHA PAGAMENTO
TRX000285,CT-00146,10/12/2025 13:54,saque,"-70.952,25",,AMAZON MKTPLACE
TRX001820,CT-00942,2025-10-16,debito cartao,-1919.94,Aplicativo,RENDIMENTO POUPANCA
TRX001826,CT-00545,20/03/2026,saque,"600,69",caixa eletronico,POSTO SHELL BR
TRX001236,CT-00350,26/08/2025,pagto,"-31784,71",agencia,AMAZON MKTPLACE
TRX001246,CT-00379,2025-12-29 19:52,PIX,"R$ 172,60",Caixa Eletrônico,FARMACIA SAO JOAO
TRX001418,CT-00181,28/10/2025,deposito,"1.707,03",App,IFOOD *IFOOD
TRX000003,CT-00164,31/12/2025 11:58,pix,9773.07,Aplicativo,  PADARIA DO ZE  
TRX000485,CT-00899,14-07-2026 05:11,debito cartao,"R$ 39,49",agencia,PAG*MercadoLivre
TRX000255,CT-00061,27/04/2026 01:06,saque,"1714,48",Agência,NETFLIX.COM
TRX000750,CT-00594,2026-01-16,Pagamento,1199.38,caixa eletronico,AMAZON MKTPLACE
TRX000450,CT-00507,14/09/2025,boleto,-39.71,App,PIX QR CODE
TRX001170,CT-00769,18/08/25 05:58,Compra Débito,"R$ 173,37",internet banking,UBER *TRIP
TRX001971,CT-00150,12/04/2026 11:38,Pagamento,"R$ 1.691,01",internet banking,IFOOD *IFOOD
TRX000789,CT-00396,14/09/2025 20:56,PIX,238.44,app,RENDIMENTO POUPANCA
TRX000670,CT-00108,2026-05-11,TED,"15,51",ATM,UBER *TRIP
TRX000188,CT-00356,16/10/2025 01:38,TED,"R$ 125,16",agencia,SUPERMERCADO BOM PRECO
TRX000653,CT-00641,19-05-2026 11:10,PIX,"R$ 37,04",agencia,FARMACIA SAO JOAO
TRX001891,CT-00567,30/08/2025 14:10,ted,"603,04",App,POSTO SHELL BR
TRX000081,CT-00802,01-06-2026 13:44,Pagamento,"R$ 234,17",Agência,POSTO SHELL BR
TRX000536,CT-00219,2025-11-11,Depósito,115.63,Internet Banking,RENDIMENTO POUPANCA
TRX001089,CT-00914,2026-04-22,BOLETO,"-128,61",,POSTO SHELL BR
TRX000841,CT-00382,2025-08-23,Saque,1848.28,IB,POSTO SHELL BR
TRX002033,CT-00660,2026-06-22 19:36,debito cartao,"R$ 1.247,04",ATM,FARMACIA SAO JOAO
TRX001381,CT-00116,26/05/26 02:44,saque,"R$ 1.300,84",ATM,RENDIMENTO POUPANCA
TRX001245,CT-00084,02-04-2026 08:27,BOLETO,,Agência,PIX QR CODE
TRX000427,CT-00271,06-08-2025,pagto,"113,24",Internet Banking,RENDIMENTO POUPANCA
TRX001677,CT-01014,04/02/2026 22:29,PIX,1100.99,Caixa Eletrônico,TRANSF ENTRE CONTAS
TRX002014,CT-00030,2026-08-07,DOC,"61,40",IB,TRANSF ENTRE CONTAS
TRX000478,CT-00773,18-12-2025,Pagamento,"967,98",APP,FOLHA PAGAMENTO
TRX000149,CT-00409,22/09/25 05:47,Boleto,48327.16,app,TRANSF ENTRE CONTAS
TRX000326,CT-00119,2025-08-22 00:56,DEPOSITO,"501,63",agencia,TARIFA PACOTE SERVICOS
TRX001476,CT-00265,12/06/26 09:15,PIX,"167,06",APP,AMAZON MKTPLACE
TRX000466,CT-00867,09/05/2026,deposito,"72750,85",Internet Banking,IFOOD *IFOOD
TRX000412,CT-00721,03/08/2026,Pix,"R$ 261,79",app,UBER *TRIP
TRX000096,CT-00644,21-03-2026 23:13,DOC,"1.412,40",APP,PIX QR CODE
TRX000625,CT-00699,24/05/2026,boleto,237.19,Caixa Eletrônico,SUPERMERCADO BOM PRECO
TRX001004,CT-00116,11/09/2025,deposito,0,APP,AMAZON MKTPLACE
TRX001832,CT-00929,28-10-2025,TED,"R$ 2.490,69",APP,  PADARIA DO ZE  
TRX001287,CT-00452,12/04/2026 22:20,Saque,"134,64",internet banking,FOLHA PAGAMENTO
TRX001180,CT-00171,09/02/2026,Compra Débito,"1.465,43",agencia,TRANSF ENTRE CONTAS
TRX002020,CT-00343,13-jun-2026,Pagamento,257.55,Aplicativo,RENDIMENTO POUPANCA
TRX000699,CT-00375,05/06/26 01:21,pagto,"R$ 196,68",,PAG*MercadoLivre
TRX001457,CT-00426,12/03/2026,debito cartao,"-350,55",Agência,FARMACIA SAO JOAO
TRX001436,CT-00457,2026-02-14,Saque,728.58,agencia,TRANSF ENTRE CONTAS
TRX000467,CT-00446,11/08/26 07:14,Compra Débito,"-225,27",Aplicativo,POSTO SHELL BR
TRX000914,CT-00518,15-08-2026,Débito Cartão,"178,87",Agência,RENDIMENTO POUPANCA
TRX001172,CT-00343,2025-09-12 14:28,pix,"5.033,41",agencia,TRANSF ENTRE CONTAS
TRX001959,CT-00622,14/01/2026,Pix,9935.27,caixa eletronico,TRANSF ENTRE CONTAS
TRX000121,CT-00348,05-02-2026,boleto,"-8742,24",app,TARIFA PACOTE SERVICOS
TRX001472,CT-00110,27-12-2025 10:24,boleto,"797,07",App,TRANSF ENTRE CONTAS
TRX000428,CT-00223,2026-08-01,Boleto,"-22,78",Aplicativo,TARIFA PACOTE SERVICOS
TRX000827,CT-00854,2026-06-09,TED,N/A,AGENCIA,FARMACIA SAO JOAO
TRX000594,CT-00195,01-12-2025 18:45,Pix,0,ATM,PIX QR CODE
TRX001295,CT-00622,30-10-2025 17:49,Boleto,"977,52",ATM,FOLHA PAGAMENTO
TRX001897,CT-00078,02-jul-2026,PIX,"9.261,91",APP,FARMACIA SAO JOAO
TRX002084,CT-00169,2026-01-30 00:14,Depósito,154.93,agencia,NETFLIX.COM
TRX001154,CT-00628,2026-03-02 06:15,Pix,"16,27",AGENCIA,TRANSF ENTRE CONTAS
TRX000196,CT-00245,31/08/2025 20:24,debito cartao,"215,78",App,POSTO SHELL BR
TRX002090,CT-00080,2025-12-10 06:40,DEPOSITO,"783,64",APP,IFOOD *IFOOD
TRX001921,CT-00290,26-09-2025 12:15,PIX,-1853.87,Aplicativo,TARIFA PACOTE SERVICOS
TRX000029,CT-00343,11/09/2025,Depósito,"257,72",App,RENDIMENTO POUPANCA
TRX001074,CT-00173,2025-11-25,pagto,"122,97",Aplicativo,SUPERMERCADO BOM PRECO
TRX001729,CT-00646,10-04-2026,boleto,"10.898,62",Internet Banking,SUPERMERCADO BOM PRECO
TRX000059,CT-00270,2025-10-22,debito cartao,"R$ 1.062,17",App,FARMACIA SAO JOAO
TRX001639,CT-00313,20-08-2025 22:19,DEPOSITO,"R$ 71,02",APP,AMAZON MKTPLACE
TRX001994,CT-00083,2026-02-06 10:05,Débito Cartão,-530.60,AGENCIA,NETFLIX.COM
TRX000040,CT-00426,2026-05-13,Depósito,3138.92,IB,FARMACIA SAO JOAO
TRX001190,CT-00425,30/09/25,Boleto,47.20,Internet Banking,AMAZON MKTPLACE
TRX001955,CT-00616,17/11/2025 21:39,debito cartao,"-590,81",ATM,  PADARIA DO ZE  
TRX002053,CT-00658,01-06-2026 06:24,PIX,"-162,19",agencia,TARIFA PACOTE SERVICOS
TRX000747,CT-00710,2025-08-10,Pix,1946.90,Agência,POSTO SHELL BR
TRX001325,CT-00379,2026-01-25 01:19,DEPOSITO,"230,18",app,AMAZON MKTPLACE
TRX001208,CT-00497,13/02/2026,DEPOSITO,N/A,Aplicativo,UBER *TRIP
TRX002045,CT-00945,22/08/2025 14:23,pagto,R$ 55.45,ATM,  PADARIA DO ZE  
TRX000814,CT-00532,17/02/26 00:36,Boleto,R$ 229.27,AGENCIA,AMAZON MKTPLACE
TRX000355,CT-00183,07/02/26 14:03,Pix,"R$ 83,47",APP,RENDIMENTO POUPANCA
TRX001746,CT-00375,21-03-2026 09:05,debito cartao,N/A,Caixa Eletrônico,NETFLIX.COM
TRX000167,CT-00532,2025-11-04 04:04,boleto,0,internet banking,POSTO SHELL BR
TRX001530,CT-00952,16-ago-2025 07:59,Boleto,,Caixa Eletrônico,POSTO SHELL BR
TRX001873,CT-00058,16/03/26 07:15,pix,"-120,97",IB,IFOOD *IFOOD
TRX001852,CT-00600,2025-08-05 22:47,pix,"96,13",Internet Banking,TARIFA PACOTE SERVICOS
TRX001151,CT-00848,2026-02-13 10:21,PIX,163.44,IB,  PADARIA DO ZE  
TRX000409,CT-00904,30/08/2025 21:14,Boleto,"6,61",App,SUPERMERCADO BOM PRECO
TRX001753,CT-00817,2026-07-22 21:52,Boleto,"1.677,94",agencia,UBER *TRIP
TRX001351,CT-00512,24-03-2026 03:29,debito cartao,"R$ 98,50",internet banking,PAG*MercadoLivre
TRX000954,CT-00872,2026-08-09,PIX,0,ATM,
TRX002042,CT-00300,27/05/2026,debito cartao,"-185,93",ATM,AMAZON MKTPLACE
TRX001017,CT-00399,2026-08-11 21:31,Pagamento,"231,01",internet banking,RENDIMENTO POUPANCA
TRX000773,CT-00514,23/10/2025 07:51,Boleto,"731,90",agencia,POSTO SHELL BR
TRX000070,CT-00120,09-09-2025,pix,"-12773,96",APP,FARMACIA SAO JOAO
TRX000359,CT-00425,12/02/2026,deposito,1583.58,caixa eletronico,SUPERMERCADO BOM PRECO
TRX000926,CT-00690,24/09/2025,deposito,"483,20",,SUPERMERCADO BOM PRECO
TRX001106,CT-00067,01/04/2026 09:03,saque,821.42,caixa eletronico,PAG*MercadoLivre
TRX001026,CT-00445,2025-12-23 20:19,Pagamento,"194,13",App,AMAZON MKTPLACE
TRX000578,CT-00054,19/06/2026,Compra Débito,"733,46",APP,NETFLIX.COM
TRX001566,CT-00149,11/05/26 18:30,TED,"R$ 48.834,25",AGENCIA,SUPERMERCADO BOM PRECO
TRX001765,CT-00249,22/10/25 10:53,DOC,-30.67,internet banking,RENDIMENTO POUPANCA
TRX001594,CT-00845,29/03/2026 05:25,boleto,R$ 68.76,,TARIFA PACOTE SERVICOS
TRX001554,CT-00868,05/11/2025,deposito,"1.204,34",Aplicativo,FOLHA PAGAMENTO
TRX000488,CT-00592,2025-11-06 17:08,debito cartao,R$ 224.98,agencia,FARMACIA SAO JOAO
TRX000198,CT-00788,11-02-2026,pagto,"-4.531,60",IB,FOLHA PAGAMENTO
TRX000232,CT-00213,09/10/2025,Saque,"R$ 123,28",Caixa Eletrônico,TRANSF ENTRE CONTAS
TRX000382,CT-00547,15-05-2026 18:10,ted,"R$ 479,86",Caixa Eletrônico,PAG*MercadoLivre
TRX001655,CT-00815,20/04/2026 02:08,pix,R$ 41.33,IB,TARIFA PACOTE SERVICOS
TRX001497,CT-00628,24-mar-2026 22:49,Saque,"-10.360,36",app,  PADARIA DO ZE  
TRX001028,CT-00233,14-set-2025,Boleto,"19952,42",Aplicativo,FARMACIA SAO JOAO
TRX000863,CT-00925,17/02/2026,DEPOSITO,13852.01,Aplicativo,  PADARIA DO ZE  
TRX001464,CT-00993,2026-08-05 00:53,boleto,0,caixa eletronico,IFOOD *IFOOD
TRX001173,CT-00876,2026-02-25 08:49,DEPOSITO,"R$ 862,78",caixa eletronico,
TRX001728,CT-00656,25/02/26 16:05,deposito,N/A,APP,AMAZON MKTPLACE
TRX001644,CT-00700,2026-03-17,DEPOSITO,11454.28,IB,TRANSF ENTRE CONTAS
TRX001372,CT-00143,2026-01-12,ted,"R$ 200,13",Caixa Eletrônico,IFOOD *IFOOD
TRX002023,CT-00459,2026-07-01,ted,"5578,82",APP,RENDIMENTO POUPANCA
TRX002037,CT-00736,2026-05-03 12:20,Pix,"-258,19",Agência,NETFLIX.COM
TRX002075,CT-00361,2026-01-15,deposito,"13,91",App,  PADARIA DO ZE  
TRX001216,CT-00077,2026-07-31,ted,R$ 1735.19,IB,PIX QR CODE
TRX001870,CT-00316,21-07-2026,ted,"R$ 5.363,69",Internet Banking,UBER *TRIP
TRX000519,CT-00860,2026-04-28,BOLETO,227.35,Aplicativo,TARIFA PACOTE SERVICOS
TRX000211,CT-00306,03/08/2026,BOLETO,-59.93,caixa eletronico,TRANSF ENTRE CONTAS
TRX000516,CT-00607,13/08/2025,ted,-141.88,ATM,  PADARIA DO ZE  
TRX001538,CT-01016,03/12/2025,DEPOSITO,"286,15",Caixa Eletrônico,SUPERMERCADO BOM PRECO
TRX000318,CT-00521,25/10/2025,DOC,"-14.486,92",IB,FARMACIA SAO JOAO
TRX001429,CT-00834,2026-07-01,Pix,2945.53,Aplicativo,UBER *TRIP
TRX001838,CT-00737,07/08/2025,Boleto,"R$ 3.420,82",Aplicativo,TRANSF ENTRE CONTAS
TRX001101,CT-00852,06-08-2026,Depósito,R$ 1138.15,Internet Banking,UBER *TRIP
TRX001563,CT-00358,14-03-2026,Pix,"-10.876,58",APP,POSTO SHELL BR
TRX000472,CT-00810,14-08-2026 00:51,deposito,"154,89",app,SUPERMERCADO BOM PRECO
TRX000636,CT-00490,2026-06-26,boleto,"R$ 23,15",Internet Banking,POSTO SHELL BR
TRX000605,CT-00201,2026-07-06 10:00,saque,"-12.616,43",,AMAZON MKTPLACE
TRX000976,CT-00738,04-dez-2025,Compra Débito,"251,78",AGENCIA,
TRX000749,CT-00168,30-06-2026,TED,"R$ 13.158,41",Internet Banking,
TRX000380,CT-00174,27/04/2026,pagto,"12.373,54",caixa eletronico,  PADARIA DO ZE  
TRX001680,CT-00351,2025-12-29 04:56,BOLETO,"-1.172,02",Caixa Eletrônico,
TRX001648,CT-00621,2025-10-06 13:22,deposito,"R$ 140,28",,PAG*MercadoLivre
TRX001640,CT-00869,2026-06-22 17:52,DOC,R$ 4148.81,Agência,TRANSF ENTRE CONTAS
TRX000965,CT-00255,2026-05-08,Débito Cartão,"R$ 12.040,01",,NETFLIX.COM
TRX001108,CT-00900,2026-04-15,DOC,R$ 3757.07,APP,RENDIMENTO POUPANCA
TRX000696,CT-00397,02/11/2025 11:50,Pagamento,"-965,78",app,FOLHA PAGAMENTO
TRX001835,CT-00180,08/02/26,ted,"-276,44",agencia,SUPERMERCADO BOM PRECO
TRX000829,CT-00305,29/07/26 08:50,ted,"6,25",ATM,IFOOD *IFOOD
TRX001050,CT-00804,17-02-2026,Boleto,"213,36",app,NETFLIX.COM
TRX000690,CT-00307,06/09/25 12:19,DEPOSITO,"R$ 221,13",Aplicativo,PAG*MercadoLivre
TRX001059,CT-00085,18/07/2026 19:55,DOC,"R$ 349,24",Caixa Eletrônico,FARMACIA SAO JOAO
TRX001760,CT-00376,13-09-2025 01:01,Débito Cartão,R$ 19.28,ATM,TRANSF ENTRE CONTAS
TRX001869,CT-00811,10/08/2025,Saque,1147.53,ATM,PAG*MercadoLivre
TRX000968,CT-00625,2026-03-25,pix,165.31,app,TARIFA PACOTE SERVICOS
TRX000665,CT-00830,11/01/26,PIX,"102,27",internet banking,RENDIMENTO POUPANCA
TRX001579,CT-00628,06/08/2025,debito cartao,R$ 1039.04,Aplicativo,RENDIMENTO POUPANCA
TRX000389,CT-00683,2026-04-14 08:38,TED,"70,27",caixa eletronico,
TRX001477,CT-00105,04/08/26 18:16,Depósito,74.21,ATM,PIX QR CODE
TRX001917,CT-00479,26/06/26 00:50,ted,"R$ 42,04",,TARIFA PACOTE SERVICOS
TRX001067,CT-00722,12/05/2026,Pix,N/A,internet banking,FARMACIA SAO JOAO
TRX000710,CT-00832,01-jun-2026,DEPOSITO,"259,02",internet banking,UBER *TRIP
TRX001441,CT-00279,30/11/2025,Boleto,"41,99",ATM,FARMACIA SAO JOAO
TRX000145,CT-00178,08-02-2026 08:53,deposito,"R$ 107,07",agencia,POSTO SHELL BR
TRX001706,CT-00350,2026-02-12 16:04,deposito,1740.91,Internet Banking,  PADARIA DO ZE  
TRX001976,CT-00329,12/09/2025 08:38,debito cartao,"204,36",APP,POSTO SHELL BR
TRX001736,CT-00619,2026-07-08,DEPOSITO,6727.89,Internet Banking,UBER *TRIP
TRX001914,CT-00482,2026-05-02 03:07,deposito,"R$ 1.327,61",App,RENDIMENTO POUPANCA
TRX001403,CT-00369,28/01/2026,pix,"120,99",Agência,FARMACIA SAO JOAO
TRX000923,CT-00675,2025-12-24 06:41,pagto,N/A,agencia,
TRX001251,CT-00214,2026-04-01,Boleto,"R$ 94,86",app,RENDIMENTO POUPANCA
TRX001220,CT-00066,01/08/2026,DEPOSITO,1324.72,agencia,RENDIMENTO POUPANCA
TRX000933,CT-00036,28/08/2025 00:07,Saque,"142,22",caixa eletronico,RENDIMENTO POUPANCA
TRX001003,CT-01034,03-fev-2026,saque,"-118,76",APP,NETFLIX.COM
TRX001909,CT-00549,09/05/2026,ted,"4.685,16",Agência,UBER *TRIP
TRX001824,CT-00840,2025-11-24 23:11,Compra Débito,R$ 205.69,AGENCIA,FOLHA PAGAMENTO
TRX000979,CT-00216,31/03/26 03:42,deposito,"1.923,47",AGENCIA,UBER *TRIP
TRX001631,CT-00429,08-10-2025,ted,"-1.178,69",Caixa Eletrônico,FARMACIA SAO JOAO
TRX000254,CT-00819,2025-10-27,Compra Débito,"39,99",ATM,
TRX001299,CT-00425,01-08-2026 17:11,DEPOSITO,"R$ 1.677,24",App,UBER *TRIP
TRX000084,CT-00784,2026-07-25 06:14,ted,R$ 920.24,ATM,RENDIMENTO POUPANCA
TRX001999,CT-00136,17/07/2026 03:14,Compra Débito,0,caixa eletronico,
TRX000671,CT-00075,2026-05-10 05:16,Compra Débito,"R$ 1.908,34",Internet Banking,TARIFA PACOTE SERVICOS
TRX000958,CT-00290,17/09/2025,BOLETO,"-294,41",IB,AMAZON MKTPLACE
TRX001964,CT-00126,21-mar-2026,boleto,"-56.628,94",Internet Banking,RENDIMENTO POUPANCA
TRX000878,CT-00433,28/03/2026,Boleto,R$ 1655.94,App,NETFLIX.COM
TRX002047,CT-00834,04/10/25,Saque,"-939,07",AGENCIA,NETFLIX.COM
TRX000023,CT-00739,2025-09-11 21:29,Boleto,"-9.931,36",ATM,  PADARIA DO ZE  
TRX000035,CT-00683,01/04/26 02:15,boleto,"R$ 806,58",IB,UBER *TRIP
TRX000189,CT-00080,04/08/2025 02:42,Compra Débito,"R$ 3.638,51",Internet Banking,PAG*MercadoLivre
TRX001271,CT-00635,2025-08-04,TED,"698,98",caixa eletronico,TARIFA PACOTE SERVICOS
TRX000055,CT-00775,04/02/2026 01:24,DEPOSITO,R$ 1530.90,Agência,TRANSF ENTRE CONTAS
TRX002065,CT-00943,2026-06-25,saque,"R$ 1.243,30",Caixa Eletrônico,PAG*MercadoLivre
TRX001342,CT-00307,26/09/25 06:14,debito cartao,"1493,03",,NETFLIX.COM
TRX001114,CT-00780,2026-02-25,PIX,187.78,,UBER *TRIP
TRX000735,CT-00765,01-07-2026 00:44,PIX,"R$ 70,87",Agência,FARMACIA SAO JOAO
TRX001943,CT-00415,2026-06-02 10:53,Débito Cartão,194.33,internet banking,TRANSF ENTRE CONTAS
TRX001256,CT-00813,14/04/2026,ted,-31153.26,Internet Banking,SUPERMERCADO BOM PRECO
TRX000832,CT-00448,28/12/2025 23:14,pix,"200,75",caixa eletronico,SUPERMERCADO BOM PRECO
TRX001650,CT-00489,06/05/26 12:46,PIX,-146.70,Agência,IFOOD *IFOOD
TRX001425,CT-00689,27-07-2026,ted,-1129.78,ATM,FARMACIA SAO JOAO
TRX001353,CT-00405,15/08/2026 12:45,Saque,"227,99",caixa eletronico,TARIFA PACOTE SERVICOS
TRX001153,CT-00156,04/08/2026,Saque,"R$ 127,87",,PAG*MercadoLivre
TRX000659,CT-00185,21/04/2026 02:16,Débito Cartão,-1281.74,Caixa Eletrônico,AMAZON MKTPLACE
TRX001764,CT-00117,16-04-2026 08:34,deposito,"147,92",Internet Banking,TARIFA PACOTE SERVICOS
TRX000309,CT-00363,2025-09-09,pix,"244,25",Agência,  PADARIA DO ZE  
TRX000881,CT-00298,2026-05-09,Pagamento,"R$ 197,06",AGENCIA,POSTO SHELL BR
TRX000760,CT-00833,24/09/2025,debito cartao,679.21,internet banking,TARIFA PACOTE SERVICOS
TRX001237,CT-00641,07/04/2026 13:13,Saque,-4950.30,AGENCIA,
TRX000791,CT-00958,12/04/2026 09:34,Depósito,"25,70",internet banking,TARIFA PACOTE SERVICOS
TRX000178,CT-00342,2025-11-19 11:55,Depósito,369.25,App,
TRX000437,CT-00975,09/08/2026 07:29,saque,-46.63,App,NETFLIX.COM
TRX000987,CT-00795,2026-07-31 08:29,DOC,253.05,caixa eletronico,NETFLIX.COM
TRX000746,CT-00012,2025-12-24,Compra Débito,254.91,Aplicativo,UBER *TRIP
TRX001995,CT-00959,15-12-2025 17:12,Saque,"R$ 678,98",ATM,TRANSF ENTRE CONTAS
TRX000815,CT-00189,07/03/2026,pagto,-222.56,caixa eletronico,TARIFA PACOTE SERVICOS
TRX001694,CT-00484,14/08/2025 12:46,Depósito,"398,51",Agência,  PADARIA DO ZE  
TRX001618,CT-00465,07/10/2025 23:21,saque,"-129,63",AGENCIA,SUPERMERCADO BOM PRECO
TRX000022,CT-00607,19-06-2026,debito cartao,"R$ 712,66",caixa eletronico,RENDIMENTO POUPANCA
TRX001817,CT-00831,27-11-2025 14:20,boleto,R$ 95.10,IB,PAG*MercadoLivre
TRX001549,CT-00030,2025-12-02,pagto,"R$ 5.985,29",Internet Banking,POSTO SHELL BR
TRX001532,CT-00427,11/08/2025,Pagamento,"280,76",caixa eletronico,UBER *TRIP
TRX001338,CT-00514,28/01/2026 03:01,DEPOSITO,0,ATM,AMAZON MKTPLACE
TRX000407,CT-00753,2026-06-07 13:00,DEPOSITO,"R$ 155,91",APP,IFOOD *IFOOD
TRX000497,CT-00885,03-08-2026,ted,"-289,81",ATM,PIX QR CODE
TRX001200,CT-00056,13-09-2025 19:51,ted,74201.16,Internet Banking,
TRX001394,CT-00596,08/02/2026,saque,"213,84",APP,  PADARIA DO ZE  
TRX000092,CT-00931,08-10-2025,Pagamento,"R$ 96,64",Internet Banking,  PADARIA DO ZE  
TRX001191,CT-00076,18/02/2026,pix,"1.491,26",Aplicativo,SUPERMERCADO BOM PRECO
TRX000062,CT-00268,2026-08-01,DOC,"-115,07",app,IFOOD *IFOOD
TRX000153,CT-00235,2026-03-09,Depósito,"1.119,66",IB,TRANSF ENTRE CONTAS
TRX000151,CT-00262,07/08/2026,Saque,R$ 277.46,Internet Banking,PIX QR CODE
TRX000952,CT-00816,2025-10-26,DOC,"-173,25",APP,TRANSF ENTRE CONTAS
TRX000963,CT-00664,09/01/2026 23:29,ted,0,IB,FARMACIA SAO JOAO
TRX001023,CT-00132,11-06-2026,TED,"R$ 74.996,67",Internet Banking,UBER *TRIP
TRX001967,CT-00789,09/02/26,Depósito,13941.83,AGENCIA,TARIFA PACOTE SERVICOS
TRX001077,CT-00483,19-mar-2026 10:35,DOC,"R$ 10.657,20",Agência,PAG*MercadoLivre
TRX001974,CT-00718,11/08/2026,PIX,118.11,Aplicativo,FARMACIA SAO JOAO
TRX001053,CT-00078,14/03/2026,TED,10.23,Internet Banking,IFOOD *IFOOD
TRX000554,CT-00860,14/08/2025,saque,"-288,89",Internet Banking,
TRX001973,CT-00623,2026-02-14,BOLETO,"196,13",,AMAZON MKTPLACE
TRX000197,CT-00267,24/01/26,Depósito,"R$ 141,98",IB,IFOOD *IFOOD
TRX001645,CT-00693,2026-04-28,DOC,R$ 59.57,AGENCIA,FOLHA PAGAMENTO
TRX001359,CT-00327,11/08/2026,Débito Cartão,"R$ 56,60",ATM,IFOOD *IFOOD
TRX002056,CT-00521,19-06-2026,ted,1684.68,IB,SUPERMERCADO BOM PRECO
TRX000147,CT-00515,2026-03-24 19:53,Compra Débito,"-22,52",AGENCIA,TARIFA PACOTE SERVICOS
TRX001493,CT-00944,12/09/2025 11:33,boleto,"R$ 775,49",app,POSTO SHELL BR
TRX000855,CT-00246,27/11/25,ted,1188.28,AGENCIA,FOLHA PAGAMENTO
TRX001879,CT-00074,25-05-2026 18:24,debito cartao,N/A,APP,AMAZON MKTPLACE
TRX000538,CT-00637,19/04/26,boleto,415.32,APP,
TRX000371,CT-00410,2026-07-04 07:09,Saque,62.40,caixa eletronico,PIX QR CODE
TRX000775,CT-00415,20/07/2026,Saque,"5.420,87",AGENCIA,TARIFA PACOTE SERVICOS
TRX000105,CT-00451,05/01/26 00:29,Saque,221.73,Caixa Eletrônico,SUPERMERCADO BOM PRECO
TRX000823,CT-00802,07/10/25,Depósito,0,Caixa Eletrônico,
TRX001939,CT-00484,2026-07-28,Depósito,154.79,app,PAG*MercadoLivre
TRX001555,CT-00595,07/02/2026,Depósito,"229,66",Caixa Eletrônico,NETFLIX.COM
TRX000771,CT-00152,31-dez-2025,BOLETO,"R$ 224,91",Caixa Eletrônico,TARIFA PACOTE SERVICOS
TRX001444,CT-00262,23/04/2026,boleto,"-1.444,44",app,TARIFA PACOTE SERVICOS
TRX001611,CT-00961,2026-07-24,BOLETO,0,AGENCIA,PIX QR CODE
TRX001998,CT-00488,2026-02-11 06:19,DEPOSITO,5390.84,Caixa Eletrônico,
TRX001676,CT-00955,25/11/25,BOLETO,"R$ 475,27",ATM,UBER *TRIP
TRX001229,CT-00731,16/09/2025 03:00,saque,"1945,66",ATM,PAG*MercadoLivre
TRX000327,CT-00126,2026-01-02,boleto,-948.06,Agência,PAG*MercadoLivre
TRX000224,CT-00615,2026-02-05,Pix,278.82,caixa eletronico,FARMACIA SAO JOAO
TRX001064,CT-00082,22/07/2026,Depósito,"R$ 24,72",agencia,PAG*MercadoLivre
TRX000174,CT-00334,03/10/2025 08:31,deposito,"R$ 440,50",APP,
TRX000569,CT-00117,26-05-2026,PIX,"R$ 45.049,67",IB,SUPERMERCADO BOM PRECO
TRX000468,CT-00514,2026-01-15,pagto,"R$ 67,50",Caixa Eletrônico,AMAZON MKTPLACE
TRX000397,CT-00221,2026-08-10,Boleto,"R$ 791,82",agencia,SUPERMERCADO BOM PRECO
TRX000172,CT-00881,2026-02-01,Depósito,"115,96",AGENCIA,POSTO SHELL BR
TRX000973,CT-00539,07/10/2025,Saque,"1.719,01",app,TARIFA PACOTE SERVICOS
TRX000556,CT-00144,2025-08-07 08:08,pix,N/A,App,TRANSF ENTRE CONTAS
TRX002092,CT-00536,16/06/2026 06:58,boleto,12.26,Agência,SUPERMERCADO BOM PRECO
TRX000640,CT-00146,2026-06-23 09:49,TED,"118,01",AGENCIA,FOLHA PAGAMENTO
TRX000857,CT-00141,2026-08-02,BOLETO,"R$ 1.099,44",,TRANSF ENTRE CONTAS
TRX001726,CT-00886,2026-05-29,Saque,0,agencia,RENDIMENTO POUPANCA
TRX001081,CT-00989,18/03/2026,TED,"243,91",caixa eletronico,  PADARIA DO ZE  
TRX001176,CT-00448,22/08/2025 07:34,saque,"-123,49",AGENCIA,  PADARIA DO ZE  
TRX000225,CT-00825,19/05/2026,DEPOSITO,"R$ 255,94",APP,PIX QR CODE
TRX001766,CT-00585,27/12/2025,BOLETO,"R$ 1.651,95",ATM,POSTO SHELL BR
TRX001670,CT-00490,07-set-2025,deposito,"R$ 109,54",IB,
TRX000323,CT-00785,31/07/2026,Débito Cartão,192.53,APP,SUPERMERCADO BOM PRECO
TRX001902,CT-00461,16/03/2026 05:52,boleto,"R$ 187,07",internet banking,AMAZON MKTPLACE
TRX000732,CT-00645,15/05/2026,BOLETO,"2.684,85",agencia,FARMACIA SAO JOAO
TRX000836,CT-00324,09-dez-2025,deposito,"268,92",Aplicativo,SUPERMERCADO BOM PRECO
TRX001181,CT-00283,06/11/25 06:29,Boleto,-259.22,ATM,AMAZON MKTPLACE
TRX000263,CT-00657,01/05/2026 04:14,Compra Débito,"292,29",ATM,SUPERMERCADO BOM PRECO
TRX000364,CT-00107,14-08-2025,boleto,"R$ 260,36",IB,  PADARIA DO ZE  
TRX000890,CT-00941,08-03-2026,Débito Cartão,"R$ 144,09",Caixa Eletrônico,TRANSF ENTRE CONTAS
TRX000213,CT-00797,26/05/2026,Saque,0,ATM,TARIFA PACOTE SERVICOS
TRX002067,CT-00244,2026-06-19,Depósito,1869.66,Aplicativo,UBER *TRIP
TRX000677,CT-00801,10/10/2025,DEPOSITO,"R$ 1.396,47",APP,UBER *TRIP
TRX000501,CT-00026,25/04/2026 20:17,saque,N/A,IB,PIX QR CODE
TRX000657,CT-00061,2026-04-28 00:12,pix,"151,01",IB,UBER *TRIP
TRX000034,CT-00833,28-12-2025 04:45,Depósito,"118,36",internet banking,  PADARIA DO ZE  
TRX000203,CT-00342,12/08/2026 20:04,Débito Cartão,,Aplicativo,TRANSF ENTRE CONTAS
TRX001977,CT-00178,08/09/2025 00:53,Pagamento,R$ 1542.02,caixa eletronico,FOLHA PAGAMENTO
TRX000093,CT-00668,2026-01-24 20:17,Pagamento,R$ 7957.23,app,UBER *TRIP
TRX000678,CT-00782,31-12-2025,Depósito,0,App,RENDIMENTO POUPANCA
TRX001574,CT-00177,2025-09-25,DOC,"R$ 68.935,30",App,AMAZON MKTPLACE
TRX000937,CT-00430,2026-05-17,pix,"-1.168,23",caixa eletronico,SUPERMERCADO BOM PRECO
TRX001890,CT-00716,20/11/2025 22:07,Saque,"-276,35",IB,PAG*MercadoLivre
TRX001535,CT-00940,04/06/26 18:50,Saque,-18.03,,TRANSF ENTRE CONTAS
TRX000452,CT-00574,04-11-2025 10:51,BOLETO,"R$ 43.352,52",caixa eletronico,FOLHA PAGAMENTO
TRX000280,CT-00318,30/10/2025,Pix,"R$ 1.974,31",Caixa Eletrônico,FARMACIA SAO JOAO
TRX000030,CT-00169,22/06/2026,deposito,17.85,AGENCIA,PIX QR CODE
TRX001803,CT-00577,04-09-2025,PIX,"R$ 224,82",Aplicativo,FARMACIA SAO JOAO
TRX000898,CT-00490,27/12/2025 20:40,DOC,"R$ 9.329,10",caixa eletronico,RENDIMENTO POUPANCA
TRX000785,CT-00680,11-nov-2025 12:39,BOLETO,N/A,internet banking,TARIFA PACOTE SERVICOS
TRX001606,CT-00074,05-mai-2026,Débito Cartão,"392,23",internet banking,IFOOD *IFOOD
TRX000057,CT-00910,25/01/2026,saque,"-1.325,07",Aplicativo,AMAZON MKTPLACE
TRX001240,CT-00103,16/06/2026 20:09,saque,R$ 86.40,Caixa Eletrônico,PIX QR CODE
TRX001214,CT-00024,2026-01-17 09:36,Depósito,"R$ 1.142,23",AGENCIA,RENDIMENTO POUPANCA
TRX002051,CT-00190,2025-10-07,Compra Débito,264.48,App,NETFLIX.COM
TRX001156,CT-00810,2025-08-10,TED,"101,85",IB,SUPERMERCADO BOM PRECO
TRX001184,CT-00573,07/02/2026,Pix,"-184,68",Caixa Eletrônico,NETFLIX.COM
TRX000707,CT-00464,27-09-2025,ted,-91.25,AGENCIA,TARIFA PACOTE SERVICOS
TRX000398,CT-00252,03/10/2025,DEPOSITO,"1.085,78",ATM,RENDIMENTO POUPANCA
TRX000867,CT-00795,24/12/2025,pix,279.62,agencia,AMAZON MKTPLACE
TRX000056,CT-00633,22/11/2025 03:22,Saque,"1931,72",AGENCIA,AMAZON MKTPLACE
TRX001598,CT-00256,21-01-2026 03:56,pagto,"185,02",Internet Banking,IFOOD *IFOOD
TRX000772,CT-00369,2026-07-26 03:40,boleto,"-1.536,68",Aplicativo,NETFLIX.COM
TRX001667,CT-00599,2026-03-14 11:42,pix,"1079,10",ATM,IFOOD *IFOOD
TRX000387,CT-00688,27/11/2025 07:57,Pix,1144.36,agencia,TARIFA PACOTE SERVICOS
TRX000440,CT-00015,23/05/2026,ted,"109,03",app,  PADARIA DO ZE  
TRX000419,CT-00483,22/07/26 01:04,TED,"R$ 736,33",App,TARIFA PACOTE SERVICOS
TRX001576,CT-00716,09/08/2025 06:25,Compra Débito,-600.18,app,IFOOD *IFOOD
TRX001876,CT-00240,21/07/2026,TED,R$ 1605.14,internet banking,NETFLIX.COM
TRX000853,CT-00869,20-04-2026,pagto,"1333,42",ATM,FOLHA PAGAMENTO
TRX001343,CT-00575,2025-11-28 07:44,debito cartao,"R$ 116,57",Caixa Eletrônico,
TRX000264,CT-00263,26/02/26,Débito Cartão,21.45,AGENCIA,PIX QR CODE
TRX000905,CT-00806,2025-12-17,Depósito,"R$ 133,71",caixa eletronico,NETFLIX.COM
TRX001988,CT-00442,2026-02-02,TED,"-43,10",AGENCIA,FARMACIA SAO JOAO
TRX000694,CT-00567,25-02-2026 14:22,Compra Débito,"R$ 33.626,98",AGENCIA,UBER *TRIP
TRX001097,CT-00539,30/10/2025 02:49,Compra Débito,"275,67",Caixa Eletrônico,UBER *TRIP
TRX001463,CT-00145,11-out-2025,deposito,"R$ 102,66",caixa eletronico,TARIFA PACOTE SERVICOS
TRX001139,CT-00400,2026-06-19 13:42,Pagamento,11953.27,caixa eletronico,FARMACIA SAO JOAO
TRX000456,CT-00597,12/01/2026,PIX,R$ 911.83,internet banking,PAG*MercadoLivre
TRX000089,CT-01028,21/09/2025 23:03,DEPOSITO,14145.11,Internet Banking,POSTO SHELL BR
TRX002082,CT-00094,26-04-2026 09:26,BOLETO,"-1.915,90",,UBER *TRIP
TRX000483,CT-00391,22-02-2026,Compra Débito,"238,76",IB,UBER *TRIP
TRX001315,CT-00459,10/01/2026,boleto,"R$ 334,78",APP,TARIFA PACOTE SERVICOS
TRX000948,CT-00660,12-05-2026,Compra Débito,"275,00",ATM,AMAZON MKTPLACE
TRX001609,CT-00869,2025-12-26 10:44,Compra Débito,280.45,Caixa Eletrônico,FARMACIA SAO JOAO
TRX001635,CT-00574,2025-08-14 00:40,boleto,"R$ 45,96",ATM,TRANSF ENTRE CONTAS
TRX001483,CT-00235,28/03/2026 19:16,Pagamento,R$ 104.71,Agência,NETFLIX.COM
TRX000712,CT-00512,30-dez-2025 17:50,deposito,R$ 65.81,,UBER *TRIP
TRX000164,CT-00586,2026-03-11,Boleto,"-1.415,12",App,IFOOD *IFOOD
TRX000462,CT-00599,08/08/2026,Boleto,"-760,74",AGENCIA,UBER *TRIP
TRX001333,CT-00167,25/02/2026,PIX,"-24,91",AGENCIA,PIX QR CODE
TRX000782,CT-00825,2025-09-30,ted,70.50,Aplicativo,FOLHA PAGAMENTO
TRX000464,CT-00876,14-dez-2025,Débito Cartão,"57,68",Caixa Eletrônico,RENDIMENTO POUPANCA
TRX000754,CT-00895,04/01/2026 19:37,Depósito,R$ 64.94,caixa eletronico,SUPERMERCADO BOM PRECO
TRX000756,CT-00582,2026-01-22,Depósito,621.46,Caixa Eletrônico,TRANSF ENTRE CONTAS
TRX001474,CT-00217,2025-11-27 11:14,TED,"29,72",agencia,TARIFA PACOTE SERVICOS
TRX002061,CT-00128,13/11/2025,TED,"R$ 260,51",ATM,  PADARIA DO ZE  
TRX001627,CT-00066,15-10-2025,Pagamento,"1974,49",Aplicativo,PIX QR CODE
TRX001922,CT-00420,01/12/25,BOLETO,"R$ 156,89",ATM,UBER *TRIP
TRX001361,CT-00545,19-06-2026 00:12,Débito Cartão,"R$ 1.996,10",APP,PAG*MercadoLivre
TRX001052,CT-00817,2026-03-03,PIX,"R$ 223,19",Internet Banking,PAG*MercadoLivre
TRX000470,CT-00163,28/08/2025,Débito Cartão,"52,17",caixa eletronico,AMAZON MKTPLACE
TRX001410,CT-00643,13/04/2026 09:33,deposito,"1.639,66",IB,AMAZON MKTPLACE
TRX001534,CT-00031,2026-03-27 12:11,Débito Cartão,"R$ 1.678,13",app,POSTO SHELL BR
TRX002096,CT-00813,29/03/26,debito cartao,-252.54,Aplicativo,FARMACIA SAO JOAO
TRX000109,CT-00729,09/10/2025,Depósito,48.65,Internet Banking,SUPERMERCADO BOM PRECO
TRX001740,CT-00644,2026-04-25 21:12,Pix,-969.02,,PAG*MercadoLivre
TRX001963,CT-00164,2025-10-28 04:05,Compra Débito,200.91,Caixa Eletrônico,NETFLIX.COM
TRX000019,CT-00867,2025-12-07 00:54,deposito,9787.65,internet banking,RENDIMENTO POUPANCA
TRX002011,CT-00203,2026-01-21,pagto,"6,59",Caixa Eletrônico,UBER *TRIP
TRX001269,CT-00706,10-nov-2025 03:53,DOC,"-239,60",Caixa Eletrônico,POSTO SHELL BR
TRX002003,CT-00600,14/06/2026 06:50,Compra Débito,"-875,50",IB,  PADARIA DO ZE  
TRX001000,CT-00870,17/03/2026,boleto,"R$ 131,38",App,
TRX001805,CT-00674,29/04/2026 17:13,PIX,"R$ 204,23",Caixa Eletrônico,AMAZON MKTPLACE
TRX001636,CT-00200,06-08-2025,Depósito,"909,76",ATM,FARMACIA SAO JOAO
TRX001683,CT-00376,12/03/2026 14:25,Boleto,-1055.17,agencia,FOLHA PAGAMENTO
TRX000373,CT-00833,09/09/2025 09:42,Pix,"R$ 164,74",caixa eletronico,PAG*MercadoLivre
TRX001802,CT-00669,13/11/2025,DEPOSITO,"R$ 4.152,71",caixa eletronico,AMAZON MKTPLACE
TRX000629,CT-00425,18/03/2026,pagto,,Agência,POSTO SHELL BR
TRX000126,CT-00312,13/09/2025,Depósito,"1.150,97",APP,IFOOD *IFOOD
TRX001722,CT-00913,2025-10-09,Pagamento,"-14187,46",Aplicativo,TRANSF ENTRE CONTAS
TRX001300,CT-00501,20/06/2026,BOLETO,"126,86",app,FARMACIA SAO JOAO
TRX000996,CT-00705,13/06/2026,saque,"1.438,01",Internet Banking,
TRX000620,CT-00309,15/10/25,Depósito,0,internet banking,RENDIMENTO POUPANCA
TRX001135,CT-00544,04/08/2025 14:35,Boleto,76.09,internet banking,PIX QR CODE
TRX001800,CT-00738,05/10/2025 03:26,Pix,"116,36",APP,UBER *TRIP
TRX001812,CT-00623,07-10-2025 19:07,DEPOSITO,"1994,51",IB,SUPERMERCADO BOM PRECO
TRX001344,CT-00672,2025-10-15 19:01,DEPOSITO,"81,16",APP,PAG*MercadoLivre
TRX000458,CT-00469,10-08-2025 17:49,debito cartao,"R$ 181,84",ATM,AMAZON MKTPLACE
TRX002087,CT-00067,19/11/2025,TED,"555,96",APP,TRANSF ENTRE CONTAS
TRX000182,CT-00684,2026-01-28 21:14,debito cartao,"103,10",Agência,SUPERMERCADO BOM PRECO
TRX001334,CT-00801,30/12/25,Depósito,"R$ 167,36",caixa eletronico,IFOOD *IFOOD
TRX000260,CT-00877,30/12/2025 13:14,Saque,"1.557,05",Agência,TARIFA PACOTE SERVICOS
TRX000904,CT-00241,17/02/26 19:20,ted,"10,26",,FOLHA PAGAMENTO
TRX001068,CT-00954,13-06-2026 07:43,DOC,"71932,95",Aplicativo,FARMACIA SAO JOAO
TRX002009,CT-00745,15/02/2026 20:13,ted,"8.687,77",APP,FARMACIA SAO JOAO
TRX000088,CT-00593,17/05/2026 13:40,ted,257.21,Aplicativo,FOLHA PAGAMENTO
TRX001054,CT-00269,13/08/26 23:04,Boleto,-6.79,AGENCIA,SUPERMERCADO BOM PRECO
TRX001201,CT-00020,2025-10-16 13:31,debito cartao,"R$ 985,27",internet banking,NETFLIX.COM
TRX001957,CT-00547,2026-07-31 22:44,Débito Cartão,"885,43",APP,UBER *TRIP
TRX001975,CT-00418,06-jan-2026 17:18,saque,"1580,70",caixa eletronico,SUPERMERCADO BOM PRECO
TRX000720,CT-00139,11/08/26 05:04,ted,N/A,Internet Banking,PAG*MercadoLivre
TRX000588,CT-00575,22-03-2026,boleto,"705,60",Aplicativo,FARMACIA SAO JOAO
TRX001309,CT-00144,11-05-2026,pagto,58878.35,Aplicativo,TRANSF ENTRE CONTAS
TRX000811,CT-00524,2026-03-23,deposito,"1.251,14",AGENCIA,TARIFA PACOTE SERVICOS
TRX000352,CT-00221,12/09/2025 09:18,PIX,"R$ 1.462,25",IB,UBER *TRIP
TRX000769,CT-00344,28-mar-2026 13:58,saque,1238.53,ATM,UBER *TRIP
TRX001660,CT-00005,20/07/26,DEPOSITO,249.09,app,NETFLIX.COM
TRX001545,CT-00263,18-05-2026 21:36,Depósito,"1.749,67",caixa eletronico,PAG*MercadoLivre
TRX000221,CT-00047,22/05/26,TED,-11896.48,caixa eletronico,AMAZON MKTPLACE
TRX001459,CT-00636,2026-07-19,pagto,"8.855,12",APP,NETFLIX.COM
TRX000851,CT-00003,2026-07-16 07:24,pix,"R$ 307,70",AGENCIA,NETFLIX.COM
TRX001035,CT-00570,07-04-2026,debito cartao,"1.886,20",internet banking,  PADARIA DO ZE  
TRX000173,CT-00913,25/03/2026,TED,"R$ 174,47",IB,PAG*MercadoLivre
TRX000100,CT-00496,2026-06-03,TED,-67.81,AGENCIA,RENDIMENTO POUPANCA
TRX001602,CT-00430,12/11/2025 05:14,pix,"268,97",IB,POSTO SHELL BR
TRX001904,CT-00875,2026-05-23,PIX,R$ 276.21,Aplicativo,PAG*MercadoLivre
TRX000499,CT-00153,2025-08-03 15:39,Débito Cartão,"-937,78",Agência,PAG*MercadoLivre
TRX000443,CT-00472,14/06/2026,Depósito,0,Internet Banking,TARIFA PACOTE SERVICOS
TRX001605,CT-00309,03-abr-2026 15:05,deposito,"265,38",internet banking,POSTO SHELL BR
TRX001589,CT-00808,2026-08-01 09:45,Boleto,"1.548,82",agencia,PIX QR CODE
TRX000375,CT-01031,2026-07-09,ted,197.37,AGENCIA,PIX QR CODE
TRX001779,CT-00930,2025-11-29,deposito,"R$ 142,09",agencia,UBER *TRIP
TRX001853,CT-00067,2026-01-13,pix,229.54,IB,  PADARIA DO ZE  
TRX001061,CT-00480,2025-10-10 20:05,PIX,"R$ 161,72",internet banking,RENDIMENTO POUPANCA
TRX000344,CT-00651,19-jun-2026 16:29,Débito Cartão,"165,87",caixa eletronico,FARMACIA SAO JOAO
TRX002077,CT-00419,02/04/2026,pagto,"R$ 191,96",Agência,SUPERMERCADO BOM PRECO
TRX000423,CT-00263,03/09/25 23:32,boleto,"R$ 129,99",Agência,RENDIMENTO POUPANCA
TRX002002,CT-00191,09/07/2026,Boleto,"R$ 1.364,87",app,UBER *TRIP
TRX002021,CT-01015,10/09/2025 00:28,deposito,"40,08",APP,NETFLIX.COM
TRX000288,CT-00222,2026-02-04 08:59,ted,"8.752,38",AGENCIA,NETFLIX.COM
TRX002054,CT-00002,02-mar-2026,DOC,"R$ 245,14",Agência,TRANSF ENTRE CONTAS
TRX001625,CT-00465,2026-02-01 21:12,DEPOSITO,"R$ 12.931,01",caixa eletronico,UBER *TRIP
TRX001712,CT-00354,12-05-2026 15:06,BOLETO,"89,88",caixa eletronico,POSTO SHELL BR
TRX000404,CT-00433,15/08/2026,boleto,"55,14",ATM,
TRX000408,CT-00459,02-07-2026,ted,"-6.365,02",,IFOOD *IFOOD
TRX001629,CT-00060,2025-10-09 14:57,DOC,"-181,47",agencia,SUPERMERCADO BOM PRECO
TRX000332,CT-00579,28/03/2026,ted,"R$ 148,49",caixa eletronico,TARIFA PACOTE SERVICOS
TRX001440,CT-00467,17/06/2026 21:50,Pix,-8419.72,ATM,AMAZON MKTPLACE
TRX001063,CT-00811,25-08-2025,pix,245.08,App,TARIFA PACOTE SERVICOS
TRX001167,CT-00883,29/07/2026,pagto,-6923.90,agencia,AMAZON MKTPLACE
TRX001438,CT-00179,2025-12-27 03:03,Compra Débito,"R$ 59,40",Agência,FARMACIA SAO JOAO
TRX001171,CT-00475,2025-08-10,Pix,"265,50",agencia,RENDIMENTO POUPANCA
TRX000108,CT-00058,2026-02-14,deposito,"R$ 138,70",App,FOLHA PAGAMENTO
TRX000471,CT-00066,2026-03-03 09:16,Saque,"-38,14",caixa eletronico,TARIFA PACOTE SERVICOS
TRX001262,CT-00131,05/07/26 01:22,Compra Débito,"205,39",Aplicativo,FOLHA PAGAMENTO
TRX001923,CT-00918,2026-03-03 07:26,deposito,N/A,ATM,
TRX000520,CT-00691,28/02/2026 11:41,DOC,"R$ 262,36",Caixa Eletrônico,PAG*MercadoLivre
TRX001738,CT-00682,14-08-2026 00:31,Pix,"-201,11",ATM,RENDIMENTO POUPANCA
TRX001329,CT-00482,12/05/2026,Débito Cartão,"-1.597,25",internet banking,PAG*MercadoLivre
TRX001177,CT-00476,24-01-2026,boleto,"R$ 10.819,25",App,NETFLIX.COM
TRX001674,CT-00181,28/02/2026,Depósito,"R$ 6.701,26",IB,AMAZON MKTPLACE
TRX000315,CT-00698,04/08/2025,Pix,"-60,30",Internet Banking,AMAZON MKTPLACE
TRX001568,CT-00462,2025-10-10 03:06,boleto,"-781,66",Internet Banking,PAG*MercadoLivre
TRX000674,CT-00398,2026-05-17,Depósito,"R$ 176,04",app,
TRX001774,CT-00238,01/02/2026,Pagamento,-871.61,Agência,IFOOD *IFOOD
TRX000369,CT-00172,18-12-2025,Depósito,215.00,caixa eletronico,PAG*MercadoLivre
TRX001519,CT-00534,2026-04-02,Compra Débito,"R$ 93,98",APP,FARMACIA SAO JOAO
TRX000959,CT-00348,2026-07-05,Saque,70.98,Caixa Eletrônico,AMAZON MKTPLACE
TRX001846,CT-00525,27-09-2025 23:21,saque,"-22,25",ATM,TRANSF ENTRE CONTAS
TRX000094,CT-00116,2025-11-15,debito cartao,"R$ 7.192,91",App,FARMACIA SAO JOAO
TRX001877,CT-00700,30/07/2026,PIX,265.08,internet banking,PAG*MercadoLivre
TRX001083,CT-00755,11/09/2025 03:58,Compra Débito,"213,77",agencia,  PADARIA DO ZE  
TRX001632,CT-00298,18/10/2025,Boleto,-169.49,App,UBER *TRIP
TRX000523,CT-00656,26/12/25 03:51,boleto,-229.55,App,PAG*MercadoLivre
TRX000692,CT-00474,30/10/25 16:19,debito cartao,-88.75,ATM,FARMACIA SAO JOAO
TRX000733,CT-00302,24/01/2026 16:40,Depósito,"R$ 69,72",App,FOLHA PAGAMENTO
TRX000115,CT-00472,24/01/2026 15:27,debito cartao,"-1.267,91",Caixa Eletrônico,POSTO SHELL BR
TRX001854,CT-00182,09/11/25,PIX,"-227,15",AGENCIA,SUPERMERCADO BOM PRECO
TRX001104,CT-00664,27-11-2025 01:44,TED,"-228,45",App,NETFLIX.COM
TRX001115,CT-00358,2025-11-22 06:10,ted,1609.15,ATM,TRANSF ENTRE CONTAS
TRX001296,CT-00886,09/05/2026 06:17,pagto,0,AGENCIA,TARIFA PACOTE SERVICOS
TRX000577,CT-00531,2025-12-22 09:32,DEPOSITO,239.63,Internet Banking,PAG*MercadoLivre
TRX001783,CT-00997,01/01/2026,Pix,-149.88,Internet Banking,RENDIMENTO POUPANCA
TRX000918,CT-00669,10/04/2026 13:30,TED,3294.01,caixa eletronico,FARMACIA SAO JOAO
TRX001703,CT-00116,01/03/2026 19:32,DOC,"-220,49",Caixa Eletrônico,POSTO SHELL BR
TRX001357,CT-00348,25/09/2025 10:47,DOC,"237,35",App,TRANSF ENTRE CONTAS
TRX002008,CT-00255,13-ago-2025 15:11,saque,R$ 145.02,APP,AMAZON MKTPLACE
TRX000208,CT-00021,2026-03-02 06:09,Depósito,"R$ 52,89",internet banking,POSTO SHELL BR
TRX001927,CT-00497,16/12/2025 16:38,boleto,"R$ 173,56",caixa eletronico,PIX QR CODE
TRX000124,CT-00996,09-10-2025,TED,"15,38",Aplicativo,UBER *TRIP
TRX000570,CT-00716,12/10/25 09:22,debito cartao,"182,46",APP,PIX QR CODE
TRX000528,CT-00458,13/05/2026,Pagamento,"120,27",AGENCIA,  PADARIA DO ZE  
TRX001809,CT-00064,2025-09-05 05:15,deposito,"R$ 17.717,90",Caixa Eletrônico,SUPERMERCADO BOM PRECO
TRX000552,CT-00657,2026-08-07 21:33,PIX,1545.36,Agência,PIX QR CODE
TRX000561,CT-00348,13-jul-2026,Débito Cartão,N/A,APP,UBER *TRIP
TRX001311,CT-00070,23/02/2026,Depósito,"88,52",app,IFOOD *IFOOD
TRX001120,CT-00671,21-ago-2025 12:40,Pagamento,"44580,64",,FOLHA PAGAMENTO
TRX001748,CT-00747,2025-12-11,deposito,1450.05,agencia,RENDIMENTO POUPANCA
TRX000584,CT-00237,02-08-2026 01:58,PIX,"150,17",ATM,UBER *TRIP
TRX000302,CT-00615,31/03/2026,saque,1581.60,Internet Banking,PAG*MercadoLivre
TRX001895,CT-00722,28/12/2025,Débito Cartão,"-12,33",agencia,UBER *TRIP
TRX002076,CT-00593,20/12/2025,BOLETO,"-1.805,56",Internet Banking,TRANSF ENTRE CONTAS
TRX000313,CT-00773,2026-01-10,pix,"R$ 209,54",Aplicativo,TARIFA PACOTE SERVICOS
TRX000962,CT-00834,08/05/2026 15:12,ted,"-170,15",AGENCIA,  PADARIA DO ZE  
TRX001931,CT-00603,2026-02-15,DOC,"-100,33",internet banking,  PADARIA DO ZE  
TRX000008,CT-00517,2026-06-24 05:07,PIX,-114.53,app,  PADARIA DO ZE  
TRX000025,CT-00289,01/03/26,debito cartao,"158,12",Internet Banking,UBER *TRIP
TRX001371,CT-00312,16/01/26,Compra Débito,,internet banking,SUPERMERCADO BOM PRECO
TRX000439,CT-01005,01/08/2025,Pagamento,"40782,20",IB,SUPERMERCADO BOM PRECO
TRX000693,CT-00867,24/09/2025,ted,"1.135,67",IB,TARIFA PACOTE SERVICOS
TRX001599,CT-00210,03-03-2026,Pagamento,"R$ 269,40",App,TRANSF ENTRE CONTAS
TRX002095,CT-00648,24/08/25 11:05,Pix,"-58,81",agencia,PIX QR CODE
TRX000063,CT-00222,06/11/2025,Depósito,479.35,internet banking,AMAZON MKTPLACE
TRX000489,CT-00920,09/09/2025 05:57,debito cartao,-2386.41,AGENCIA,TRANSF ENTRE CONTAS
TRX001496,CT-00291,2026-08-08 15:25,Débito Cartão,"R$ 78.193,67",Agência,PIX QR CODE
TRX000298,CT-00384,10/01/2026,Pagamento,1470.08,app,PAG*MercadoLivre
TRX000358,CT-00495,02-nov-2025,Depósito,"R$ 3.143,89",agencia,POSTO SHELL BR
TRX000248,CT-00829,06-08-2025,DOC,"-171,98",Aplicativo,
TRX000900,CT-00490,08/08/2025 08:01,DEPOSITO,"1.992,54",,  PADARIA DO ZE  
TRX002094,CT-00531,2025-08-13,TED,1551.58,Aplicativo,UBER *TRIP
TRX000117,CT-00424,22/02/2026 18:26,boleto,"-55,79",,RENDIMENTO POUPANCA
TRX001395,CT-00813,10/06/2026,Pagamento,"10.601,33",Internet Banking,PIX QR CODE
TRX001274,CT-00063,06/03/2026,Débito Cartão,"-270,02",internet banking,
TRX001900,CT-00566,08-12-2025 22:58,debito cartao,"128,72",Internet Banking,RENDIMENTO POUPANCA
TRX001649,CT-00185,2025-08-03,Saque,"R$ 401,33",APP,TRANSF ENTRE CONTAS
TRX001513,CT-00215,20/08/2025 20:20,saque,R$ 168.04,App,RENDIMENTO POUPANCA
TRX000527,CT-00576,2026-03-26 16:12,Depósito,"R$ 191,65",caixa eletronico,PAG*MercadoLivre
TRX000601,CT-00340,2026-01-12 05:43,BOLETO,"R$ 957,11",APP,PAG*MercadoLivre
TRX001983,CT-00675,23-10-2025,debito cartao,"R$ 8.112,13",APP,FOLHA PAGAMENTO
TRX000292,CT-00403,2025-11-09,debito cartao,"2.883,48",APP,PAG*MercadoLivre
TRX001047,CT-00321,15/11/2025 22:36,Depósito,"R$ 226,50",,POSTO SHELL BR
TRX000271,CT-00442,2025-10-22,PIX,"R$ 203,33",,IFOOD *IFOOD
TRX000525,CT-00146,2026-02-12,Saque,"-14.385,52",app,TARIFA PACOTE SERVICOS
TRX000312,CT-00737,2026-07-01 03:14,saque,"12941,44",,UBER *TRIP
TRX000281,CT-00367,02/12/2025,boleto,"253,00",Agência,NETFLIX.COM
TRX000907,CT-00518,09/01/26 07:14,Pix,"R$ 11.706,05",app,RENDIMENTO POUPANCA
TRX001713,CT-00831,21/05/2026,TED,261.81,Caixa Eletrônico,
TRX001426,CT-00729,2026-04-23,boleto,"6.100,40",ATM,PIX QR CODE
TRX000451,CT-00824,06/10/2025 14:51,Pix,"-1.189,84",Agência,IFOOD *IFOOD
TRX000267,CT-00945,21-10-2025 11:24,Depósito,"R$ 386,70",,
TRX001915,CT-00298,11/11/2025 02:14,TED,"R$ 10.717,45",,  PADARIA DO ZE  
TRX001758,CT-00640,13-02-2026,Depósito,"R$ 69,62",app,FOLHA PAGAMENTO
TRX002071,CT-00276,2026-01-17 14:38,TED,"R$ 1.194,25",APP,FOLHA PAGAMENTO
TRX001866,CT-00676,01/06/26,BOLETO,R$ 157.63,Caixa Eletrônico,FARMACIA SAO JOAO
TRX001070,CT-00959,2025-08-12 15:27,Pagamento,"-191,25",AGENCIA,
TRX001218,CT-00399,21/07/2026,ted,R$ 111.37,,RENDIMENTO POUPANCA
TRX002000,CT-00495,08/04/26,saque,"-6.397,77",App,PAG*MercadoLivre
TRX000180,CT-00949,28-set-2025 13:05,TED,481.27,IB,RENDIMENTO POUPANCA
TRX000276,CT-00487,19/07/2026 08:45,pagto,R$ 1074.21,internet banking,RENDIMENTO POUPANCA
TRX002089,CT-00252,2025-09-22,deposito,,Caixa Eletrônico,SUPERMERCADO BOM PRECO
TRX000205,CT-00465,17/10/2025 01:39,Compra Débito,"-90,12",,TRANSF ENTRE CONTAS
TRX000336,CT-00282,2026-05-21 10:33,PIX,"240,58",ATM,TRANSF ENTRE CONTAS
TRX000628,CT-00876,13-10-2025,pix,R$ 58170.00,Aplicativo,TARIFA PACOTE SERVICOS
TRX000233,CT-00524,29-jan-2026 17:15,pagto,"R$ 1.532,80",Caixa Eletrônico,TRANSF ENTRE CONTAS
TRX000384,CT-00941,08/04/2026 11:39,boleto,"3429,74",Caixa Eletrônico,  PADARIA DO ZE  
TRX000110,CT-00665,16/11/2025,BOLETO,"408,99",AGENCIA,PAG*MercadoLivre
TRX000695,CT-00302,06/09/2025,Compra Débito,"274,32",Agência,IFOOD *IFOOD
TRX001862,CT-00592,19/03/2026 08:11,debito cartao,"R$ 63,71",internet banking,PIX QR CODE
TRX001834,CT-00927,04/04/2026 18:05,Depósito,"R$ 13.248,65",agencia,RENDIMENTO POUPANCA
TRX001913,CT-00016,2026-03-29 03:19,Débito Cartão,"-212,33",ATM,UBER *TRIP
TRX001642,CT-00062,30/04/2026,Boleto,"R$ 3.006,72",ATM,POSTO SHELL BR
TRX001416,CT-00271,2025-08-03,Pagamento,R$ 42040.41,AGENCIA,RENDIMENTO POUPANCA
TRX000449,CT-00430,28-05-2026,TED,"65,76",app,SUPERMERCADO BOM PRECO
TRX000475,CT-00712,2026-02-03,Pagamento,9160.80,Internet Banking,TRANSF ENTRE CONTAS
TRX000901,CT-00785,14-02-2026 03:31,Pix,14960.24,App,PAG*MercadoLivre
TRX000299,CT-00185,12-09-2025,Compra Débito,,App,PAG*MercadoLivre
TRX001478,CT-00289,2025-11-02,Compra Débito,10160.82,app,UBER *TRIP
TRX001565,CT-00176,17/09/2025,Débito Cartão,2341.23,Agência,TRANSF ENTRE CONTAS
TRX001110,CT-00745,10/10/2025 15:09,BOLETO,"R$ 662,02",internet banking,AMAZON MKTPLACE
TRX001391,CT-00951,11/08/2026 00:06,DEPOSITO,R$ 3540.00,IB,FARMACIA SAO JOAO
TRX001940,CT-00202,19/03/2026,boleto,"-294,10",ATM,FOLHA PAGAMENTO
TRX000961,CT-00873,2025-09-10 00:59,TED,252.33,Agência,RENDIMENTO POUPANCA
TRX000142,CT-00294,2026-01-03,Pagamento,1917.50,caixa eletronico,SUPERMERCADO BOM PRECO
TRX000672,CT-00706,20-06-2026,BOLETO,"251,04",AGENCIA,TARIFA PACOTE SERVICOS
TRX000132,CT-00770,04-set-2025,Boleto,999.00,,UBER *TRIP
TRX001253,CT-00359,2025-12-16,Compra Débito,-9430.04,Agência,SUPERMERCADO BOM PRECO
TRX001685,CT-00957,11/11/2025 23:58,debito cartao,"R$ 1.074,57",APP,IFOOD *IFOOD
TRX001992,CT-00950,2025-12-24 21:37,Boleto,"R$ 9.202,37",Internet Banking,TARIFA PACOTE SERVICOS
TRX000757,CT-00684,08/08/26,TED,"R$ 41,31",,NETFLIX.COM
TRX001590,CT-00042,01-03-2026,BOLETO,N/A,Caixa Eletrônico,TRANSF ENTRE CONTAS
TRX002058,CT-00585,2026-07-18,Saque,279.55,IB,TARIFA PACOTE SERVICOS
TRX001646,CT-00984,26-10-2025,saque,"214,58",Agência,PIX QR CODE
TRX000134,CT-00340,24-02-2026 07:51,BOLETO,-2620.53,Internet Banking,FARMACIA SAO JOAO
TRX000645,CT-00673,07/03/2026,Depósito,"R$ 1.534,27",internet banking,RENDIMENTO POUPANCA
TRX000592,CT-00670,06/01/2026 17:13,Débito Cartão,"-47351,60",Agência,  PADARIA DO ZE  
TRX000125,CT-00448,13-04-2026,Compra Débito,"7.662,63",Internet Banking,FOLHA PAGAMENTO
TRX000112,CT-00098,18/01/2026,Pagamento,-154.26,APP,IFOOD *IFOOD
TRX001768,CT-00582,2025-09-14,Pix,"R$ 55,90",app,
TRX000348,CT-00682,10/08/2026 07:36,DEPOSITO,"R$ 238,73",Aplicativo,SUPERMERCADO BOM PRECO
TRX000925,CT-00816,09-05-2026,pix,"560,02",,NETFLIX.COM
TRX000411,CT-00861,30/11/2025,Compra Débito,R$ 281.83,APP,POSTO SHELL BR
TRX001079,CT-00824,2026-06-23 21:00,Compra Débito,"-11.632,52",Agência,
TRX001401,CT-00837,03/02/26 03:16,BOLETO,"R$ 24,86",agencia,AMAZON MKTPLACE
TRX000885,CT-00064,14-02-2026,debito cartao,R$ 11754.15,App,RENDIMENTO POUPANCA
TRX001841,CT-00507,04/11/2025,Compra Débito,"7.029,69",Aplicativo,AMAZON MKTPLACE
TRX000648,CT-00638,2026-02-04,deposito,"175,48",Agência,PIX QR CODE
TRX000778,CT-00881,02/02/2026,boleto,-6066.95,Caixa Eletrônico,PAG*MercadoLivre
TRX000304,CT-00865,16-12-2025 07:05,pagto,"989,32",app,FARMACIA SAO JOAO
TRX000910,CT-00439,09/02/2026,Pix,347.12,caixa eletronico,PIX QR CODE
TRX001447,CT-00558,07/11/2025 01:57,boleto,0,APP,SUPERMERCADO BOM PRECO
TRX000420,CT-00032,2026-03-02 11:05,pix,"R$ 286,95",App,TRANSF ENTRE CONTAS
TRX000418,CT-00164,12/06/26,Débito Cartão,"R$ 412,30",caixa eletronico,PAG*MercadoLivre
TRX001819,CT-00334,2025-11-23 00:40,TED,"-70.295,16",IB,
TRX000928,CT-00074,16/02/2026,Pix,"R$ 276,83",IB,PAG*MercadoLivre
TRX002063,CT-00377,06-03-2026 00:39,pix,"R$ 32.334,04",Agência,FOLHA PAGAMENTO
TRX001524,CT-00041,27-06-2026 02:50,Depósito,"212,52",Agência,FOLHA PAGAMENTO
TRX001080,CT-00028,2026-04-13 07:02,TED,-756.00,IB,AMAZON MKTPLACE
TRX001780,CT-00105,04/08/2025,Débito Cartão,"13,60",internet banking,UBER *TRIP
TRX001508,CT-00471,23/12/25 22:05,debito cartao,1210.10,App,PAG*MercadoLivre
TRX001308,CT-00258,07/11/2025,Pagamento,"-13.393,16",agencia,PAG*MercadoLivre
TRX002032,CT-00282,26/11/25,ted,"R$ 1.230,21",app,UBER *TRIP
TRX000345,CT-00190,05/03/2026 20:51,Compra Débito,"210,72",ATM,TARIFA PACOTE SERVICOS
TRX000403,CT-00066,11/08/2025,BOLETO,0,Agência,SUPERMERCADO BOM PRECO
TRX001557,CT-00083,16-jan-2026,TED,"R$ 1.469,41",,NETFLIX.COM
TRX001133,CT-00382,07-jul-2026,Compra Débito,"13.795,24",,TRANSF ENTRE CONTAS
TRX000951,CT-00756,25/09/2025 15:08,saque,"239,26",APP,AMAZON MKTPLACE
TRX001365,CT-00281,07/02/2026,pix,"-34,43",Caixa Eletrônico,RENDIMENTO POUPANCA
TRX000924,CT-00740,2025-10-14,pagto,-1526.80,agencia,SUPERMERCADO BOM PRECO
TRX001989,CT-00612,20/01/2026 04:33,PIX,300.42,ATM,FARMACIA SAO JOAO
TRX000972,CT-00725,2025-08-09 11:17,pagto,71578.16,IB,UBER *TRIP
TRX002072,CT-00410,29-09-2025,Boleto,"95,34",internet banking,IFOOD *IFOOD
TRX000731,CT-00595,2026-02-21,BOLETO,"-1368,29",APP,AMAZON MKTPLACE
TRX000960,CT-00332,2025-09-14 21:06,pagto,1509.88,IB,AMAZON MKTPLACE
TRX001956,CT-00407,11/03/2026 21:01,ted,R$ 904.88,App,UBER *TRIP
TRX000370,CT-00107,2026-05-02 12:35,DOC,-83.61,app,AMAZON MKTPLACE
TRX000847,CT-00726,10/09/2025,Boleto,"201,58",,SUPERMERCADO BOM PRECO
TRX000725,CT-00772,07/01/2026 14:52,pagto,"-742,12",agencia,NETFLIX.COM
TRX001435,CT-00694,03/12/2025 23:42,Pix,"R$ 88,53",Caixa Eletrônico,RENDIMENTO POUPANCA
TRX001099,CT-00297,2026-03-11 14:43,Depósito,74010.75,AGENCIA,PAG*MercadoLivre
TRX001263,CT-00491,24/02/26,debito cartao,"297,08",internet banking,AMAZON MKTPLACE
TRX000623,CT-00888,02-abr-2026 05:24,Saque,"R$ 54,21",agencia,POSTO SHELL BR
TRX000716,CT-00596,01-out-2025,Pagamento,"152,54",IB,UBER *TRIP
TRX000537,CT-00064,01/01/26,ted,"262,62",AGENCIA,AMAZON MKTPLACE
TRX000911,CT-00555,11/05/2026 11:55,Depósito,,App,TRANSF ENTRE CONTAS
TRX000135,CT-00080,18/02/2026 15:50,Débito Cartão,"3.938,35",Internet Banking,TARIFA PACOTE SERVICOS
TRX001134,CT-00010,06/04/2026 21:20,deposito,"R$ 240,58",Internet Banking,POSTO SHELL BR
TRX000500,CT-00593,21/02/2026,TED,"-251,63",ATM,POSTO SHELL BR
TRX000406,CT-00506,2026-03-13 10:02,ted,7.67,Caixa Eletrônico,  PADARIA DO ZE  
TRX000938,CT-00933,27/04/2026,TED,1155.24,ATM,PIX QR CODE
TRX001380,CT-00228,09/11/2025 21:15,DEPOSITO,0,caixa eletronico,AMAZON MKTPLACE
TRX001814,CT-00957,01/04/26,deposito,"45.355,90",Caixa Eletrônico,UBER *TRIP
TRX001140,CT-00151,06/03/2026 05:58,Pagamento,1926.42,AGENCIA,POSTO SHELL BR
TRX001043,CT-00923,09/04/2026,Pagamento,"R$ 863,17",internet banking,FOLHA PAGAMENTO
TRX000311,CT-00211,2025-08-30,saque,1223.88,caixa eletronico,RENDIMENTO POUPANCA
TRX000061,CT-00895,23-fev-2026,Compra Débito,"132,18",ATM,
TRX000724,CT-00022,2026-04-29,pagto,"13.355,65",AGENCIA,PAG*MercadoLivre
TRX001012,CT-00226,05-03-2026,deposito,11141.01,,  PADARIA DO ZE  
TRX001723,CT-00550,13/02/2026,BOLETO,R$ 3167.43,IB,FOLHA PAGAMENTO
TRX001593,CT-00433,2026-05-17,Depósito,2895.16,Caixa Eletrônico,IFOOD *IFOOD
TRX001778,CT-00433,09-05-2026,boleto,1974.38,internet banking,POSTO SHELL BR
TRX001918,CT-00177,23/11/2025,Débito Cartão,187.15,caixa eletronico,TARIFA PACOTE SERVICOS
TRX001966,CT-00978,19-02-2026,Compra Débito,461.68,agencia,  PADARIA DO ZE  
TRX001257,CT-00777,04/12/25,PIX,"-263,05",App,PAG*MercadoLivre
TRX000230,CT-00366,14/09/2025,Saque,"1.004,76",App,TARIFA PACOTE SERVICOS
TRX001404,CT-00059,2025-10-08 15:50,Saque,"R$ 194,04",app,TARIFA PACOTE SERVICOS
TRX000627,CT-00267,17/02/2026,saque,5214.21,APP,
TRX001772,CT-00253,02/08/2025 02:56,DEPOSITO,R$ 30.97,APP,RENDIMENTO POUPANCA
TRX001965,CT-00896,2026-07-06,debito cartao,"-1.124,01",App,POSTO SHELL BR
TRX000282,CT-00291,04/06/2026 15:29,pix,"69.281,51",ATM,FARMACIA SAO JOAO
TRX000981,CT-00058,19/10/2025 13:38,DOC,"129,62",app,FOLHA PAGAMENTO
TRX000295,CT-00339,28-11-2025 19:32,Pix,"-32,33",Caixa Eletrônico,AMAZON MKTPLACE
TRX000148,CT-00251,17-03-2026,Boleto,"-1.586,62",Aplicativo,FOLHA PAGAMENTO
TRX000087,CT-00615,02/07/26,ted,"-2294,84",APP,PAG*MercadoLivre
TRX001533,CT-00296,12-08-2025 02:22,Boleto,"742,29",app,RENDIMENTO POUPANCA
TRX000607,CT-00855,31/08/25,saque,"8.894,70",App,RENDIMENTO POUPANCA
TRX000011,CT-00648,2026-06-27,Pix,"R$ 685,99",app,PIX QR CODE
TRX001182,CT-00859,2026-03-22,Pagamento,106.50,Aplicativo,TRANSF ENTRE CONTAS
TRX001461,CT-00054,07/08/25 10:59,TED,"199,78",app,TARIFA PACOTE SERVICOS
TRX001293,CT-00202,09/10/2025 11:09,ted,"R$ 212,48",APP,IFOOD *IFOOD
TRX001328,CT-00314,24/04/2026 03:41,PIX,"9.650,57",caixa eletronico,
TRX000604,CT-00731,20-03-2026,ted,"1846,96",Caixa Eletrônico,SUPERMERCADO BOM PRECO
TRX001243,CT-00870,10-07-2026,saque,"-172,70",AGENCIA,  PADARIA DO ZE  
TRX002024,CT-00281,06/06/2026 16:51,boleto,"-766,67",Agência,PIX QR CODE
TRX000353,CT-00504,14-03-2026 19:33,Pagamento,"-2.039,68",Caixa Eletrônico,POSTO SHELL BR
TRX001601,CT-00501,2025-09-29,boleto,"R$ 33.759,36",caixa eletronico,
TRX000191,CT-00112,04-08-2025 08:04,Boleto,"116,98",Caixa Eletrônico,IFOOD *IFOOD
TRX001721,CT-00830,18/01/2026 10:24,DEPOSITO,R$ 22161.88,Internet Banking,  PADARIA DO ZE  
TRX000297,CT-00243,15/02/2026,Depósito,"R$ 1.087,29",Agência,NETFLIX.COM
TRX000496,CT-00826,20-03-2026,pix,"-11.022,13",IB,IFOOD *IFOOD
TRX001716,CT-00967,17/10/2025,BOLETO,R$ 1581.20,,UBER *TRIP
TRX001285,CT-00400,17/12/2025 03:38,pagto,"-287,70",Agência,AMAZON MKTPLACE
TRX001784,CT-00467,04/08/25 20:00,Pix,"200,74",caixa eletronico,NETFLIX.COM
TRX001378,CT-00298,2026-08-08,DEPOSITO,"R$ 614,82",AGENCIA,
TRX001885,CT-00474,18/01/2026,BOLETO,"R$ 46,70",,FARMACIA SAO JOAO
TRX000800,CT-00177,29-08-2025,Boleto,"100,19",ATM,RENDIMENTO POUPANCA
TRX002098,CT-00376,26/05/26 01:35,pagto,1939.45,agencia,FOLHA PAGAMENTO
TRX000067,CT-00059,18/03/2026 09:26,TED,"45926,94",App,UBER *TRIP
TRX000807,CT-00606,2026-04-25,debito cartao,0,agencia,IFOOD *IFOOD
TRX001544,CT-00841,28/12/2025 11:22,debito cartao,"-55,89",agencia,PIX QR CODE
TRX001575,CT-00220,2026-02-05 23:56,pagto,"-1.939,00",internet banking,PIX QR CODE
TRX001264,CT-00419,15/09/2025,deposito,"508,28",Internet Banking,FOLHA PAGAMENTO
TRX001480,CT-00848,08-05-2026,boleto,14.31,internet banking,SUPERMERCADO BOM PRECO
TRX000792,CT-00062,2025-10-07 00:24,DOC,,AGENCIA,
TRX000506,CT-00729,2025-12-25,Pagamento,"128,68",Aplicativo,  PADARIA DO ZE  
TRX001586,CT-00096,08/10/2025,saque,"8.828,04",APP,RENDIMENTO POUPANCA
TRX001382,CT-00162,31/07/2026 21:48,PIX,76.16,Aplicativo,IFOOD *IFOOD
TRX000278,CT-00042,22-abr-2026,Pagamento,"100,02",,PAG*MercadoLivre
TRX001113,CT-00147,2026-06-05 16:44,DOC,R$ 10573.87,internet banking,TRANSF ENTRE CONTAS
TRX001029,CT-00501,2026-05-15 04:01,Compra Débito,14527.80,internet banking,SUPERMERCADO BOM PRECO
TRX000563,CT-00612,17/05/2026 19:20,boleto,"-267,92",AGENCIA,AMAZON MKTPLACE
TRX001226,CT-00378,05/10/2025 08:35,debito cartao,-6998.37,internet banking,NETFLIX.COM
TRX000903,CT-00549,2026-04-17 04:17,pagto,"1.011,93",app,PAG*MercadoLivre
TRX001048,CT-00151,2025-12-27,DOC,"80,43",Aplicativo,NETFLIX.COM
TRX001039,CT-00649,06/08/26 00:05,DEPOSITO,"R$ 91,56",app,NETFLIX.COM
TRX000442,CT-00292,2025-09-18,DEPOSITO,"R$ 286,74",Aplicativo,RENDIMENTO POUPANCA
TRX000461,CT-00171,2026-05-12,deposito,"5.367,58",APP,SUPERMERCADO BOM PRECO
TRX001364,CT-00765,07-10-2025,Pagamento,"-123,06",internet banking,IFOOD *IFOOD
TRX000165,CT-01016,02-09-2025,DEPOSITO,2169.25,Internet Banking,SUPERMERCADO BOM PRECO
TRX000329,CT-00472,2026-08-15 12:34,Pagamento,"-1.909,79",Caixa Eletrônico,POSTO SHELL BR
TRX000157,CT-00364,19/05/2026,Compra Débito,"2107,75",Agência,RENDIMENTO POUPANCA
TRX000127,CT-00617,23-06-2026,pagto,R$ 10414.98,APP,PAG*MercadoLivre
TRX000934,CT-00212,2026-07-17 13:44,Pix,"-71.175,84",Aplicativo,UBER *TRIP
TRX000284,CT-00070,2026-01-11 02:03,Depósito,R$ 142.28,caixa eletronico,RENDIMENTO POUPANCA
TRX000277,CT-00948,30/03/2026 17:51,BOLETO,"R$ 1.539,12",Internet Banking,POSTO SHELL BR
TRX001512,CT-00264,24-04-2026,DEPOSITO,,ATM,PIX QR CODE
TRX000444,CT-00233,02/06/2026 08:10,BOLETO,"182,62",,SUPERMERCADO BOM PRECO
TRX000131,CT-00032,25-abr-2026,pagto,"R$ 164,28",AGENCIA,UBER *TRIP
TRX000887,CT-00100,2025-12-20 10:54,Saque,"210,05",Aplicativo,  PADARIA DO ZE  
TRX000993,CT-00029,20/09/2025 06:20,Pix,5855.06,Agência,FOLHA PAGAMENTO
TRX000368,CT-01040,02/10/2025 06:05,boleto,R$ 3828.38,agencia,TRANSF ENTRE CONTAS
TRX001195,CT-00888,2025-08-12 02:20,debito cartao,R$ 1588.66,caixa eletronico,PIX QR CODE
TRX001505,CT-00073,02/06/2026 10:30,pix,"R$ 291,97",Internet Banking,NETFLIX.COM
TRX001303,CT-00455,2026-01-31 10:22,DOC,"-283,97",Aplicativo,PAG*MercadoLivre
TRX001858,CT-00752,28/09/2025 19:19,pagto,0,caixa eletronico,PIX QR CODE
TRX000322,CT-00986,2025-09-15,Depósito,R$ 1087.13,IB,AMAZON MKTPLACE
TRX001711,CT-00784,20/11/2025 13:30,Débito Cartão,"5.179,08",ATM,TARIFA PACOTE SERVICOS
TRX000390,CT-00152,01/10/2025 14:57,boleto,"218,94",Agência,PAG*MercadoLivre
TRX001807,CT-00178,2025-09-08 17:50,PIX,594.34,IB,FOLHA PAGAMENTO
TRX001546,CT-00271,2026-04-14,ted,"R$ 254,13",AGENCIA,UBER *TRIP
TRX001503,CT-00196,11/01/2026,debito cartao,"291,66",internet banking,  PADARIA DO ZE  
TRX000664,CT-00474,18/03/2026 01:25,saque,"85,79",IB,AMAZON MKTPLACE
TRX001006,CT-00765,11/05/2026,Compra Débito,"R$ 517,49",APP,RENDIMENTO POUPANCA
TRX001775,CT-00857,22/01/2026 04:48,Depósito,"2109,80",internet banking,FOLHA PAGAMENTO
TRX001111,CT-00251,09/02/2026,Boleto,"R$ 1.569,26",agencia,FOLHA PAGAMENTO
TRX000742,CT-00257,12/12/2025 22:35,BOLETO,"-1.395,02",Caixa Eletrônico,FOLHA PAGAMENTO
TRX000135,CT-00080,18/02/2026 15:50,Débito Cartão,"3.938,35",Internet Banking,TARIFA PACOTE SERVICOS
TRX000711,CT-00435,01/06/26 20:49,DOC,"29,74",IB,SUPERMERCADO BOM PRECO
TRX001523,CT-00342,03/05/2026,Compra Débito,R$ 4887.67,app,UBER *TRIP
TRX000482,CT-00136,18/02/26 14:18,PIX,142.21,ATM,  PADARIA DO ZE  
TRX001763,CT-00517,19/05/2026,DOC,"-45.262,64",Internet Banking,  PADARIA DO ZE  
TRX001771,CT-00008,27/11/25 18:39,PIX,"R$ 1.879,03",app,FARMACIA SAO JOAO
TRX000866,CT-00271,18-mai-2026,Depósito,9363.16,ATM,FOLHA PAGAMENTO
TRX000317,CT-00700,14/08/2025,boleto,"R$ 191,06",,UBER *TRIP
TRX000567,CT-00083,27/04/26 00:29,BOLETO,"212,03",APP,FOLHA PAGAMENTO
TRX001889,CT-00399,03/10/25 01:37,boleto,22.46,,FOLHA PAGAMENTO
TRX000826,CT-00920,09/07/2026 20:17,ted,"-1.854,79",caixa eletronico,AMAZON MKTPLACE
TRX001669,CT-00782,28/03/2026,pagto,583.71,Caixa Eletrônico,IFOOD *IFOOD
TRX000152,CT-00158,16-03-2026,deposito,125.46,AGENCIA,IFOOD *IFOOD
TRX001109,CT-00503,08/12/2025,ted,"87,00",Caixa Eletrônico,IFOOD *IFOOD
TRX001223,CT-00562,18/08/2025 02:55,ted,N/A,,POSTO SHELL BR
TRX001718,CT-00097,10/05/2026 18:09,Depósito,214.70,ATM,UBER *TRIP
TRX000217,CT-00794,17/11/2025 02:03,Pagamento,"245,41",caixa eletronico,RENDIMENTO POUPANCA
TRX001273,CT-00788,14/08/2026,BOLETO,"86,27",Agência,NETFLIX.COM
TRX000161,CT-00710,2026-06-29 13:33,TED,"R$ 13.133,01",,UBER *TRIP
TRX000365,CT-00018,17/02/2026,pagto,R$ 111.90,Aplicativo,PIX QR CODE
TRX001001,CT-00500,19-03-2026,deposito,"96,48",Caixa Eletrônico,FOLHA PAGAMENTO
TRX000611,CT-00853,12/01/2026 10:08,boleto,184.03,,
TRX000783,CT-00196,22/04/2026,Débito Cartão,278.95,AGENCIA,FOLHA PAGAMENTO
TRX000666,CT-00135,12-01-2026 20:32,boleto,"43,79",AGENCIA,PAG*MercadoLivre
TRX001267,CT-00944,27-04-2026 11:52,PIX,"293,83",agencia,PIX QR CODE
